1560025110206326272,0.00859,-0.21113,0.00025,0.70022,0.71391,0.00467,0.00308,0.02130,-0.34725,0.01901,
1560025110306326272,0.00519,-0.26571,-0.00571,0.69900,0.71509,0.00460,0.00416,-0.00496,-0.46057,-0.02287,
1560025110406327040,0.00625,-0.31558,-0.00526,0.69929,0.71483,0.00361,0.00295,0.00120,-0.44295,0.00132,
1560025110506327040,0.00830,-0.37147,-0.00452,0.69835,0.71575,0.00259,0.00178,0.00434,-0.45579,0.00337,
1560025110606327040,0.01442,-0.42363,-0.00127,0.69929,0.71484,0.00289,0.00055,0.02724,-0.48110,0.00501,
1560025110706261760,0.02001,-0.47534,-0.00213,0.69907,0.71505,0.00340,-0.00065,0.04747,-0.49444,-0.01435,
1560025110806262016,0.01975,-0.53049,-0.00231,0.69877,0.71534,0.00303,-0.00037,-0.00488,-0.45584,0.00852,
1560025110906262272,0.02233,-0.58447,-0.00245,0.69835,0.71575,0.00395,0.00012,0.02521,-0.44237,0.00811,
1560025111006262528,0.02429,-0.63031,-0.00237,0.69841,0.71568,0.00480,0.00120,0.01519,-0.44675,-0.00463,
1560025111106262784,0.02330,-0.67936,-0.00474,0.69702,0.71702,0.00502,0.00414,0.04264,-0.45547,-0.00020,
1560025111206246400,0.02587,-0.71655,-0.00307,0.69844,0.71562,0.00728,0.00525,0.02011,-0.48223,-0.01454,
1560025111306246400,0.02691,-0.76100,-0.00184,0.69808,0.71595,0.00836,0.00624,0.04462,-0.43870,0.01360,
1560025111406246656,0.02859,-0.80632,-0.00246,0.69848,0.71555,0.00894,0.00586,0.01713,-0.49509,-0.00529,
1560025111506246912,0.02876,-0.85135,-0.00186,0.69970,0.71436,0.00866,0.00549,0.00773,-0.43954,0.02746,
1560025111606247168,0.02946,-0.90266,-0.00206,0.69998,0.71410,0.00780,0.00440,0.01014,-0.53143,-0.00387,
1560025111706240256,0.03191,-0.95542,-0.00155,0.70057,0.71355,0.00673,0.00250,0.01118,-0.56371,-0.00914,
1560025111806240512,0.03211,-1.01100,-0.00184,0.70056,0.71357,0.00570,0.00157,0.00900,-0.55917,0.00015,
1560025111906240768,0.03352,-1.06853,-0.00167,0.70065,0.71349,0.00505,0.00087,-0.00010,-0.57436,0.00732,
1560025112006241024,0.03382,-1.12830,-0.00141,0.70079,0.71335,0.00468,0.00141,0.02388,-0.61864,-0.00542,
1560025112106241280,0.03587,-1.18915,-0.00115,0.70128,0.71286,0.00536,0.00164,0.02788,-0.63428,-0.00337,
1560025112206290944,0.03755,-1.25112,-0.00127,0.70140,0.71275,0.00566,0.00165,0.01785,-0.62501,0.00157,
1560025112306291456,0.03845,-1.31372,-0.00168,0.70158,0.71256,0.00572,0.00201,0.01054,-0.63909,-0.00221,
1560025112406291456,0.03984,-1.37732,-0.00080,0.70184,0.71231,0.00588,0.00267,0.01251,-0.63486,0.00070,
1560025112506291968,0.04265,-1.44061,-0.00086,0.70171,0.71243,0.00597,0.00209,0.03116,-0.63724,-0.00357,
1560025112606291712,0.04421,-1.50317,-0.00082,0.70172,0.71243,0.00543,0.00129,0.00996,-0.64518,-0.00775,
1560025112706252032,0.04760,-1.56364,-0.00140,0.70171,0.71244,0.00517,-0.00058,0.03267,-0.63439,-0.01196,
1560025112806252544,0.04753,-1.62512,-0.00208,0.70115,0.71300,0.00351,-0.00274,-0.00627,-0.62607,-0.00874,
1560025112906252288,0.04646,-1.68568,-0.00255,0.70159,0.71256,0.00101,-0.00545,-0.02883,-0.62910,-0.00407,
1560025113006252800,0.04135,-1.74836,-0.00175,0.70138,0.71274,-0.00270,-0.00712,-0.04993,-0.61194,0.00131,
1560025113106253056,0.03695,-1.81083,-0.00073,0.70133,0.71273,-0.00652,-0.01033,-0.03912,-0.60466,0.00632,
1560025113206240000,0.03353,-1.87067,0.00127,0.70227,0.71169,-0.01057,-0.01454,-0.03892,-0.61409,-0.00158,
1560025113306240000,0.02748,-1.92958,0.00148,0.70290,0.71087,-0.01545,-0.01889,-0.06030,-0.57664,0.01584,
1560025113406240256,0.02307,-1.98756,0.00160,0.70344,0.71007,-0.01976,-0.02396,-0.04894,-0.58296,0.00688,
1560025113506240256,0.01593,-2.04593,0.00059,0.70430,0.70888,-0.02469,-0.02909,-0.09758,-0.59952,-0.00164,
1560025113606240768,0.00861,-2.10596,0.00006,0.70417,0.70851,-0.03042,-0.03507,-0.09647,-0.59646,-0.00224,
1560025113706225152,-0.00130,-2.16498,-0.00121,0.70346,0.70851,-0.03737,-0.04192,-0.10988,-0.59241,-0.00577,
1560025113806225408,-0.01473,-2.22152,-0.00185,0.70284,0.70796,-0.04654,-0.05135,-0.16021,-0.56583,-0.00483,
1560025113906225664,-0.03268,-2.27626,-0.00177,0.70200,0.70688,-0.05878,-0.06373,-0.21379,-0.54022,-0.00042,
1560025114006225664,-0.05532,-2.32944,-0.00158,0.70095,0.70483,-0.07426,-0.07982,-0.25272,-0.52923,-0.00373,
1560025114106225664,-0.08450,-2.37910,-0.00035,0.69901,0.70192,-0.09385,-0.09938,-0.31557,-0.51381,-0.00409,
1560025114206220032,-0.11867,-2.42771,0.00098,0.69587,0.69828,-0.11609,-0.12122,-0.36127,-0.46273,0.00930,
1560025114306220544,-0.15721,-2.47388,0.00100,0.69144,0.69400,-0.13970,-0.14411,-0.39075,-0.44784,-0.00200,
1560025114406220800,-0.19860,-2.52091,-0.00088,0.68546,0.68971,-0.16362,-0.16636,-0.42684,-0.43410,-0.00887,
1560025114506221056,-0.24095,-2.56716,-0.00420,0.67822,0.68552,-0.18706,-0.18731,-0.42377,-0.40351,-0.00314,
1560025114606221056,-0.27981,-2.61372,-0.00855,0.66980,0.68114,-0.20990,-0.20821,-0.45902,-0.37122,-0.00804,
1560025114706146048,-0.32222,-2.65584,-0.01189,0.66110,0.67580,-0.23267,-0.22828,-0.45762,-0.39814,-0.01882,
1560025114806146048,-0.36715,-2.69416,-0.01409,0.65347,0.66914,-0.25318,-0.24724,-0.50005,-0.34258,-0.01403,
1560025114906146304,-0.41109,-2.72839,-0.01534,0.64671,0.66192,-0.27095,-0.26497,-0.47149,-0.35675,-0.01717,
1560025115006146304,-0.45668,-2.75812,-0.01515,0.64056,0.65493,-0.28598,-0.28102,-0.47399,-0.34284,-0.01833,
1560025115106146816,-0.50280,-2.79067,-0.01516,0.63456,0.64925,-0.29896,-0.29398,-0.46192,-0.32336,-0.00823,
1560025115206089216,-0.55009,-2.81794,-0.01391,0.63001,0.64402,-0.30945,-0.30426,-0.42637,-0.29927,0.00575,
1560025115306089472,-0.59876,-2.84608,-0.01290,0.62673,0.63847,-0.31771,-0.31406,-0.45380,-0.32390,-0.01098,
1560025115406089728,-0.64583,-2.87705,-0.01392,0.62281,0.63504,-0.32466,-0.32161,-0.45318,-0.29813,-0.00487,
1560025115506090240,-0.69763,-2.90628,-0.01465,0.61996,0.63166,-0.33112,-0.32713,-0.45882,-0.29634,-0.00637,
1560025115606090240,-0.74748,-2.93559,-0.01495,0.61739,0.62866,-0.33638,-0.33236,-0.46421,-0.27670,0.00031,
1560025115706173440,-0.79793,-2.96489,-0.01407,0.61565,0.62573,-0.34069,-0.33670,-0.45688,-0.28975,-0.00051,
1560025115806173440,-0.84571,-2.99310,-0.01377,0.61433,0.62340,-0.34410,-0.33994,-0.47331,-0.26958,-0.00308,
1560025115906173440,-0.88998,-3.02064,-0.01356,0.61375,0.62206,-0.34565,-0.34188,-0.44559,-0.29001,-0.00531,
1560025116006174208,-0.93314,-3.04978,-0.01388,0.61385,0.62194,-0.34579,-0.34176,-0.43223,-0.29316,-0.00379,
1560025116106174208,-0.97446,-3.07840,-0.01387,0.61545,0.62281,-0.34382,-0.33928,-0.40818,-0.32324,-0.00420,
1560025116206116864,-1.01195,-3.11141,-0.01424,0.61773,0.62534,-0.33880,-0.33552,-0.38768,-0.34503,-0.00341,
1560025116306117376,-1.04875,-3.14718,-0.01412,0.62088,0.62952,-0.33174,-0.32887,-0.36340,-0.37874,0.00100,
1560025116406117376,-1.08392,-3.18330,-0.01425,0.62553,0.63424,-0.32263,-0.31995,-0.35676,-0.39206,-0.00674,
1560025116506117632,-1.11767,-3.22233,-0.01399,0.63095,0.63950,-0.31190,-0.30931,-0.32242,-0.39951,-0.00131,
1560025116606117632,-1.14846,-3.26148,-0.01381,0.63671,0.64564,-0.29999,-0.29623,-0.29228,-0.41685,-0.00100,
1560025116706099712,-1.17483,-3.30215,-0.01318,0.64308,0.65154,-0.28617,-0.28292,-0.26752,-0.40622,0.00599,
1560025116806100480,-1.19911,-3.34288,-0.01391,0.64941,0.65732,-0.27260,-0.26812,-0.23679,-0.43413,-0.00138,
1560025116906100480,-1.22314,-3.38708,-0.01356,0.65498,0.66294,-0.25865,-0.25417,-0.22471,-0.43508,0.00868,
1560025117006100736,-1.24686,-3.43221,-0.01264,0.66046,0.66754,-0.24493,-0.24123,-0.22478,-0.47235,-0.00100,
1560025117106100736,-1.27097,-3.47884,-0.01195,0.66520,0.67231,-0.23174,-0.22758,-0.22585,-0.48341,0.00279,
1560025117206051584,-1.29313,-3.52824,-0.01160,0.66966,0.67713,-0.21824,-0.21311,-0.20878,-0.50530,0.00793,
1560025117306051840,-1.31349,-3.58049,-0.01133,0.67368,0.68197,-0.20411,-0.19850,-0.18766,-0.51449,0.01201,
1560025117406052096,-1.33177,-3.63436,-0.01062,0.67800,0.68596,-0.18929,-0.18423,-0.17425,-0.53277,0.00407,
1560025117506052352,-1.34727,-3.68722,-0.00920,0.68242,0.68936,-0.17429,-0.16945,-0.13121,-0.52908,0.01261,
1560025117606052352,-1.35980,-3.74145,-0.00858,0.68588,0.69281,-0.15941,-0.15544,-0.12774,-0.53372,0.01023,
1560025117706009856,-1.37251,-3.79508,-0.00785,0.68882,0.69575,-0.14620,-0.14175,-0.11839,-0.54334,0.01134,
1560025117806010112,-1.38337,-3.85020,-0.00756,0.69156,0.69821,-0.13286,-0.12881,-0.09656,-0.55281,0.01413,
1560025117906010112,-1.39137,-3.90687,-0.00737,0.69389,0.70056,-0.11943,-0.11605,-0.09747,-0.59092,-0.00128,
1560025118006010880,-1.39618,-3.96313,-0.00677,0.69598,0.70261,-0.10615,-0.10336,-0.06406,-0.59691,0.00208,
1560025118106010624,-1.39928,-4.02155,-0.00686,0.69748,0.70471,-0.09298,-0.09090,-0.03164,-0.58579,0.01069,
1560025118205923584,-1.40186,-4.08182,-0.00657,0.69871,0.70633,-0.08079,-0.07978,-0.02672,-0.61500,0.00065,
1560025118305923840,-1.40582,-4.14353,-0.00620,0.69955,0.70762,-0.07078,-0.07000,-0.04468,-0.61730,0.00506,
1560025118405923840,-1.41001,-4.20741,-0.00608,0.69987,0.70870,-0.06323,-0.06267,-0.06202,-0.64679,0.00181,
1560025118505924096,-1.41554,-4.27193,-0.00575,0.70048,0.70891,-0.05837,-0.05802,-0.06912,-0.66822,-0.00264,
1560025118605924352,-1.42166,-4.33899,-0.00595,0.70056,0.70924,-0.05568,-0.05563,-0.08032,-0.67903,-0.00747,
1560025118705926912,-1.42965,-4.40652,-0.00680,0.70009,0.70995,-0.05413,-0.05390,-0.08114,-0.68428,-0.00714,
1560025118805927168,-1.43644,-4.47434,-0.00644,0.70022,0.71004,-0.05262,-0.05261,-0.08663,-0.66219,0.00486,
1560025118905927424,-1.44522,-4.54223,-0.00699,0.70025,0.71022,-0.05155,-0.05089,-0.06645,-0.66702,0.00138,
1560025119005927680,-1.45089,-4.61162,-0.00832,0.70009,0.71048,-0.05008,-0.05082,-0.06074,-0.69559,-0.00664,
1560025119105927680,-1.45795,-4.68108,-0.00950,0.70028,0.71044,-0.04908,-0.04969,-0.10023,-0.69926,-0.00899,
1560025119205924608,-1.46503,-4.75172,-0.01072,0.70090,0.71011,-0.04756,-0.04723,-0.06397,-0.71596,-0.01429,
1560025119305924864,-1.47094,-4.82205,-0.01238,0.70127,0.71004,-0.04537,-0.04480,-0.07449,-0.70656,-0.01156,
1560025119405925120,-1.47693,-4.89451,-0.01326,0.70117,0.71044,-0.04302,-0.04220,-0.05799,-0.71757,-0.01135,
1560025119505924864,-1.48286,-4.96637,-0.01362,0.70118,0.71079,-0.04043,-0.03863,-0.05998,-0.70557,-0.00725,
1560025119605925376,-1.48799,-5.03720,-0.01377,0.70095,0.71126,-0.03851,-0.03596,-0.06811,-0.70658,-0.00275,
1560025119705959680,-1.49177,-5.10889,-0.01240,0.70153,0.71093,-0.03599,-0.03373,-0.02387,-0.73290,-0.00302,
1560025119805959936,-1.49450,-5.17936,-0.01141,0.70199,0.71076,-0.03303,-0.03061,-0.03633,-0.72489,0.00165,
1560025119905960448,-1.49392,-5.24976,-0.01148,0.70225,0.71081,-0.02921,-0.02739,-0.02241,-0.71866,0.00234,
1560025120005960448,-1.49469,-5.31990,-0.01183,0.70255,0.71075,-0.02599,-0.02389,-0.01853,-0.71383,0.00173,
1560025120105960704,-1.49482,-5.39053,-0.01152,0.70283,0.71068,-0.02270,-0.02092,0.00123,-0.71755,0.00014,
1560025120205859840,-1.49332,-5.46235,-0.01115,0.70263,0.71107,-0.01875,-0.01829,0.00943,-0.72623,0.00117,
1560025120305860096,-1.49330,-5.53654,-0.01081,0.70241,0.71144,-0.01562,-0.01540,0.01132,-0.74218,-0.00059,
1560025120405860352,-1.49019,-5.61012,-0.01089,0.70254,0.71147,-0.01132,-0.01142,0.02558,-0.75181,0.00158,
1560025120505860608,-1.48592,-5.68509,-0.01095,0.70233,0.71180,-0.00594,-0.00617,0.04312,-0.76887,-0.00820,
1560025120605860608,-1.47937,-5.76042,-0.01085,0.70210,0.71207,-0.00055,-0.00186,0.06637,-0.75716,-0.00250,
1560025120739236864,-1.47186,-5.86080,-0.01005,0.70239,0.71176,0.00587,0.00435,0.06653,-0.76349,-0.00606,
1560025120805903616,-1.46597,-5.91252,-0.00981,0.70179,0.71227,0.00978,0.00772,0.07422,-0.74735,0.00873,
1560025120905903872,-1.45750,-5.98730,-0.00928,0.70216,0.71167,0.01641,0.01502,0.12020,-0.76376,-0.00075,
1560025121005903872,-1.44482,-6.06080,-0.00865,0.70205,0.71132,0.02466,0.02307,0.11930,-0.73895,0.00816,
1560025121105904128,-1.43204,-6.13093,-0.00861,0.70243,0.71026,0.03298,0.03208,0.14004,-0.71427,0.00552,
1560025121205823232,-1.41760,-6.19814,-0.00855,0.70199,0.70983,0.04126,0.04047,0.15490,-0.68177,0.00267,
1560025121305823232,-1.40259,-6.26002,-0.00795,0.70167,0.70916,0.04918,0.04830,0.15499,-0.63269,0.00228,
1560025121439156992,-1.38109,-6.33656,-0.00787,0.70080,0.70837,0.06006,0.05896,0.17232,-0.56749,0.00078,
1560025121505823488,-1.36876,-6.36885,-0.00888,0.70021,0.70798,0.06597,0.06412,0.19525,-0.53022,-0.00116,
1560025121605824000,-1.34892,-6.41551,-0.01011,0.69921,0.70729,0.07515,0.07211,0.19731,-0.50544,-0.00076,
1560025121705796096,-1.32934,-6.46364,-0.01039,0.69826,0.70641,0.08370,0.08009,0.20154,-0.47819,-0.00368,
1560025121805796096,-1.31023,-6.51134,-0.01051,0.69725,0.70537,0.09214,0.08834,0.19025,-0.45421,-0.00163,
1560025121905796352,-1.28823,-6.55645,-0.01073,0.69545,0.70449,0.10234,0.09787,0.23192,-0.41830,-0.00110,
1560025122005796608,-1.26680,-6.59742,-0.01084,0.69378,0.70297,0.11277,0.10853,0.21159,-0.39353,0.00085,
1560025122105796608,-1.24426,-6.63405,-0.01104,0.69208,0.70101,0.12359,0.11974,0.22812,-0.35475,-0.00223,
1560025122205774848,-1.22026,-6.66673,-0.01162,0.68943,0.69943,0.13513,0.13119,0.23597,-0.32270,-0.00570,
1560025122305774848,-1.19709,-6.69709,-0.01304,0.68676,0.69769,0.14636,0.14202,0.22587,-0.28834,-0.00684,
1560025122405775104,-1.17584,-6.72294,-0.01413,0.68453,0.69559,0.15650,0.15195,0.20984,-0.25153,-0.00890,
1560025122505775360,-1.15674,-6.74567,-0.01502,0.68210,0.69351,0.16604,0.16194,0.19631,-0.21495,-0.00346,
1560025122605775616,-1.13763,-6.76563,-0.01562,0.67958,0.69116,0.17577,0.17196,0.19555,-0.19965,-0.00438,
1560025122705796864,-1.11838,-6.78478,-0.01533,0.67699,0.68886,0.18500,0.18150,0.19398,-0.18448,0.00001,
1560025122805797120,-1.09986,-6.80252,-0.01535,0.67463,0.68664,0.19336,0.18975,0.19113,-0.17931,-0.00194,
1560025122905797120,-1.08130,-6.81843,-0.01492,0.67266,0.68432,0.20111,0.19695,0.19913,-0.16710,-0.00118,
1560025123005797376,-1.06228,-6.83529,-0.01449,0.67063,0.68252,0.20818,0.20268,0.20894,-0.17945,-0.00344,
1560025123105797632,-1.04319,-6.85455,-0.01448,0.66922,0.68094,0.21363,0.20695,0.18701,-0.20482,0.00582,
1560025123205817600,-1.02532,-6.87698,-0.01418,0.66815,0.67934,0.21771,0.21136,0.19344,-0.22194,0.00698,
1560025123305817856,-1.00826,-6.90080,-0.01410,0.66723,0.67774,0.22141,0.21554,0.21119,-0.25451,0.00234,
1560025123405818112,-0.98755,-6.92657,-0.01269,0.66704,0.67630,0.22370,0.21827,0.20519,-0.27548,0.01328,
1560025123505818368,-0.96554,-6.95689,-0.01339,0.66718,0.67545,0.22451,0.21961,0.23582,-0.31250,0.00009,
1560025123639151872,-0.93278,-7.00085,-0.01339,0.66808,0.67568,0.22344,0.21725,0.23360,-0.36678,0.00042,
1560025123739161088,-0.90735,-7.03822,-0.01301,0.66922,0.67613,0.22068,0.21514,0.24757,-0.38183,0.00292,
1560025123839161344,-0.88037,-7.07579,-0.01345,0.66958,0.67672,0.21930,0.21358,0.28793,-0.38405,-0.00197,
1560025123905828352,-0.86145,-7.10144,-0.01441,0.66979,0.67693,0.21889,0.21268,0.28452,-0.40850,-0.00433,
1560025124005828352,-0.83280,-7.14234,-0.01468,0.66994,0.67666,0.21860,0.21334,0.31009,-0.42894,-0.00653,
1560025124105828608,-0.80077,-7.18548,-0.01471,0.66918,0.67678,0.21947,0.21448,0.32421,-0.42862,0.00367,
1560025124205830912,-0.76734,-7.23128,-0.01546,0.66858,0.67679,0.22019,0.21560,0.34085,-0.46546,-0.00610,
1560025124305830656,-0.73264,-7.27881,-0.01595,0.66832,0.67712,0.21998,0.21555,0.35686,-0.48547,-0.00841,
1560025124405831168,-0.69576,-7.32743,-0.01622,0.66819,0.67767,0.21937,0.21487,0.35970,-0.49456,-0.00611,
1560025124505831424,-0.66082,-7.37747,-0.01644,0.66794,0.67825,0.21823,0.21497,0.35854,-0.51367,-0.00937,
1560025124605831936,-0.62510,-7.42830,-0.01575,0.66774,0.67873,0.21753,0.21478,0.36190,-0.51868,-0.00401,
1560025124705723136,-0.58878,-7.48065,-0.01537,0.66753,0.67914,0.21705,0.21463,0.38580,-0.51431,0.00218,
1560025124805723392,-0.55057,-7.53526,-0.01560,0.66777,0.67924,0.21654,0.21406,0.39603,-0.54820,-0.00522,
1560025124905723648,-0.51232,-7.59176,-0.01622,0.66780,0.67993,0.21530,0.21302,0.40070,-0.56733,-0.00181,
1560025125005723904,-0.47414,-7.65042,-0.01722,0.66855,0.68047,0.21311,0.21116,0.39592,-0.61739,-0.01123,
1560025125105723904,-0.43435,-7.71116,-0.01809,0.66901,0.68131,0.21094,0.20914,0.41573,-0.60266,-0.01096,
1560025125239010560,-0.37863,-7.79146,-0.01956,0.66894,0.68224,0.20986,0.20741,0.42593,-0.60792,-0.01237,
1560025125305677056,-0.34799,-7.83187,-0.02076,0.66799,0.68251,0.21113,0.20832,0.46227,-0.60133,-0.01752,
1560025125405677568,-0.29986,-7.88499,-0.02090,0.66682,0.68071,0.21666,0.21222,0.50431,-0.56228,-0.01476,
1560025125505677824,-0.25118,-7.93252,-0.02011,0.66482,0.67779,0.22511,0.21895,0.52950,-0.48471,0.00680,
1560025125605678080,-0.19909,-7.97766,-0.01963,0.66215,0.67372,0.23577,0.22818,0.51987,-0.49367,0.01431,
1560025125705681920,-0.14754,-8.02170,-0.01860,0.65861,0.66806,0.24780,0.24191,0.58961,-0.44615,-0.00009,
1560025125805682176,-0.09224,-8.06216,-0.01878,0.65370,0.66169,0.26233,0.25695,0.58047,-0.40873,0.00984,
1560025125905682432,-0.03286,-8.09964,-0.01796,0.64773,0.65434,0.27849,0.27338,0.62102,-0.38264,-0.00218,
1560025126005682688,0.02807,-8.13545,-0.01678,0.64093,0.64636,0.29512,0.29040,0.63335,-0.35132,-0.00597,
1560025126105682688,0.08996,-8.16922,-0.01675,0.63181,0.63915,0.31213,0.30803,0.62186,-0.30824,0.00363,
1560025126205616384,0.15535,-8.19979,-0.01637,0.62209,0.63095,0.32967,0.32592,0.66112,-0.25093,0.00644,
1560025126305616640,0.22381,-8.22531,-0.01574,0.61306,0.62140,0.34709,0.34287,0.68607,-0.22591,0.00113,
1560025126405616640,0.29219,-8.24762,-0.01589,0.60398,0.61144,0.36358,0.35939,0.69847,-0.20138,-0.00080,
1560025126505616896,0.36037,-8.26522,-0.01569,0.59416,0.60161,0.37961,0.37543,0.70009,-0.16796,0.00111,
1560025126605617408,0.42960,-8.28035,-0.01594,0.58393,0.59217,0.39501,0.39030,0.69979,-0.14408,0.00453,
1560025126705654272,0.50106,-8.29593,-0.01568,0.57531,0.58367,0.40759,0.40278,0.71471,-0.16074,0.00441,
1560025126805654272,0.57271,-8.31377,-0.01618,0.56910,0.57767,0.41602,0.41151,0.74868,-0.17228,-0.00838,
1560025126905654272,0.64494,-8.33028,-0.01683,0.56496,0.57330,0.42193,0.41728,0.75629,-0.16945,-0.00470,
1560025127005654528,0.71583,-8.34881,-0.01717,0.56166,0.57019,0.42569,0.42215,0.72251,-0.19547,-0.00158,
1560025127105654784,0.78907,-8.36483,-0.01822,0.55871,0.56776,0.42956,0.42541,0.70541,-0.15966,0.00612,
1560025127205686528,0.86085,-8.38267,-0.01872,0.55725,0.56615,0.43124,0.42776,0.70427,-0.18934,-0.00351,
1560025127305686784,0.93211,-8.40072,-0.01948,0.55794,0.56648,0.43065,0.42702,0.70663,-0.20232,-0.00926,
1560025127405686784,1.00188,-8.42225,-0.02035,0.56055,0.56937,0.42760,0.42280,0.66509,-0.23174,0.00500,
1560025127505687040,1.07024,-8.44812,-0.02125,0.56579,0.57420,0.42097,0.41589,0.66380,-0.28197,-0.00580,
1560025127605687040,1.13325,-8.47813,-0.02217,0.57235,0.58076,0.41167,0.40702,0.65169,-0.31935,-0.01775,
1560025127705598720,1.19421,-8.51152,-0.02346,0.57987,0.58880,0.40050,0.39580,0.59253,-0.36194,-0.00576,
1560025127805599232,1.25261,-8.54826,-0.02394,0.58811,0.59745,0.38771,0.38322,0.56721,-0.37136,-0.00579,
1560025127905599488,1.30718,-8.58700,-0.02431,0.59708,0.60635,0.37364,0.36909,0.54202,-0.40218,-0.01063,
1560025128005599744,1.35763,-8.62836,-0.02487,0.60626,0.61596,0.35847,0.35291,0.49666,-0.43963,-0.01009,
1560025128105600000,1.40328,-8.67216,-0.02550,0.61619,0.62567,0.34107,0.33543,0.45263,-0.46895,-0.01546,
1560025128205533440,1.44561,-8.72030,-0.02611,0.62588,0.63578,0.32209,0.31672,0.39782,-0.49339,-0.00564,
1560025128305533696,1.48149,-8.76874,-0.02598,0.63632,0.64507,0.30185,0.29643,0.36459,-0.49737,-0.00729,
1560025128405533952,1.51203,-8.82043,-0.02535,0.64642,0.65484,0.27941,0.27432,0.27473,-0.53957,0.00607,
1560025128505534208,1.53666,-8.87583,-0.02425,0.65685,0.66463,0.25385,0.24975,0.22439,-0.55785,0.01053,
1560025128605533952,1.55710,-8.93418,-0.02295,0.66661,0.67441,0.22625,0.22274,0.16467,-0.58728,0.00868,
1560025128738863872,1.57669,-9.01250,-0.02172,0.67838,0.68536,0.18856,0.18580,0.11316,-0.58497,-0.00121,
1560025128805530880,1.58571,-9.05303,-0.02187,0.68247,0.69053,0.17079,0.16800,0.09657,-0.59141,-0.00911,
1560025128905531136,1.59588,-9.11053,-0.02179,0.68808,0.69641,0.14561,0.14269,0.04485,-0.57085,-0.00463,
1560025129005531392,1.59881,-9.16640,-0.02175,0.69248,0.70112,0.12098,0.11947,0.01639,-0.54272,-0.00031,
1560025129105531392,1.59859,-9.22099,-0.02265,0.69542,0.70555,0.09712,0.09570,-0.00680,-0.54118,-0.00424,
1560025129205463040,1.59400,-9.27335,-0.02311,0.69802,0.70845,0.07412,0.07331,-0.04037,-0.54915,-0.00901,
1560025129305463040,1.58867,-9.32676,-0.02343,0.69899,0.71130,0.05271,0.05186,-0.05514,-0.52141,0.00071,
1560025129405463552,1.58198,-9.37917,-0.02337,0.69961,0.71298,0.03345,0.03298,-0.07020,-0.51278,0.00428,
1560025129505463552,1.57478,-9.42918,-0.02256,0.70031,0.71341,0.01732,0.01743,-0.06299,-0.51337,0.00013,
1560025129605464064,1.56767,-9.47875,-0.02232,0.70058,0.71355,0.00419,0.00428,-0.06133,-0.50667,0.00215,
1560025129705470720,1.56009,-9.53058,-0.02166,0.70059,0.71349,-0.00721,-0.00724,-0.06440,-0.50665,0.01053,
1560025129805470976,1.55197,-9.58416,-0.02109,0.70061,0.71310,-0.01711,-0.01846,-0.05443,-0.53445,0.00075,
1560025129905470976,1.54290,-9.63687,-0.02066,0.70047,0.71270,-0.02547,-0.02720,-0.09624,-0.52148,0.00834,
1560025130005471488,1.53597,-9.69042,-0.02034,0.70025,0.71248,-0.03086,-0.03271,-0.05047,-0.55700,-0.00526,
1560025130105471488,1.52858,-9.74362,-0.01890,0.70067,0.71179,-0.03425,-0.03521,-0.08610,-0.54334,0.00749,
1560025130205496832,1.52446,-9.79886,-0.01854,0.70064,0.71184,-0.03431,-0.03479,-0.00875,-0.53977,0.01081,
1560025130305497088,1.52128,-9.85476,-0.01798,0.70109,0.71158,-0.03283,-0.03234,-0.02763,-0.56908,-0.00115,
1560025130405497088,1.51900,-9.91408,-0.01892,0.70032,0.71274,-0.02885,-0.02682,0.01007,-0.59710,-0.00925,
1560025130538830848,1.52938,-9.98621,-0.01863,0.70065,0.71311,-0.01673,-0.01706,0.08102,-0.46808,0.02297,
1560025130605497600,1.53703,-10.01660,-0.01772,0.70216,0.71195,-0.00725,-0.00684,0.12902,-0.51480,-0.00356,
1560025130705444608,1.55094,-10.06578,-0.01775,0.70218,0.71190,0.00826,0.00845,0.15140,-0.45740,0.01330,
1560025130805444608,1.56190,-10.11253,-0.01904,0.70162,0.71203,0.01968,0.01884,0.12105,-0.44974,-0.00467,
1560025130905444864,1.57186,-10.15415,-0.01871,0.70105,0.71191,0.02966,0.02867,0.13678,-0.42250,0.00116,
1560025131005445120,1.58409,-10.19116,-0.01913,0.70061,0.71137,0.04022,0.03842,0.12764,-0.40134,0.00032,
1560025131105445376,1.59605,-10.22426,-0.01839,0.70043,0.71044,0.04936,0.04728,0.12962,-0.36953,0.00438,
1560025131205498368,1.60721,-10.25774,-0.01863,0.69970,0.70994,0.05777,0.05544,0.13030,-0.35593,-0.00012,
1560025131305498880,1.61998,-10.29153,-0.01877,0.69882,0.70949,0.06567,0.06293,0.13189,-0.34101,-0.00117,
1560025131405498880,1.63194,-10.32562,-0.01845,0.69809,0.70880,0.07298,0.07038,0.12775,-0.32042,0.00626,
1560025131505499136,1.64417,-10.35737,-0.01894,0.69766,0.70779,0.07967,0.07723,0.12685,-0.33308,-0.00462,
1560025131605499392,1.65510,-10.38816,-0.01898,0.69724,0.70682,0.08537,0.08348,0.12138,-0.31734,-0.00197,
1560025131705461760,1.66582,-10.41772,-0.01928,0.69675,0.70607,0.09020,0.08868,0.11506,-0.29216,0.00594,
1560025131805461760,1.67940,-10.44720,-0.01883,0.69600,0.70548,0.09517,0.09391,0.11863,-0.29139,0.00464,
1560025131905462016,1.69239,-10.47682,-0.01892,0.69523,0.70469,0.10062,0.09973,0.13191,-0.27925,0.00425,
1560025132005462272,1.70552,-10.50534,-0.01838,0.69469,0.70346,0.10646,0.10592,0.13499,-0.27837,0.00227,
1560025132105462528,1.71832,-10.53206,-0.01805,0.69413,0.70231,0.11174,0.11164,0.13212,-0.26745,0.00297,
1560025132205383936,1.73098,-10.55886,-0.01809,0.69321,0.70162,0.11648,0.11669,0.12821,-0.27026,0.00124,
1560025132305384192,1.74321,-10.58581,-0.01818,0.69262,0.70094,0.12025,0.12042,0.12745,-0.27393,-0.00042,
1560025132405384448,1.75475,-10.61352,-0.01806,0.69205,0.70048,0.12315,0.12336,0.12359,-0.27695,0.00282,
1560025132505384704,1.76513,-10.64113,-0.01766,0.69208,0.69985,0.12468,0.12528,0.10895,-0.29771,0.00005,
1560025132605384960,1.77526,-10.67050,-0.01725,0.69202,0.69992,0.12422,0.12566,0.09543,-0.30637,0.00562,
1560025132705399040,1.78576,-10.70225,-0.01697,0.69238,0.70012,0.12241,0.12430,0.10307,-0.33625,-0.00150,
1560025132805399040,1.79504,-10.73617,-0.01663,0.69309,0.70055,0.11895,0.12125,0.09894,-0.35262,0.00172,
1560025132905399296,1.80534,-10.77233,-0.01639,0.69389,0.70101,0.11525,0.11755,0.10614,-0.36986,0.00262,
1560025133005399808,1.81527,-10.81062,-0.01614,0.69481,0.70125,0.11158,0.11421,0.10777,-0.39267,-0.00091,
1560025133105399808,1.82695,-10.85071,-0.01639,0.69509,0.70190,0.10878,0.11114,0.11479,-0.40673,-0.00115,
1560025133205375488,1.83819,-10.89166,-0.01669,0.69516,0.70268,0.10612,0.10834,0.11109,-0.41263,-0.00307,
1560025133305375744,1.84824,-10.93377,-0.01724,0.69523,0.70355,0.10302,0.10519,0.10333,-0.42099,-0.00521,
1560025133405376000,1.85821,-10.97648,-0.01813,0.69510,0.70489,0.09917,0.10061,0.10590,-0.42180,-0.00919,
1560025133505375744,1.86904,-11.02001,-0.01902,0.69464,0.70652,0.09561,0.09572,0.09005,-0.43121,-0.00568,
1560025133605376256,1.87950,-11.06273,-0.01978,0.69517,0.70692,0.09248,0.09198,0.10701,-0.42300,-0.00394,
1560025133705344768,1.88942,-11.10504,-0.01955,0.69573,0.70719,0.08962,0.08842,0.10260,-0.41988,0.00106,
1560025133805345024,1.89970,-11.14932,-0.01974,0.69602,0.70766,0.08657,0.08533,0.07364,-0.45208,-0.00902,
1560025133905345280,1.90852,-11.19468,-0.02043,0.69584,0.70847,0.08368,0.08288,0.07828,-0.43777,0.00608,
1560025134005345280,1.91644,-11.23987,-0.02115,0.69616,0.70878,0.08038,0.08078,0.08141,-0.45147,-0.00231,
1560025134105345536,1.92611,-11.28446,-0.02190,0.69647,0.70897,0.07833,0.07847,0.12481,-0.44832,-0.01299,
1560025134205345536,1.94041,-11.32773,-0.02371,0.69571,0.70986,0.07914,0.07633,0.08132,-0.42757,-0.00060,
1560025134338679296,1.95286,-11.38272,-0.02370,0.69566,0.70937,0.08045,0.07988,0.13376,-0.38970,0.01171,
1560025134405345792,1.96091,-11.41028,-0.02290,0.69622,0.70857,0.08170,0.08089,0.10797,-0.41379,0.00369,
1560025134505346304,1.97243,-11.45151,-0.02330,0.69589,0.70853,0.08337,0.08228,0.12734,-0.40376,-0.00148,
1560025134605346560,1.98451,-11.48968,-0.02290,0.69571,0.70813,0.08593,0.08458,0.11821,-0.38814,0.00315,
1560025134705491200,1.99719,-11.52704,-0.02194,0.69632,0.70682,0.08874,0.08760,0.12780,-0.36013,0.01377,
1560025134805491456,2.01155,-11.56428,-0.02067,0.69755,0.70467,0.09241,0.09128,0.14983,-0.39778,-0.00614,
1560025134938825216,2.03264,-11.61487,-0.02060,0.69713,0.70333,0.09906,0.09762,0.16424,-0.38964,-0.00393,
1560025135038825216,2.04829,-11.65320,-0.02102,0.69625,0.70304,0.10325,0.10155,0.14947,-0.39050,-0.00486,
1560025135105492224,2.05879,-11.67831,-0.02122,0.69570,0.70285,0.10582,0.10394,0.15816,-0.37174,0.00343,
1560025135205273600,2.07515,-11.71599,-0.02154,0.69504,0.70240,0.10968,0.10732,0.16106,-0.37182,0.00227,
1560025135305273856,2.09148,-11.75416,-0.02164,0.69445,0.70196,0.11320,0.11037,0.16288,-0.38939,-0.00391,
1560025135405273856,2.10744,-11.79292,-0.02167,0.69391,0.70156,0.11615,0.11322,0.15533,-0.38802,0.00232,
1560025135505274112,2.12312,-11.83276,-0.02191,0.69338,0.70136,0.11828,0.11547,0.15692,-0.39964,-0.00082,
1560025135605274368,2.13871,-11.87337,-0.02199,0.69321,0.70115,0.11938,0.11660,0.14586,-0.40544,0.00280,
1560025135738487296,2.15832,-11.92897,-0.02159,0.69381,0.70053,0.11916,0.11697,0.13750,-0.43004,0.00339,
1560025135805154304,2.16695,-11.95820,-0.02177,0.69360,0.70080,0.11854,0.11724,0.13563,-0.43423,0.00150,
1560025135905154304,2.18230,-12.00169,-0.02216,0.69381,0.70084,0.11794,0.11638,0.14911,-0.43740,-0.00228,
1560025136038488064,2.20185,-12.06080,-0.02284,0.69382,0.70146,0.11602,0.11447,0.13477,-0.43473,-0.00097,
1560025136105154816,2.21114,-12.08941,-0.02326,0.69397,0.70171,0.11476,0.11330,0.13830,-0.44569,-0.00939,
1560025136205155072,2.22439,-12.13392,-0.02408,0.69417,0.70236,0.11226,0.11055,0.12783,-0.45477,-0.00810,
1560025136305210368,2.23676,-12.17966,-0.02493,0.69410,0.70348,0.10912,0.10697,0.12584,-0.46248,-0.00827,
1560025136405210624,2.24836,-12.22579,-0.02562,0.69449,0.70437,0.10514,0.10240,0.11420,-0.47153,-0.00674,
1560025136505210880,2.25939,-12.27361,-0.02615,0.69477,0.70563,0.10028,0.09659,0.10312,-0.48370,-0.00856,
1560025136605211136,2.26661,-12.32187,-0.02686,0.69559,0.70668,0.09344,0.08956,0.06825,-0.50400,-0.01260,
1560025136705211136,2.26988,-12.37194,-0.02720,0.69641,0.70825,0.08361,0.08006,0.00832,-0.48033,0.00664,
1560025136805175296,2.26977,-12.42140,-0.02687,0.69797,0.70943,0.07079,0.06730,-0.02290,-0.49413,0.00260,
1560025136905175552,2.26520,-12.47196,-0.02708,0.69947,0.71069,0.05482,0.05160,-0.04996,-0.51958,-0.00802,
1560025137005175808,2.25878,-12.52508,-0.02685,0.70060,0.71181,0.03700,0.03348,-0.11652,-0.51354,0.00652,
1560025137105176064,2.24644,-12.57616,-0.02605,0.70179,0.71201,0.01726,0.01499,-0.12451,-0.51171,0.00501,
1560025137205176064,2.23195,-12.62646,-0.02564,0.70218,0.71197,-0.00334,-0.00501,-0.16894,-0.50337,0.00203,
1560025137305186304,2.21422,-12.67295,-0.02468,0.70237,0.71087,-0.02511,-0.02649,-0.19712,-0.45817,0.01112,
1560025137405186304,2.19204,-12.71852,-0.02476,0.70162,0.70928,-0.04777,-0.04873,-0.24736,-0.45497,0.00027,
1560025137505186816,2.16707,-12.76073,-0.02427,0.70082,0.70635,-0.07024,-0.07066,-0.24484,-0.42370,0.00035,
1560025137605186816,2.14115,-12.80017,-0.02405,0.69889,0.70325,-0.09176,-0.09257,-0.27281,-0.38453,0.00217,
1560025137705187072,2.11193,-12.83670,-0.02386,0.69592,0.69962,-0.11424,-0.11478,-0.29833,-0.34737,0.00200,
1560025137805131776,2.08160,-12.86887,-0.02403,0.69163,0.69575,-0.13690,-0.13727,-0.31116,-0.29961,0.00219,
1560025137905131776,2.05015,-12.89704,-0.02397,0.68681,0.69074,-0.15976,-0.16016,-0.31694,-0.25564,0.00174,
1560025138005132288,2.01715,-12.92009,-0.02402,0.68102,0.68480,-0.18327,-0.18352,-0.33253,-0.20658,0.00297,
1560025138105132288,1.98276,-12.93914,-0.02387,0.67459,0.67763,-0.20702,-0.20711,-0.34347,-0.17310,0.00015,
1560025138205132288,1.94849,-12.95491,-0.02391,0.66730,0.67026,-0.22985,-0.22940,-0.34298,-0.14394,-0.00376,
1560025138305195520,1.91436,-12.96769,-0.02409,0.65964,0.66264,-0.25131,-0.25023,-0.32152,-0.11434,-0.00517,
1560025138405195776,1.88259,-12.97599,-0.02412,0.65137,0.65481,-0.27184,-0.27026,-0.30996,-0.07649,-0.00218,
1560025138505196032,1.85294,-12.98098,-0.02338,0.64298,0.64632,-0.29129,-0.28981,-0.30883,-0.06727,-0.00685,
1560025138605196032,1.82417,-12.98324,-0.02265,0.63418,0.63795,-0.30971,-0.30809,-0.29988,-0.03625,0.00252,
1560025138705196288,1.79342,-12.98522,-0.02213,0.62532,0.62896,-0.32776,-0.32551,-0.30406,-0.00928,0.00846,
1560025138805170432,1.76327,-12.98481,-0.02197,0.61595,0.61911,-0.34586,-0.34306,-0.32084,0.00548,0.00025,
1560025138905170944,1.73248,-12.98282,-0.02224,0.60568,0.60860,-0.36430,-0.36062,-0.32305,0.02277,-0.00397,
1560025139005170944,1.70137,-12.98047,-0.02253,0.59468,0.59775,-0.38222,-0.37810,-0.31226,0.03916,0.00483,
1560025139105171456,1.66986,-12.97769,-0.02261,0.58407,0.58711,-0.39855,-0.39411,-0.31143,0.03002,0.00478,
1560025139205171712,1.63850,-12.97697,-0.02215,0.57485,0.57807,-0.41183,-0.40716,-0.31528,0.00187,0.00142,
1560025139305122560,1.60791,-12.98028,-0.02210,0.56801,0.57172,-0.42112,-0.41613,-0.29785,-0.02704,0.00695,
1560025139405122816,1.57796,-12.98608,-0.02225,0.56319,0.56726,-0.42715,-0.42258,-0.32623,-0.06072,-0.00773,
1560025139538456320,1.53364,-12.99401,-0.02308,0.55773,0.56300,-0.43350,-0.42901,-0.33993,-0.04754,-0.00108,
1560025139605123328,1.51088,-12.99759,-0.02373,0.55532,0.56081,-0.43651,-0.43193,-0.35375,-0.06631,-0.00973,
1560025139705123072,1.47528,-13.00278,-0.02412,0.55128,0.55755,-0.44115,-0.43660,-0.35785,-0.03138,0.00159,
1560025139805100288,1.43878,-13.00621,-0.02401,0.54797,0.55385,-0.44571,-0.44083,-0.36621,-0.04428,0.00103,
1560025139905100288,1.40236,-13.01007,-0.02347,0.54575,0.55058,-0.44897,-0.44434,-0.36973,-0.04073,0.00507,
1560025140005100544,1.36439,-13.01598,-0.02299,0.54429,0.54828,-0.45114,-0.44677,-0.37788,-0.04740,0.00767,
1560025140138434048,1.31138,-13.02476,-0.02254,0.54291,0.54592,-0.45336,-0.44910,-0.40659,-0.06528,0.00518,
1560025140205100800,1.28381,-13.02957,-0.02289,0.54246,0.54513,-0.45404,-0.44991,-0.42291,-0.07655,-0.00198,
1560025140305027328,1.24087,-13.03834,-0.02315,0.54172,0.54536,-0.45447,-0.45008,-0.42748,-0.08893,-0.00164,
1560025140405027584,1.19725,-13.04683,-0.02385,0.54128,0.54585,-0.45496,-0.44952,-0.44081,-0.08381,-0.00518,
1560025140505027840,1.15252,-13.05643,-0.02412,0.54077,0.54638,-0.45504,-0.44942,-0.42870,-0.08583,0.00376,
1560025140605028096,1.10865,-13.06528,-0.02412,0.54105,0.54682,-0.45478,-0.44880,-0.43122,-0.09594,-0.00100,
1560025140705028096,1.06703,-13.07803,-0.02477,0.54263,0.54913,-0.45205,-0.44683,-0.42456,-0.14221,-0.01040,
1560025140805045504,1.02559,-13.09414,-0.02594,0.54498,0.55358,-0.44779,-0.44274,-0.42159,-0.15727,-0.00857,
1560025140905046016,0.98372,-13.10544,-0.02723,0.54601,0.55507,-0.44647,-0.44094,-0.42714,-0.08777,-0.00599,
1560025141005046016,0.94338,-13.11257,-0.02830,0.54572,0.55464,-0.44731,-0.44099,-0.41050,-0.08590,-0.00622,
1560025141105046272,0.90417,-13.12092,-0.02906,0.54547,0.55503,-0.44737,-0.44075,-0.39402,-0.08982,-0.00700,
1560025141205046528,0.86589,-13.13072,-0.02942,0.54517,0.55564,-0.44725,-0.44048,-0.38580,-0.09953,-0.00987,
1560025141305037312,0.82899,-13.13901,-0.02945,0.54547,0.55591,-0.44690,-0.44011,-0.36220,-0.07385,0.00096,
1560025141405037568,0.79236,-13.14747,-0.02938,0.54574,0.55600,-0.44675,-0.43982,-0.35284,-0.08073,0.00076,
1560025141505037824,0.75841,-13.15457,-0.02926,0.54662,0.55597,-0.44636,-0.43916,-0.34053,-0.07439,-0.00239,
1560025141605038080,0.72570,-13.16351,-0.02965,0.54778,0.55648,-0.44552,-0.43793,-0.32256,-0.07182,-0.00183,
1560025141705038080,0.69416,-13.17225,-0.02981,0.55008,0.55807,-0.44336,-0.43520,-0.29406,-0.09893,0.00226,
1560025141805029120,0.66594,-13.18302,-0.02979,0.55251,0.56029,-0.44011,-0.43256,-0.28680,-0.08821,-0.00077,
1560025141938362624,0.62776,-13.19391,-0.02991,0.55210,0.56051,-0.43999,-0.43292,-0.29076,-0.06669,0.00181,
1560025142038362624,0.59983,-13.20015,-0.02986,0.55124,0.55938,-0.44119,-0.43426,-0.28794,-0.05306,0.00489,
1560025142105029632,0.58069,-13.20424,-0.02988,0.55119,0.55883,-0.44166,-0.43454,-0.28151,-0.05963,0.00402,
1560025142205029632,0.55206,-13.21135,-0.02978,0.55106,0.55844,-0.44196,-0.43491,-0.28633,-0.06897,0.00460,
1560025142304914944,0.52305,-13.21945,-0.02948,0.55152,0.55872,-0.44140,-0.43453,-0.28944,-0.08674,0.00309,
1560025142404915456,0.49514,-13.22940,-0.02918,0.55324,0.56003,-0.43925,-0.43284,-0.27707,-0.09593,0.00404,
1560025142538248704,0.45826,-13.24358,-0.02900,0.55687,0.56308,-0.43512,-0.42839,-0.26369,-0.12540,0.00529,
1560025142604915712,0.44061,-13.25305,-0.02863,0.55912,0.56507,-0.43174,-0.42623,-0.26226,-0.14134,0.00520,
1560025142704915712,0.41212,-13.26787,-0.02896,0.56194,0.56918,-0.42710,-0.42172,-0.27315,-0.13985,0.00538,
1560025142805010432,0.38329,-13.28158,-0.02853,0.56615,0.57294,-0.42196,-0.41614,-0.30401,-0.14336,-0.00213,
1560025142905010432,0.35273,-13.29596,-0.02810,0.56984,0.57640,-0.41726,-0.41103,-0.31346,-0.14700,0.00558,
1560025143005010688,0.32039,-13.30976,-0.02746,0.57222,0.57823,-0.41423,-0.40821,-0.33804,-0.13436,0.00754,
1560025143105010688,0.28532,-13.32259,-0.02676,0.57365,0.57840,-0.41293,-0.40726,-0.37506,-0.13592,0.00350,
1560025143205010944,0.24665,-13.33714,-0.02673,0.57349,0.57861,-0.41293,-0.40718,-0.38301,-0.14492,0.00826,
1560025143304982784,0.20689,-13.35250,-0.02644,0.57364,0.57850,-0.41242,-0.40765,-0.43111,-0.16207,-0.00575,
1560025143404982528,0.16407,-13.36840,-0.02642,0.57407,0.57922,-0.41201,-0.40644,-0.43554,-0.16562,0.00072,
1560025143504983296,0.11924,-13.38567,-0.02644,0.57437,0.58008,-0.41168,-0.40513,-0.43666,-0.17573,0.00847,
1560025143604983296,0.07459,-13.40309,-0.02493,0.57487,0.58010,-0.41106,-0.40503,-0.44161,-0.16113,0.01292,
1560025143704983808,0.02997,-13.42015,-0.02432,0.57548,0.57938,-0.41062,-0.40562,-0.43924,-0.17589,0.00999,
1560025143804890880,-0.01631,-13.43874,-0.02352,0.57477,0.57931,-0.41055,-0.40680,-0.45726,-0.18911,0.00758,
1560025143904890880,-0.06314,-13.45688,-0.02283,0.57439,0.57883,-0.41039,-0.40819,-0.46907,-0.17410,0.00674,
1560025144004891136,-0.10964,-13.47364,-0.02207,0.57429,0.57800,-0.41050,-0.40938,-0.49744,-0.16968,-0.00458,
1560025144104891392,-0.15799,-13.48906,-0.02207,0.57276,0.57730,-0.41241,-0.41059,-0.47881,-0.15199,0.00019,
1560025144204891648,-0.20537,-13.50334,-0.02196,0.57100,0.57590,-0.41460,-0.41281,-0.46615,-0.13568,0.00429,
1560025144304880896,-0.25356,-13.51654,-0.02131,0.56944,0.57411,-0.41720,-0.41482,-0.46103,-0.11454,0.00412,
1560025144404880896,-0.29977,-13.52902,-0.02096,0.56774,0.57236,-0.41980,-0.41695,-0.45407,-0.12017,-0.00071,
1560025144504881152,-0.34490,-13.54105,-0.02071,0.56640,0.57080,-0.42201,-0.41868,-0.44274,-0.12238,0.00074,
1560025144604881408,-0.38904,-13.55484,-0.02077,0.56518,0.57009,-0.42331,-0.41997,-0.44640,-0.13848,-0.00355,
1560025144704881664,-0.43148,-13.56908,-0.02055,0.56470,0.57010,-0.42358,-0.42033,-0.43751,-0.14380,-0.00314,
1560025144804900864,-0.47401,-13.58359,-0.02070,0.56408,0.57104,-0.42352,-0.41994,-0.41045,-0.13982,0.00640,
1560025144904901120,-0.51502,-13.59751,-0.02134,0.56351,0.57163,-0.42355,-0.41988,-0.41430,-0.13506,0.00022,
1560025145004901376,-0.55517,-13.61168,-0.02126,0.56327,0.57169,-0.42335,-0.42034,-0.40927,-0.14183,-0.00273,
1560025145104901376,-0.59383,-13.62519,-0.02114,0.56294,0.57198,-0.42313,-0.42060,-0.37970,-0.12761,0.00315,
1560025145204901632,-0.63095,-13.63649,-0.02037,0.56348,0.57226,-0.42291,-0.41972,-0.37272,-0.09950,0.00105,
1560025145304826624,-0.66428,-13.64777,-0.02043,0.56458,0.57254,-0.42225,-0.41852,-0.34215,-0.11591,-0.00184,
1560025145404826624,-0.69378,-13.65877,-0.02036,0.56521,0.57330,-0.42119,-0.41769,-0.30802,-0.10777,-0.00143,
1560025145504826624,-0.72241,-13.66972,-0.02067,0.56554,0.57400,-0.42045,-0.41702,-0.28379,-0.10205,-0.00218,
1560025145604826880,-0.74897,-13.67907,-0.02077,0.56604,0.57422,-0.41996,-0.41655,-0.26301,-0.09093,-0.00394,
1560025145704827136,-0.77489,-13.68829,-0.02115,0.56637,0.57493,-0.41953,-0.41554,-0.23615,-0.08734,0.00074,
1560025145804809216,-0.79752,-13.69749,-0.02152,0.56708,0.57593,-0.41848,-0.41425,-0.22316,-0.08725,-0.00374,
1560025145904808960,-0.81854,-13.70587,-0.02143,0.56775,0.57678,-0.41752,-0.41313,-0.21695,-0.08224,-0.00679,
1560025146004809472,-0.83826,-13.71359,-0.02085,0.56844,0.57750,-0.41667,-0.41202,-0.18914,-0.07323,0.00045,
1560025146104809472,-0.85603,-13.71994,-0.02101,0.56870,0.57786,-0.41633,-0.41149,-0.17104,-0.04670,-0.00057,
1560025146204809984,-0.87167,-13.72345,-0.02111,0.56751,0.57676,-0.41796,-0.41302,-0.14275,-0.02496,-0.00110,
1560025146304888832,-0.88272,-13.72511,-0.02116,0.56572,0.57502,-0.42039,-0.41544,-0.11708,-0.01348,-0.00280,
1560025146404888832,-0.89319,-13.72641,-0.02142,0.56375,0.57322,-0.42289,-0.41806,-0.10003,-0.00779,-0.00039,
1560025146504889344,-0.90251,-13.72697,-0.02109,0.56234,0.57153,-0.42503,-0.42009,-0.08347,-0.00361,0.00303,
1560025146604889344,-0.91041,-13.72897,-0.02125,0.56185,0.57085,-0.42593,-0.42076,-0.07854,-0.01574,0.00006,
1560025146704889344,-0.91817,-13.73028,-0.02121,0.56138,0.57030,-0.42679,-0.42125,-0.07628,-0.01070,-0.00007,
1560025146804751872,-0.92518,-13.73079,-0.02126,0.56033,0.56912,-0.42830,-0.42271,-0.08137,-0.00737,-0.00337,
1560025146904752128,-0.93406,-13.73077,-0.02149,0.55831,0.56731,-0.43092,-0.42517,-0.10238,0.00586,-0.00193,
1560025147004752128,-0.94632,-13.72871,-0.02163,0.55453,0.56362,-0.43582,-0.43000,-0.13369,0.03104,0.00247,
1560025147104752640,-0.96213,-13.72444,-0.02187,0.54844,0.55769,-0.44349,-0.43762,-0.16828,0.04874,0.00191,
1560025147204752640,-0.98066,-13.72197,-0.02220,0.54205,0.55181,-0.45114,-0.44516,-0.18232,-0.02878,-0.01099,
1560025147304843008,-0.99372,-13.72953,-0.02153,0.54392,0.55375,-0.44836,-0.44327,-0.12671,-0.04958,0.01810,
1560025147404843264,-1.01120,-13.73353,-0.02128,0.54386,0.55394,-0.44844,-0.44301,-0.14953,-0.03138,0.01086,
1560025147504843520,-1.02770,-13.73594,-0.02105,0.54340,0.55278,-0.44912,-0.44434,-0.18057,-0.03125,-0.00441,
1560025147604843520,-1.04302,-13.73742,-0.02092,0.54296,0.55165,-0.44963,-0.44576,-0.16908,-0.02651,-0.00386,
1560025147704843776,-1.05849,-13.73919,-0.02053,0.54172,0.55032,-0.45100,-0.44754,-0.14869,-0.00529,0.00560,
1560025147804777728,-1.07384,-13.73914,-0.02023,0.53943,0.54795,-0.45380,-0.45038,-0.13417,0.01783,0.00963,
1560025147904777728,-1.08619,-13.73907,-0.01998,0.53819,0.54604,-0.45568,-0.45227,-0.09985,-0.00845,0.00365,
1560025148004778240,-1.09344,-13.73894,-0.01958,0.53744,0.54462,-0.45679,-0.45374,-0.05297,0.01155,0.00314,
1560025148104777984,-1.09443,-13.73863,-0.01938,0.53747,0.54413,-0.45698,-0.45411,0.02342,0.01378,0.00540,
1560025148238123520,-1.09169,-13.73619,-0.01940,0.53598,0.54272,-0.45872,-0.45580,-0.00578,0.00638,-0.00511,
1560025148304790272,-1.09346,-13.73822,-0.01974,0.53663,0.54391,-0.45783,-0.45451,-0.03225,-0.05825,-0.00337,
1560025148404790528,-1.09736,-13.74377,-0.01975,0.54012,0.54766,-0.45346,-0.45024,-0.04341,-0.04930,0.00456,
1560025148504790528,-1.10213,-13.74995,-0.01947,0.54443,0.55158,-0.44821,-0.44549,-0.04480,-0.07333,0.00378,
1560025148604790784,-1.10638,-13.75764,-0.01944,0.54979,0.55665,-0.44143,-0.43933,-0.03411,-0.08151,-0.00094,
1560025148704791040,-1.10939,-13.76387,-0.01959,0.55415,0.56109,-0.43562,-0.43398,-0.02779,-0.03810,-0.00436,
1560025148804720640,-1.11284,-13.76098,-0.01958,0.55299,0.56002,-0.43718,-0.43526,-0.03652,0.06073,0.00118,
1560025148904720896,-1.11665,-13.75142,-0.01960,0.54647,0.55315,-0.44569,-0.44357,-0.03856,0.11470,0.00105,
1560025149004721152,-1.11926,-13.73914,-0.01926,0.53776,0.54378,-0.45663,-0.45454,-0.02738,0.12400,-0.00021,
1560025149104721664,-1.11871,-13.73329,-0.01893,0.53355,0.53916,-0.46198,-0.45958,0.02323,0.00252,0.00899,
1560025149204721664,-1.11837,-13.73671,-0.01901,0.53387,0.54012,-0.46123,-0.45884,0.00403,-0.03127,0.00408,
1560025149304653056,-1.12033,-13.73945,-0.01921,0.53512,0.54184,-0.45970,-0.45687,-0.01994,-0.02099,-0.00010,
1560025149404653056,-1.12233,-13.74046,-0.01915,0.53591,0.54222,-0.45881,-0.45638,-0.02024,-0.01356,-0.00265,
1560025149504653056,-1.12170,-13.74037,-0.01906,0.53656,0.54259,-0.45813,-0.45587,0.02459,-0.00150,-0.00187,
1560025149604653312,-1.11684,-13.74090,-0.01903,0.53761,0.54347,-0.45701,-0.45471,0.06760,-0.00661,-0.00004,
1560025149704653568,-1.10776,-13.74335,-0.01899,0.54068,0.54656,-0.45337,-0.45100,0.11408,-0.03624,0.00056,
1560025149804702976,-1.09499,-13.74888,-0.01951,0.54599,0.55282,-0.44639,-0.44387,0.14502,-0.06248,-0.00648,
1560025149904702976,-1.07976,-13.75449,-0.02022,0.55231,0.56025,-0.43783,-0.43518,0.15047,-0.04957,-0.01027,
1560025150004702976,-1.06639,-13.75609,-0.02060,0.55635,0.56533,-0.43211,-0.42913,0.11095,0.01340,-0.00278,
1560025150104703488,-1.05935,-13.74952,-0.02060,0.55515,0.56426,-0.43375,-0.43044,0.04825,0.08974,0.00014,
1560025150204703744,-1.05597,-13.73703,-0.02082,0.54883,0.55766,-0.44229,-0.43839,0.03088,0.13390,-0.00109,
1560025150304632832,-1.05227,-13.72365,-0.02096,0.54021,0.54892,-0.45328,-0.44877,0.03490,0.13890,-0.00335,
1560025150404632832,-1.04859,-13.71323,-0.02108,0.53273,0.54171,-0.46240,-0.45710,0.03667,0.09431,0.00856,
1560025150504632832,-1.04813,-13.71215,-0.02124,0.53196,0.54085,-0.46354,-0.45785,-0.01958,-0.04799,-0.00483,
1560025150604633344,-1.05132,-13.71656,-0.02126,0.53324,0.54266,-0.46168,-0.45611,-0.04865,-0.01433,0.00051,
1560025150704633600,-1.05914,-13.71594,-0.02106,0.53201,0.54164,-0.46304,-0.45736,-0.09274,0.00816,0.00345,
1560025150804641280,-1.06964,-13.71622,-0.02064,0.53079,0.53981,-0.46464,-0.45932,-0.12479,-0.01545,0.00452,
1560025150904641536,-1.08385,-13.71587,-0.02023,0.52911,0.53742,-0.46683,-0.46183,-0.15898,0.01130,0.00617,
1560025151004641792,-1.09952,-13.71434,-0.01974,0.52662,0.53355,-0.47008,-0.46586,-0.16645,0.01253,0.00494,
1560025151104642048,-1.11661,-13.71283,-0.01975,0.52337,0.52983,-0.47372,-0.47006,-0.18295,0.01534,-0.00195,
1560025151204642048,-1.13376,-13.71145,-0.01939,0.52003,0.52624,-0.47735,-0.47411,-0.16968,0.02307,0.00419,
1560025151304587008,-1.15090,-13.70863,-0.01908,0.51610,0.52177,-0.48188,-0.47875,-0.16973,0.04161,0.00344,
1560025151404587264,-1.16705,-13.70471,-0.01837,0.51182,0.51661,-0.48673,-0.48400,-0.15709,0.04694,0.00619,
1560025151504587520,-1.18312,-13.70000,-0.01801,0.50724,0.51146,-0.49169,-0.48924,-0.14422,0.04784,0.00441,
1560025151604587264,-1.19810,-13.69515,-0.01778,0.50251,0.50643,-0.49660,-0.49438,-0.14336,0.04585,-0.00203,
1560025151704588032,-1.21165,-13.69130,-0.01783,0.49798,0.50207,-0.50100,-0.49894,-0.13421,0.04222,-0.00112,
1560025151804636672,-1.22514,-13.68635,-0.01761,-0.49260,-0.49683,0.50619,0.50426,-0.13331,0.05817,0.00098,
1560025151904636928,-1.23887,-13.68060,-0.01732,-0.48706,-0.49128,0.51156,0.50964,-0.14082,0.05151,0.00185,
1560025152004637184,-1.25317,-13.67436,-0.01727,-0.48185,-0.48615,0.51641,0.51458,-0.15221,0.07505,0.00208,
1560025152104637440,-1.26889,-13.66503,-0.01720,-0.47494,-0.47907,0.52285,0.52110,-0.16769,0.09590,0.00233,
1560025152204637440,-1.28664,-13.65430,-0.01695,-0.46696,-0.47092,0.53011,0.52836,-0.18663,0.10844,-0.00120,
1560025152304545792,-1.30483,-13.64290,-0.01695,-0.45783,-0.46204,0.53798,0.53618,-0.17389,0.12543,-0.00028,
1560025152404545792,-1.32225,-13.63024,-0.01732,-0.44756,-0.45249,0.54659,0.54423,-0.16418,0.12804,-0.00398,
1560025152504546048,-1.33766,-13.61768,-0.01745,-0.43726,-0.44262,0.55483,0.55232,-0.15264,0.12974,-0.00438,
1560025152604546304,-1.35154,-13.60475,-0.01747,-0.42723,-0.43281,0.56263,0.56000,-0.13552,0.13644,-0.00155,
1560025152704546816,-1.36473,-13.59159,-0.01737,-0.41707,-0.42280,0.57025,0.56755,-0.12863,0.13489,0.00064,
1560025152804542720,-1.37866,-13.57771,-0.01716,-0.40677,-0.41252,0.57770,0.57501,-0.13463,0.14534,-0.00005,
1560025152904542720,-1.39252,-13.56324,-0.01712,-0.39660,-0.40220,0.58481,0.58219,-0.13706,0.14816,0.00058,
1560025153004542976,-1.40614,-13.54759,-0.01666,-0.38584,-0.39136,0.59187,0.58962,-0.13645,0.16377,0.00241,
1560025153104543232,-1.42018,-13.52999,-0.01647,-0.37405,-0.37982,0.59958,0.59693,-0.13374,0.17560,0.00412,
1560025153204543232,-1.43314,-13.51102,-0.01659,-0.36210,-0.36748,0.60710,0.60438,-0.13661,0.19615,-0.00084,
1560025153304550400,-1.44555,-13.49061,-0.01609,-0.34918,-0.35407,0.61495,0.61201,-0.13140,0.21674,-0.00120,
1560025153404550656,-1.45700,-13.46860,-0.01576,-0.33567,-0.33982,0.62287,0.61959,-0.11612,0.22320,0.00183,
1560025153504550912,-1.46817,-13.44593,-0.01554,-0.32151,-0.32527,0.63064,0.62699,-0.11051,0.22918,0.00209,
1560025153604551168,-1.47837,-13.42174,-0.01507,-0.30680,-0.30985,0.63826,0.63442,-0.10532,0.24707,0.00096,
1560025153704551168,-1.48854,-13.39594,-0.01520,-0.29118,-0.29380,0.64590,0.64164,-0.09714,0.26644,0.00055,
1560025153804505088,-1.49710,-13.36814,-0.01471,-0.27446,-0.27645,0.65371,0.64878,-0.08122,0.27946,0.00321,
1560025153904505344,-1.50458,-13.34014,-0.01396,-0.25684,-0.25842,0.66091,0.65608,-0.07811,0.29304,0.00113,
1560025154004505600,-1.51187,-13.31015,-0.01412,-0.23837,-0.24016,0.66828,0.66250,-0.07011,0.30781,-0.00047,
1560025154104505856,-1.51795,-13.27969,-0.01429,-0.22085,-0.22213,0.67456,0.66847,-0.05010,0.30659,0.00329,
1560025154237839360,-1.52470,-13.23823,-0.01467,-0.19764,-0.19803,0.68222,0.67550,-0.04404,0.31914,-0.00102,
1560025154337804288,-1.52843,-13.20662,-0.01462,-0.17997,-0.17968,0.68716,0.68055,-0.03438,0.33828,-0.00427,
1560025154404471040,-1.53131,-13.18438,-0.01467,-0.16799,-0.16753,0.69042,0.68340,-0.03139,0.32453,0.00345,
1560025154504471296,-1.53533,-13.15084,-0.01512,-0.15011,-0.14997,0.69467,0.68732,-0.03710,0.36029,-0.00580,
1560025154604471296,-1.53881,-13.11589,-0.01498,-0.13426,-0.13361,0.69796,0.69064,-0.03861,0.37070,-0.00665,
1560025154704471296,-1.54280,-13.07861,-0.01557,-0.11980,-0.11895,0.70113,0.69276,-0.03172,0.36794,0.00156,
1560025154804496640,-1.54628,-13.04099,-0.01608,-0.10718,-0.10569,0.70337,0.69470,-0.04141,0.37431,-0.00239,
1560025154904497152,-1.55043,-13.00385,-0.01598,-0.09605,-0.09457,0.70492,0.69637,-0.05117,0.37167,0.00149,
1560025155004497408,-1.55614,-12.96565,-0.01553,-0.08748,-0.08582,0.70609,0.69743,-0.05586,0.38414,0.00314,
1560025155104497664,-1.56358,-12.92677,-0.01475,-0.08161,-0.07970,0.70665,0.69830,-0.07592,0.40607,0.00253,
1560025155204497664,-1.57229,-12.88531,-0.01407,-0.07841,-0.07583,0.70661,0.69914,-0.09842,0.43944,-0.00134,
1560025155304470784,-1.58209,-12.84024,-0.01418,-0.07673,-0.07352,0.70755,0.69863,-0.10601,0.46174,-0.00115,
1560025155404470784,-1.59243,-12.79374,-0.01377,-0.07492,-0.07162,0.70754,0.69903,-0.10954,0.48456,0.00036,
1560025155504471040,-1.60166,-12.74247,-0.01301,-0.07300,-0.06947,0.70811,0.69887,-0.10569,0.50400,0.00568,
1560025155604471296,-1.61025,-12.68820,-0.01313,-0.07108,-0.06737,0.70841,0.69897,-0.10619,0.53212,-0.00027,
1560025155704471296,-1.61953,-12.63367,-0.01311,-0.06935,-0.06514,0.70897,0.69879,-0.10648,0.54068,0.00666,
1560025155804428288,-1.63014,-12.57865,-0.01161,-0.06725,-0.06324,0.70896,0.69918,-0.10562,0.56259,0.00262,
1560025155904428544,-1.64155,-12.52089,-0.01157,-0.06507,-0.06148,0.70935,0.69914,-0.10347,0.57173,0.00346,
1560025156004428544,-1.65273,-12.46422,-0.01210,-0.06330,-0.05978,0.70959,0.69921,-0.11221,0.58797,-0.00527,
1560025156104428800,-1.66357,-12.40637,-0.01245,-0.06159,-0.05783,0.70990,0.69922,-0.10746,0.58885,-0.00106,
1560025156204428800,-1.67551,-12.34678,-0.01412,-0.06009,-0.05648,0.71047,0.69888,-0.11178,0.60006,-0.00444,
1560025156304437248,-1.68696,-12.28654,-0.01428,-0.05939,-0.05607,0.71057,0.69887,-0.12436,0.62115,-0.00848,
1560025156404437504,-1.69878,-12.22421,-0.01396,-0.05952,-0.05593,0.71069,0.69875,-0.12462,0.60869,0.00171,
1560025156504437760,-1.71070,-12.16270,-0.01403,-0.05998,-0.05628,0.71065,0.69872,-0.12563,0.60787,0.00195,
1560025156604438016,-1.72301,-12.10111,-0.01319,-0.06093,-0.05694,0.71025,0.69899,-0.13606,0.62031,-0.00285,
1560025156704438016,-1.73524,-12.04128,-0.01290,-0.06186,-0.05788,0.71014,0.69895,-0.12758,0.59481,0.01233,
1560025156804362496,-1.74846,-11.98344,-0.01350,-0.06279,-0.05950,0.70961,0.69927,-0.14307,0.60775,-0.00349,
1560025156904362752,-1.76352,-11.92326,-0.01410,-0.06418,-0.06181,0.70934,0.69921,-0.15522,0.60858,-0.00190,
1560025157004363008,-1.77828,-11.86322,-0.01534,-0.06634,-0.06441,0.70899,0.69914,-0.15086,0.60536,-0.00578,
1560025157104363264,-1.79395,-11.80039,-0.01623,-0.06843,-0.06702,0.70881,0.69887,-0.17084,0.59950,-0.00314,
1560025157204363264,-1.80853,-11.73525,-0.01566,-0.07022,-0.06891,0.70831,0.69901,-0.14200,0.61783,-0.00092,
1560025157304326144,-1.82332,-11.67072,-0.01637,-0.07162,-0.07071,0.70844,0.69856,-0.15812,0.60039,0.00681,
1560025157404326144,-1.83885,-11.60787,-0.01736,-0.07280,-0.07257,0.70849,0.69820,-0.13246,0.63876,-0.00737,
1560025157504326400,-1.85612,-11.54352,-0.01812,-0.07406,-0.07471,0.70848,0.69784,-0.17688,0.64306,-0.00399,
1560025157604326656,-1.87051,-11.47972,-0.01794,-0.07868,-0.07637,0.70769,0.69796,-0.15085,0.63661,0.00229,
1560025157704326912,-1.88912,-11.41354,-0.01940,-0.08388,-0.07993,0.70829,0.69634,-0.18641,0.63001,0.00396,
1560025157804391936,-1.90929,-11.35259,-0.01884,-0.08880,-0.08431,0.70709,0.69644,-0.21505,0.62182,0.00320,
1560025157904391680,-1.92948,-11.29309,-0.01730,-0.09199,-0.08756,0.70526,0.69748,-0.18484,0.57308,0.02777,
1560025158004392192,-1.94782,-11.22820,-0.01663,-0.09356,-0.08859,0.70458,0.69783,-0.19610,0.65208,-0.00283,
1560025158104392192,-1.96594,-11.16471,-0.01658,-0.09230,-0.08765,0.70459,0.69811,-0.17636,0.66597,-0.00794,
1560025158204392960,-1.98311,-11.10037,-0.01682,-0.09010,-0.08585,0.70533,0.69787,-0.17648,0.65949,-0.00581,
1560025158304329216,-2.00011,-11.03432,-0.01733,-0.08806,-0.08429,0.70626,0.69738,-0.16653,0.64595,-0.00112,
1560025158404329472,-2.01761,-10.96424,-0.01765,-0.08620,-0.08236,0.70695,0.69715,-0.17047,0.67124,-0.01253,
1560025158504329984,-2.03558,-10.89950,-0.01895,-0.08362,-0.08067,0.70793,0.69666,-0.15832,0.65912,-0.01195,
1560025158604329984,-2.05266,-10.83524,-0.02001,-0.08124,-0.07914,0.70896,0.69607,-0.15803,0.64131,-0.00693,
1560025158737663488,-2.07272,-10.74707,-0.02166,-0.07832,-0.07638,0.71013,0.69552,-0.16583,0.64534,-0.00878,
1560025158837617408,-2.08769,-10.68198,-0.02120,-0.07721,-0.07491,0.70989,0.69605,-0.13849,0.64167,0.00490,
1560025158904284416,-2.09755,-10.63751,-0.02107,-0.07700,-0.07401,0.70966,0.69640,-0.14597,0.65319,-0.00044,
1560025159004284416,-2.11159,-10.57202,-0.02036,-0.07656,-0.07271,0.70907,0.69719,-0.15052,0.65997,-0.00136,
1560025159104284672,-2.12471,-10.51256,-0.01901,-0.07644,-0.07158,0.70802,0.69838,-0.15661,0.63750,0.00194,
1560025159204284928,-2.13825,-10.44780,-0.01884,-0.07596,-0.07028,0.70787,0.69872,-0.11478,0.63606,0.00059,
1560025159304239616,-2.15167,-10.38651,-0.01829,-0.07484,-0.06905,0.70780,0.69903,-0.14796,0.60892,0.00496,
1560025159404239872,-2.16581,-10.32587,-0.01754,-0.07313,-0.06822,0.70757,0.69953,-0.13129,0.59230,0.00778,
1560025159537573632,-2.18031,-10.24501,-0.01620,-0.07097,-0.06588,0.70723,0.70032,-0.09108,0.56958,0.01118,
1560025159604240128,-2.18619,-10.20494,-0.01594,-0.06964,-0.06432,0.70720,0.70062,-0.10334,0.60494,-0.01188,
1560025159704240640,-2.19511,-10.14859,-0.01622,-0.06543,-0.06076,0.70777,0.70077,-0.08092,0.55663,0.00415,
1560025159837576960,-2.20173,-10.07599,-0.01673,-0.05745,-0.05280,0.70860,0.70128,-0.03612,0.53865,-0.00406,
1560025159904243968,-2.20388,-10.04069,-0.01710,-0.05144,-0.04738,0.70916,0.70157,-0.01562,0.53947,-0.00798,
1560025160037577472,-2.20104,-9.97203,-0.01787,-0.03616,-0.03238,0.71060,0.70192,0.04376,0.50147,0.00050,
1560025160137577472,-2.19504,-9.92212,-0.01865,-0.02195,-0.01852,0.71128,0.70232,0.07294,0.50720,-0.01497,
1560025160204244480,-2.18978,-9.88595,-0.01846,-0.01144,-0.00787,0.71190,0.70214,0.12211,0.46501,0.00316,
1560025160304235008,-2.17756,-9.83613,-0.01856,0.00542,0.00981,0.71167,0.70242,0.14698,0.46064,-0.00615,
1560025160404235008,-2.16206,-9.79011,-0.01927,0.02419,0.02855,0.71151,0.70168,0.17487,0.43032,-0.00772,
1560025160504235264,-2.14312,-9.74723,-0.02037,0.04504,0.04923,0.71058,0.70044,0.22301,0.39711,-0.00461,
1560025160604235776,-2.11952,-9.70781,-0.02089,0.06773,0.07187,0.70831,0.69896,0.26060,0.38261,-0.01024,
1560025160704235520,-2.09368,-9.67261,-0.02170,0.09162,0.09569,0.70591,0.69581,0.27103,0.33773,-0.00665,
1560025160804259072,-2.06520,-9.63991,-0.02220,0.11580,0.11964,0.70265,0.69178,0.30993,0.29726,-0.00304,
1560025160904259328,-2.03430,-9.60927,-0.02113,0.13978,0.14387,0.69780,0.68763,0.31413,0.26451,0.00220,
1560025161004259584,-2.00311,-9.58177,-0.02004,0.16251,0.16686,0.69239,0.68289,0.31721,0.22870,0.00469,
1560025161104259840,-1.97229,-9.55561,-0.01995,0.18408,0.18862,0.68680,0.67737,0.31491,0.21301,0.00120,
1560025161204259840,-1.94128,-9.53404,-0.01965,0.20428,0.20877,0.68101,0.67150,0.30889,0.19235,0.00200,
1560025161304200960,-1.91114,-9.51699,-0.01987,0.22295,0.22758,0.67468,0.66581,0.31540,0.16489,-0.00143,
1560025161404200960,-1.88094,-9.49878,-0.02038,0.24070,0.24563,0.66857,0.65935,0.30512,0.15240,-0.00289,
1560025161504201216,-1.85126,-9.48386,-0.02103,0.25689,0.26235,0.66236,0.65304,0.28772,0.12639,0.00181,
1560025161604201216,-1.82292,-9.47063,-0.02189,0.27227,0.27793,0.65611,0.64665,0.28313,0.10670,-0.00141,
1560025161704201728,-1.79579,-9.46010,-0.02334,0.28702,0.29279,0.64965,0.64019,0.28187,0.09737,-0.00822,
1560025161804231424,-1.76927,-9.45082,-0.02459,0.30055,0.30636,0.64334,0.63397,0.26901,0.08791,-0.00676,
1560025161904231680,-1.74459,-9.44198,-0.02527,0.31150,0.31751,0.63793,0.62865,0.23901,0.08845,-0.00502,
1560025162004231680,-1.72227,-9.43094,-0.02646,0.31859,0.32506,0.63446,0.62473,0.21427,0.10483,-0.00575,
1560025162104231936,-1.70214,-9.41778,-0.02642,0.32256,0.32884,0.63230,0.62291,0.19650,0.12460,-0.00213,
1560025162204232192,-1.68595,-9.40302,-0.02684,0.32320,0.32955,0.63191,0.62260,0.18046,0.15265,-0.00477,
1560025162304293120,-1.66979,-9.38552,-0.02680,0.32049,0.32724,0.63330,0.62381,0.16001,0.17299,0.00053,
1560025162404293632,-1.65067,-9.36891,-0.02653,0.31783,0.32459,0.63456,0.62526,0.18112,0.16422,-0.00166,
1560025162504293376,-1.63039,-9.35450,-0.02735,0.31761,0.32463,0.63454,0.62538,0.20058,0.14460,-0.00380,
1560025162604293632,-1.61069,-9.34121,-0.02776,0.31820,0.32537,0.63409,0.62515,0.19085,0.14754,-0.00021,
1560025162704293888,-1.59126,-9.32588,-0.02800,0.31789,0.32515,0.63425,0.62526,0.19305,0.14455,0.00085,
1560025162804168960,-1.57180,-9.31233,-0.02789,0.31827,0.32551,0.63405,0.62508,0.19787,0.14776,0.00134,
1560025162937502720,-1.54528,-9.29146,-0.02783,0.31726,0.32462,0.63450,0.62560,0.19641,0.14700,0.00251,
1560025163004169472,-1.53172,-9.28144,-0.02773,0.31765,0.32480,0.63418,0.62564,0.20386,0.14704,0.00036,
1560025163104169728,-1.51219,-9.26516,-0.02795,0.31733,0.32455,0.63436,0.62575,0.19075,0.15359,0.00150,
1560025163204169728,-1.49313,-9.24896,-0.02794,0.31623,0.32360,0.63497,0.62618,0.18534,0.15459,0.00102,
1560025163304135680,-1.47393,-9.23253,-0.02811,0.31511,0.32258,0.63559,0.62663,0.18305,0.15717,-0.00072,
1560025163404135680,-1.45405,-9.21613,-0.02844,0.31440,0.32194,0.63613,0.62677,0.18905,0.15023,-0.00420,
1560025163504136192,-1.43473,-9.20070,-0.02884,0.31380,0.32164,0.63635,0.62700,0.18626,0.14812,-0.00653,
1560025163604136192,-1.41719,-9.18623,-0.02847,0.31313,0.32108,0.63661,0.62737,0.17525,0.14136,-0.00377,
1560025163704136448,-1.39979,-9.17262,-0.02829,0.31239,0.32067,0.63705,0.62749,0.15615,0.12636,0.00402,
1560025163804098560,-1.38424,-9.16016,-0.02796,0.31213,0.32026,0.63701,0.62787,0.14770,0.11826,0.00402,
1560025163904098816,-1.37011,-9.14765,-0.02750,0.31182,0.31979,0.63699,0.62829,0.13829,0.11181,0.00281,
1560025164004098816,-1.35770,-9.13746,-0.02763,0.31148,0.31940,0.63715,0.62849,0.12330,0.10522,0.00179,
1560025164104099072,-1.34787,-9.12891,-0.02836,0.31098,0.31866,0.63727,0.62899,0.11229,0.09237,-0.00131,
1560025164204099328,-1.33624,-9.12024,-0.02855,0.31063,0.31821,0.63746,0.62920,0.10327,0.08017,-0.00164,
1560025164304106240,-1.32720,-9.11290,-0.02803,0.31058,0.31804,0.63753,0.62925,0.09061,0.07324,-0.00144,
1560025164404106496,-1.31834,-9.10551,-0.02795,0.31029,0.31777,0.63769,0.62935,0.08301,0.06541,-0.00116,
1560025164504106752,-1.31208,-9.10016,-0.02795,0.31015,0.31749,0.63775,0.62951,0.07404,0.05821,-0.00161,
1560025164604107008,-1.30611,-9.09501,-0.02815,0.30977,0.31711,0.63793,0.62970,0.06094,0.04904,-0.00058,
1560025164704107008,-1.30179,-9.09138,-0.02780,0.30960,0.31693,0.63799,0.62983,0.04632,0.03848,0.00121,
1560025164837361664,-1.29553,-9.08607,-0.02818,0.30974,0.31703,0.63792,0.62978,0.03847,0.03224,-0.00115,
1560025164937361664,-1.29241,-9.08284,-0.02855,0.30981,0.31701,0.63788,0.62978,0.02522,0.02380,-0.00059,
1560025165004028672,-1.29104,-9.08136,-0.02885,0.30981,0.31699,0.63793,0.62975,0.01946,0.01824,-0.00107,
1560025165104028672,-1.28937,-9.08014,-0.02892,0.30985,0.31703,0.63792,0.62971,0.01412,0.01034,-0.00169,
1560025165204028928,-1.28800,-9.07894,-0.02906,0.30996,0.31713,0.63786,0.62967,0.01490,0.01467,-0.00129,
1560025165303999744,-1.28604,-9.07688,-0.02905,0.30975,0.31689,0.63796,0.62980,0.02633,0.02625,-0.00118,
1560025165403999744,-1.28312,-9.07363,-0.02914,0.30971,0.31666,0.63801,0.62988,0.04563,0.04300,0.00024,
1560025165504000000,-1.27698,-9.06840,-0.02898,0.30967,0.31642,0.63808,0.62996,0.07105,0.06548,-0.00021,
1560025165604000256,-1.26850,-9.06062,-0.02916,0.30959,0.31610,0.63821,0.63002,0.09635,0.08486,0.00033,
1560025165704000512,-1.25900,-9.05171,-0.02929,0.30907,0.31536,0.63864,0.63021,0.11159,0.10396,0.00062,
1560025165803982848,-1.24723,-9.04080,-0.02919,0.30803,0.31427,0.63918,0.63072,0.12696,0.11817,0.00074,
1560025165903983104,-1.23415,-9.02864,-0.02898,0.30686,0.31303,0.63971,0.63137,0.14250,0.13008,0.00066,
1560025166037316608,-1.21375,-9.00997,-0.02923,0.30531,0.31129,0.64052,0.63216,0.16619,0.15239,-0.00199,
1560025166103983360,-1.20262,-8.99944,-0.02919,0.30450,0.31040,0.64095,0.63254,0.17786,0.16087,-0.00265,
1560025166203983616,-1.18417,-8.98280,-0.02955,0.30324,0.30912,0.64163,0.63309,0.18664,0.17248,-0.00073,
1560025166337364480,-1.15774,-8.95824,-0.03004,0.30151,0.30738,0.64248,0.63390,0.21013,0.19136,-0.00262,
1560025166404031232,-1.14297,-8.94486,-0.03017,0.30067,0.30671,0.64292,0.63417,0.21918,0.19482,-0.00086,
1560025166504031488,-1.12059,-8.92484,-0.03057,0.29979,0.30611,0.64346,0.63433,0.23343,0.20813,-0.00303,
1560025166604031744,-1.09675,-8.90301,-0.03119,0.29872,0.30535,0.64423,0.63442,0.23163,0.21610,0.00195,
1560025166704032000,-1.07263,-8.88049,-0.03177,0.29738,0.30434,0.64501,0.63475,0.25170,0.22861,-0.00509,
1560025166803999744,-1.04702,-8.85652,-0.03293,0.29572,0.30327,0.64584,0.63519,0.26460,0.24280,-0.01041,
1560025166904000000,-1.02047,-8.83120,-0.03428,0.29410,0.30223,0.64686,0.63540,0.27741,0.26038,-0.01457,
1560025167004000256,-0.99457,-8.80631,-0.03439,0.29291,0.30095,0.64743,0.63598,0.26848,0.25477,-0.00747,
1560025167104000256,-0.96838,-8.78105,-0.03495,0.29165,0.29986,0.64822,0.63627,0.27091,0.25878,-0.01265,
1560025167204000512,-0.94192,-8.75575,-0.03564,0.29082,0.29929,0.64890,0.63622,0.27281,0.23862,-0.00664,
1560025167303930112,-0.91699,-8.73214,-0.03530,0.28970,0.29865,0.64917,0.63676,0.22235,0.22868,0.01338,
1560025167403929856,-0.89412,-8.71069,-0.03407,0.28807,0.29743,0.64921,0.63803,0.21925,0.18270,0.01769,
1560025167503930112,-0.87373,-8.69053,-0.03318,0.28581,0.29549,0.64927,0.63988,0.20945,0.20244,0.00325,
1560025167603930368,-0.85369,-8.67220,-0.03312,0.28378,0.29416,0.64950,0.64116,0.20118,0.19333,-0.00084,
1560025167737263872,-0.82842,-8.64891,-0.03311,0.28194,0.29288,0.65003,0.64202,0.18214,0.15452,0.00580,
1560025167837337344,-0.81567,-8.64173,-0.03054,0.28631,0.29535,0.64667,0.64235,0.12132,0.09759,0.02064,
1560025167904004096,-0.80653,-8.63538,-0.03097,0.28868,0.29740,0.64572,0.64130,0.16085,0.09956,-0.00125,
1560025168004004352,-0.79501,-8.62444,-0.03101,0.28993,0.29806,0.64498,0.64117,0.14865,0.14646,-0.01271,
1560025168104004352,-0.77947,-8.60811,-0.03222,0.28877,0.29719,0.64603,0.64104,0.16441,0.18564,-0.01588,
1560025168204004608,-0.76599,-8.59712,-0.03055,0.29273,0.29877,0.64451,0.64004,0.10542,0.07928,0.02130,
1560025168303884544,-0.75331,-8.59290,-0.02927,0.30376,0.30636,0.63990,0.63593,0.14524,0.01411,0.01091,
1560025168437218304,-0.73415,-8.58883,-0.02865,0.31732,0.31832,0.63356,0.62975,0.13161,0.03313,0.00451,
1560025168503885056,-0.72471,-8.58407,-0.02875,0.32215,0.32270,0.63171,0.62691,0.13119,0.05642,0.00017,
1560025168603885056,-0.71344,-8.57579,-0.02858,0.32610,0.32573,0.63014,0.62489,0.12403,0.09201,0.00036,
1560025168703885312,-0.70603,-8.56552,-0.02895,0.32301,0.32315,0.63133,0.62663,0.09002,0.10616,-0.00707,
1560025168803843584,-0.69703,-8.55693,-0.02976,0.31060,0.31672,0.63550,0.63195,0.08898,0.04898,0.01760,
1560025168903843584,-0.69212,-8.54212,-0.02915,0.30048,0.30655,0.63998,0.63731,0.03213,0.15153,0.01398,
1560025169003844096,-0.68185,-8.53019,-0.02915,0.29500,0.30101,0.64222,0.64025,0.10403,0.14430,-0.00215,
1560025169103843840,-0.66941,-8.51684,-0.03011,0.29136,0.29742,0.64411,0.64170,0.15421,0.16588,-0.02122,
1560025169203844352,-0.65512,-8.50103,-0.03121,0.28802,0.29456,0.64623,0.64239,0.11920,0.14775,0.00497,
1560025169303874816,-0.64340,-8.48408,-0.03148,0.28321,0.28956,0.64859,0.64442,0.10498,0.16977,-0.00100,
1560025169437208320,-0.63032,-8.46065,-0.03127,0.27564,0.28161,0.65217,0.64760,0.09301,0.16770,0.00184,
1560025169503875328,-0.62432,-8.44850,-0.03116,0.27167,0.27746,0.65388,0.64934,0.09468,0.17817,-0.00258,
1560025169637208576,-0.61229,-8.42431,-0.03086,0.26316,0.26865,0.65758,0.65281,0.08633,0.18215,-0.00017,
1560025169703875584,-0.60655,-8.41177,-0.03079,0.25877,0.26411,0.65946,0.65452,0.08542,0.18262,-0.00050,
1560025169803883264,-0.59508,-8.39195,-0.03331,0.25248,0.25950,0.66410,0.65412,0.11873,0.20473,-0.03468,
1560025169903883520,-0.58802,-8.37643,-0.03552,0.24521,0.25467,0.66951,0.65328,0.02019,0.13429,-0.00796,
1560025170003883776,-0.59008,-8.36465,-0.03599,0.23564,0.24498,0.67372,0.65618,-0.03477,0.10524,0.00054,
1560025170103883776,-0.59838,-8.35741,-0.03427,0.22457,0.23209,0.67610,0.66226,-0.09784,0.05846,0.03088,
1560025170203884032,-0.61194,-8.35479,-0.03047,0.21197,0.21550,0.67492,0.67314,-0.05043,0.15786,-0.02478,
1560025170303790848,-0.61653,-8.34092,-0.03247,0.19739,0.20226,0.68163,0.67492,-0.08079,0.05090,0.02280,
1560025170437124352,-0.62278,-8.33100,-0.03218,0.18439,0.18886,0.68482,0.67924,-0.04626,0.03589,0.01648,
1560025170503791104,-0.62474,-8.32748,-0.03209,0.17956,0.18357,0.68517,0.68161,-0.00970,0.10358,-0.02006,
1560025170637124864,-0.62854,-8.31796,-0.03366,0.16940,0.17363,0.68821,0.68376,-0.01630,0.08914,-0.01690,
1560025170737124864,-0.63205,-8.31197,-0.03399,0.16221,0.16626,0.68983,0.68569,-0.02550,0.08088,-0.01269,
1560025170803768064,-0.63433,-8.30747,-0.03377,0.15708,0.16119,0.69123,0.68669,-0.04003,0.04795,0.00716,
1560025170903768320,-0.63816,-8.30030,-0.03373,0.14887,0.15307,0.69319,0.68840,-0.04057,0.06500,0.00500,
1560025171003768320,-0.64283,-8.29170,-0.03377,0.13962,0.14374,0.69516,0.69036,-0.04464,0.08933,0.00050,
1560025171103768576,-0.64806,-8.28195,-0.03418,0.12963,0.13360,0.69710,0.69238,-0.04811,0.10746,-0.00429,
1560025171203768832,-0.65525,-8.27027,-0.03431,0.11789,0.12173,0.69926,0.69449,-0.06871,0.11427,-0.00178,
1560025171303792896,-0.66397,-8.25840,-0.03438,0.10440,0.10788,0.70146,0.69672,-0.08527,0.12141,-0.00268,
1560025171403793152,-0.67309,-8.24679,-0.03432,0.09023,0.09339,0.70357,0.69866,-0.09089,0.11447,0.00017,
1560025171503793408,-0.68183,-8.23527,-0.03390,0.07622,0.07910,0.70534,0.70031,-0.08925,0.10736,0.00108,
1560025171603793408,-0.69083,-8.22476,-0.03415,0.06245,0.06534,0.70684,0.70157,-0.08780,0.09989,-0.00010,
1560025171703793664,-0.69904,-8.21505,-0.03447,0.05004,0.05279,0.70792,0.70254,-0.07927,0.09009,-0.00185,
1560025171803809792,-0.70531,-8.20764,-0.03463,0.04008,0.04260,0.70856,0.70323,-0.05859,0.06491,-0.00001,
1560025171903810048,-0.70983,-8.20186,-0.03470,0.03209,0.03463,0.70902,0.70361,-0.04496,0.04690,-0.00009,
1560025172003810304,-0.71378,-8.19709,-0.03456,0.02553,0.02812,0.70939,0.70379,-0.03429,0.04104,-0.00015,
1560025172103810560,-0.71809,-8.19257,-0.03443,0.02005,0.02264,0.70960,0.70395,-0.03460,0.03760,0.00012,
1560025172203810816,-0.72227,-8.18860,-0.03436,0.01477,0.01730,0.70979,0.70404,-0.03611,0.03775,0.00066,
1560025172303762688,-0.72700,-8.18442,-0.03427,0.00902,0.01148,0.70997,0.70409,-0.04549,0.03711,0.00225,
1560025172403762944,-0.73145,-8.18033,-0.03429,0.00321,0.00563,0.71009,0.70408,-0.03763,0.03786,0.00063,
1560025172503762944,-0.73469,-8.17657,-0.03425,-0.00150,0.00089,0.71020,0.70399,-0.02320,0.03020,0.00092,
1560025172603763200,-0.73563,-8.17365,-0.03437,-0.00396,-0.00139,0.71032,0.70387,-0.00175,0.02080,0.00053,
1560025172703763456,-0.73585,-8.17180,-0.03431,-0.00455,-0.00188,0.71033,0.70385,0.00361,0.00838,0.00143,
1560025172803750400,-0.73661,-8.17085,-0.03430,-0.00511,-0.00251,0.71034,0.70384,-0.00056,0.00087,0.00124,
1560025172903750400,-0.73722,-8.17047,-0.03435,-0.00558,-0.00298,0.71031,0.70386,0.00275,-0.00039,0.00008,
1560025173003750656,-0.73740,-8.17030,-0.03453,-0.00552,-0.00292,0.71032,0.70385,0.00759,-0.00355,-0.00030,
1560025173103750656,-0.73654,-8.17155,-0.03454,-0.00435,-0.00179,0.71024,0.70394,0.01494,-0.02343,0.00045,
1560025173203751168,-0.73426,-8.17467,-0.03430,-0.00161,0.00080,0.71017,0.70403,0.03437,-0.04390,0.00197,
1560025173303705088,-0.73093,-8.17961,-0.03424,0.00310,0.00536,0.71000,0.70417,0.04107,-0.06079,0.00094,
1560025173403705088,-0.72890,-8.18558,-0.03462,0.00700,0.00914,0.70990,0.70420,0.01787,-0.05893,-0.00050,
1560025173503705344,-0.72819,-8.19018,-0.03471,0.00879,0.01082,0.70986,0.70420,0.00862,-0.03428,-0.00094,
1560025173603705600,-0.72703,-8.19202,-0.03477,0.01061,0.01257,0.70983,0.70418,0.01929,-0.00526,-0.00142,
1560025173703705856,-0.72427,-8.19284,-0.03482,0.01393,0.01590,0.70979,0.70410,0.03020,-0.01644,0.00001,
1560025173803636736,-0.72101,-8.19488,-0.03468,0.01794,0.01993,0.70972,0.70397,0.03542,-0.03305,0.00209,
1560025173903636992,-0.71774,-8.19827,-0.03449,0.02231,0.02431,0.70949,0.70394,0.03696,-0.03662,0.00231,
1560025174003637248,-0.71447,-8.20189,-0.03461,0.02676,0.02882,0.70923,0.70388,0.03392,-0.03780,0.00009,
1560025174103637248,-0.71167,-8.20582,-0.03482,0.03098,0.03297,0.70901,0.70375,0.03320,-0.03938,-0.00178,
1560025174203637248,-0.70888,-8.20970,-0.03494,0.03482,0.03687,0.70880,0.70359,0.02718,-0.03844,-0.00174,
1560025174303642624,-0.70656,-8.21290,-0.03501,0.03833,0.04036,0.70865,0.70336,0.02482,-0.02931,-0.00126,
1560025174403642880,-0.70437,-8.21496,-0.03499,0.04164,0.04371,0.70853,0.70309,0.02526,-0.02079,0.00054,
1560025174503642880,-0.70291,-8.21626,-0.03498,0.04416,0.04633,0.70837,0.70293,0.01176,-0.01344,0.00121,
1560025174603643136,-0.70289,-8.21681,-0.03486,0.04483,0.04709,0.70836,0.70285,0.00031,-0.00203,0.00089,
1560025174703643392,-0.70312,-8.21646,-0.03473,0.04471,0.04696,0.70843,0.70279,0.00045,0.00331,0.00133,
1560025174803619584,-0.70257,-8.21511,-0.03481,0.04492,0.04722,0.70854,0.70266,0.01486,0.02298,0.00052,
1560025174903619840,-0.70072,-8.21157,-0.03487,0.04594,0.04855,0.70852,0.70252,0.01935,0.04074,0.00103,
1560025175003620096,-0.70017,-8.20698,-0.03476,0.04573,0.04856,0.70851,0.70254,-0.00440,0.04407,0.00124,
1560025175103620352,-0.70323,-8.20265,-0.03469,0.04201,0.04476,0.70871,0.70282,-0.03669,0.04241,-0.00005,
1560025175203620608,-0.70665,-8.19797,-0.03473,0.03657,0.03923,0.70907,0.70309,-0.02096,0.04960,0.00007,
1560025175303568128,-0.70658,-8.19320,-0.03484,0.03401,0.03706,0.70917,0.70324,0.01853,0.04148,0.00110,
1560025175403568128,-0.70139,-8.18950,-0.03451,0.03542,0.04002,0.70885,0.70333,0.08595,0.03558,0.00604,
1560025175503568384,-0.69041,-8.18476,-0.03396,0.04130,0.04873,0.70820,0.70311,0.13139,0.05648,0.00728,
1560025175603568640,-0.67696,-8.17713,-0.03319,0.05047,0.06053,0.70722,0.70258,0.12578,0.08786,0.00491,
1560025175703568896,-0.66897,-8.16661,-0.03240,0.05751,0.06845,0.70628,0.70226,0.05187,0.11287,0.00488,
1560025175803595008,-0.66715,-8.15318,-0.03226,0.06037,0.07093,0.70605,0.70201,0.02923,0.14517,0.00273,
1560025175903595264,-0.66595,-8.13687,-0.03264,0.06347,0.07233,0.70581,0.70183,0.00808,0.18571,-0.00637,
1560025176003595264,-0.66627,-8.11414,-0.03461,0.07227,0.07473,0.70613,0.70041,0.02401,0.27585,-0.01949,
1560025176103595520,-0.65652,-8.09076,-0.03502,0.07879,0.08127,0.70602,0.69908,0.08195,0.23148,-0.00241,
1560025176203595520,-0.65342,-8.06299,-0.03796,0.07705,0.08019,0.71016,0.69520,0.01747,0.26067,-0.02794,
1560025176303590912,-0.65570,-8.04101,-0.03926,0.07064,0.07413,0.71328,0.69335,-0.02208,0.18760,-0.00011,
1560025176403591424,-0.65743,-8.02270,-0.03842,0.06481,0.06829,0.71369,0.69411,-0.02082,0.17072,0.01107,
1560025176503591680,-0.65840,-8.01087,-0.03521,0.06093,0.06388,0.71053,0.69811,-0.01535,0.07771,0.05708,
1560025176603592192,-0.65668,-7.98914,-0.03572,0.05826,0.06120,0.71001,0.69911,0.02338,0.27363,-0.02366,
1560025176703591936,-0.65611,-7.97034,-0.03488,0.05522,0.05807,0.70875,0.70089,0.00021,0.20573,0.00568,
1560025176803520256,-0.65582,-7.94590,-0.03607,0.05064,0.05387,0.71037,0.69993,-0.02171,0.15930,0.02456,
1560025176936853760,-0.65875,-7.91623,-0.03550,0.04180,0.04532,0.71069,0.70080,-0.03555,0.18898,0.02049,
1560025177003520768,-0.66142,-7.89923,-0.03602,0.03607,0.03983,0.71131,0.70082,-0.04497,0.26743,-0.01239,
1560025177136854272,-0.66991,-7.86739,-0.03625,0.02238,0.02615,0.71210,0.70123,-0.07189,0.23975,-0.00019,
1560025177203521280,-0.67556,-7.85295,-0.03628,0.01472,0.01835,0.71186,0.70193,-0.08801,0.25355,-0.00830,
1560025177303502592,-0.68461,-7.82822,-0.03632,0.00226,0.00603,0.71223,0.70191,-0.09799,0.23228,0.00412,
1560025177403502592,-0.69404,-7.80352,-0.03639,-0.01101,-0.00681,0.71253,0.70153,-0.09824,0.21075,0.01112,
1560025177503502848,-0.70298,-7.78104,-0.03584,-0.02275,-0.01824,0.71217,0.70140,-0.09360,0.19845,0.00921,
1560025177603503104,-0.71235,-7.76057,-0.03503,-0.03365,-0.02892,0.71155,0.70123,-0.09595,0.20009,0.00011,
1560025177703503104,-0.72131,-7.74234,-0.03464,-0.04396,-0.03908,0.71080,0.70093,-0.09200,0.19510,-0.00508,
1560025177836837888,-0.73294,-7.71998,-0.03452,-0.05561,-0.05103,0.70999,0.70016,-0.08474,0.16152,-0.00041,
1560025177903504640,-0.73817,-7.71042,-0.03450,-0.06096,-0.05641,0.70935,0.69995,-0.08056,0.14375,0.00145,
1560025178003504896,-0.74625,-7.69611,-0.03443,-0.06843,-0.06388,0.70875,0.69922,-0.07255,0.13045,0.00117,
1560025178103505152,-0.75407,-7.68406,-0.03441,-0.07464,-0.07056,0.70811,0.69859,-0.07607,0.09678,0.00575,
1560025178203505152,-0.76037,-7.67533,-0.03440,-0.07839,-0.07521,0.70702,0.69880,-0.04754,0.08229,-0.00079,
1560025178303473664,-0.76401,-7.66808,-0.03434,-0.08103,-0.07828,0.70660,0.69859,-0.03015,0.06479,0.00154,
1560025178436807424,-0.76928,-7.65859,-0.03399,-0.08412,-0.08187,0.70615,0.69826,-0.03987,0.07281,0.00210,
1560025178503474176,-0.77272,-7.65285,-0.03392,-0.08635,-0.08431,0.70575,0.69810,-0.05555,0.08846,0.00077,
1560025178603474432,-0.77934,-7.64307,-0.03364,-0.09072,-0.08908,0.70491,0.69781,-0.07363,0.11417,0.00248,
1560025178703474432,-0.78907,-7.63018,-0.03335,-0.09632,-0.09520,0.70396,0.69721,-0.09998,0.14333,0.00414,
1560025178803531776,-0.80067,-7.61483,-0.03339,-0.10328,-0.10263,0.70250,0.69664,-0.12491,0.17228,0.00312,
1560025178903532288,-0.81455,-7.59622,-0.03389,-0.11192,-0.11147,0.70085,0.69559,-0.14840,0.19772,0.00053,
1560025179003532288,-0.83073,-7.57596,-0.03369,-0.12190,-0.12172,0.69878,0.69429,-0.17505,0.21052,0.00249,
1560025179103532800,-0.84890,-7.55463,-0.03339,-0.13322,-0.13319,0.69646,0.69243,-0.18982,0.21323,0.00312,
1560025179203533056,-0.86865,-7.53317,-0.03274,-0.14597,-0.14588,0.69368,0.69008,-0.21373,0.21389,0.00252,
1560025179303504384,-0.89131,-7.51213,-0.03313,-0.15951,-0.15995,0.69141,0.68624,-0.22350,0.18517,0.00480,
1560025179403504640,-0.91499,-7.49414,-0.03375,-0.17438,-0.17508,0.68802,0.68232,-0.23819,0.16451,0.00320,
1560025179503504896,-0.93989,-7.47857,-0.03420,-0.19006,-0.19112,0.68391,0.67795,-0.24909,0.15123,-0.00351,
1560025179603505152,-0.96475,-7.46318,-0.03475,-0.20492,-0.20632,0.67978,0.67331,-0.24783,0.15005,-0.00517,
1560025179703505152,-0.98747,-7.44697,-0.03506,-0.21659,-0.21832,0.67632,0.66934,-0.21979,0.15501,0.00120,
1560025179803458048,-1.00765,-7.42879,-0.03542,-0.22476,-0.22654,0.67370,0.66655,-0.21037,0.18546,-0.00176,
1560025179903458304,-1.02453,-7.40846,-0.03548,-0.22866,-0.23057,0.67241,0.66514,-0.18632,0.21514,-0.00024,
1560025180003458560,-1.04095,-7.38603,-0.03592,-0.22993,-0.23157,0.67196,0.66481,-0.17542,0.22261,0.00073,
1560025180103458560,-1.05878,-7.36328,-0.03630,-0.23010,-0.23179,0.67188,0.66476,-0.17907,0.23105,-0.00214,
1560025180236792320,-1.08386,-7.33314,-0.03609,-0.22972,-0.23184,0.67185,0.66490,-0.17187,0.22423,-0.00117,
1560025180303450880,-1.09550,-7.31727,-0.03651,-0.22934,-0.23131,0.67217,0.66490,-0.15908,0.23216,-0.00102,
1560025180403450880,-1.11226,-7.29463,-0.03650,-0.22932,-0.23043,0.67230,0.66507,-0.16963,0.21943,-0.00249,
1560025180503451136,-1.12849,-7.27253,-0.03651,-0.22940,-0.23006,0.67239,0.66509,-0.16345,0.21743,-0.00147,
1560025180603451392,-1.14565,-7.25094,-0.03632,-0.22996,-0.23021,0.67247,0.66476,-0.16526,0.21552,-0.00014,
1560025180703451648,-1.16336,-7.22845,-0.03627,-0.23010,-0.23012,0.67263,0.66458,-0.16587,0.21675,0.00088,
1560025180803392768,-1.18120,-7.20489,-0.03679,-0.22999,-0.22971,0.67318,0.66421,-0.16581,0.22096,-0.00028,
1560025180903393024,-1.19902,-7.18255,-0.03688,-0.22994,-0.22947,0.67337,0.66411,-0.17337,0.21607,-0.00045,
1560025181003393536,-1.21811,-7.15847,-0.03713,-0.22956,-0.22938,0.67375,0.66389,-0.17501,0.22145,0.00061,
1560025181103393536,-1.23528,-7.13745,-0.03670,-0.22961,-0.22916,0.67359,0.66411,-0.17607,0.22183,-0.00062,
1560025181203393536,-1.25198,-7.11611,-0.03643,-0.23007,-0.22939,0.67373,0.66372,-0.16743,0.21329,0.00325,
1560025181303366656,-1.26825,-7.09449,-0.03615,-0.23015,-0.22915,0.67370,0.66382,-0.16205,0.21145,0.00281,
1560025181403367168,-1.28433,-7.07228,-0.03632,-0.22955,-0.22824,0.67404,0.66399,-0.15202,0.21977,0.00072,
1560025181503366912,-1.29986,-7.04993,-0.03664,-0.22841,-0.22677,0.67478,0.66413,-0.15507,0.22370,0.00006,
1560025181603367168,-1.31546,-7.02818,-0.03685,-0.22694,-0.22507,0.67543,0.66456,-0.16099,0.22995,-0.00343,
1560025181703367424,-1.33142,-7.00449,-0.03729,-0.22482,-0.22290,0.67652,0.66490,-0.15534,0.23394,-0.00136,
1560025181803440640,-1.34638,-6.98203,-0.03747,-0.22115,-0.21957,0.67766,0.66607,-0.14562,0.24299,-0.00337,
1560025181903440640,-1.36020,-6.95700,-0.03771,-0.21609,-0.21464,0.67945,0.66752,-0.13158,0.25434,-0.00217,
1560025182036774400,-1.37616,-6.92250,-0.03840,-0.20753,-0.20602,0.68248,0.66986,-0.11442,0.26314,-0.00136,
1560025182136774400,-1.38650,-6.89608,-0.03870,-0.20011,-0.19836,0.68507,0.67178,-0.09429,0.26870,0.00073,
1560025182203441408,-1.39411,-6.87851,-0.03871,-0.19501,-0.19319,0.68660,0.67323,-0.10375,0.26859,-0.00341,
1560025182303355392,-1.40386,-6.85260,-0.03905,-0.18759,-0.18576,0.68884,0.67513,-0.09282,0.25881,0.00151,
1560025182403355648,-1.41361,-6.82782,-0.03885,-0.17982,-0.17847,0.69064,0.67737,-0.09352,0.25357,0.00070,
1560025182503355904,-1.42257,-6.80318,-0.03848,-0.17303,-0.17154,0.69206,0.67947,-0.07626,0.24066,0.00510,
1560025182603355904,-1.42942,-6.78046,-0.03803,-0.16694,-0.16487,0.69317,0.68151,-0.06948,0.23625,0.00138,
1560025182736689920,-1.43823,-6.74906,-0.03843,-0.15862,-0.15628,0.69496,0.68370,-0.06402,0.23645,-0.00296,
1560025182803328768,-1.44290,-6.73280,-0.03846,-0.15427,-0.15196,0.69595,0.68466,-0.06183,0.22869,0.00045,
1560025182903329024,-1.44957,-6.70981,-0.03851,-0.14759,-0.14566,0.69722,0.68621,-0.06097,0.23133,-0.00169,
1560025183003329280,-1.45573,-6.68748,-0.03821,-0.14177,-0.13985,0.69838,0.68747,-0.05825,0.22393,-0.00000,
1560025183103329536,-1.46186,-6.66571,-0.03758,-0.13590,-0.13433,0.69924,0.68887,-0.04879,0.20948,0.00470,
1560025183203329536,-1.46604,-6.64504,-0.03665,-0.12967,-0.12799,0.69982,0.69070,-0.03509,0.20079,0.00397,
1560025183303303424,-1.47005,-6.62432,-0.03622,-0.12441,-0.12234,0.70059,0.69190,-0.03392,0.18867,0.00283,
1560025183403303680,-1.47312,-6.60515,-0.03586,-0.12009,-0.11729,0.70124,0.69288,-0.02532,0.18379,0.00393,
1560025183503303936,-1.47630,-6.58486,-0.03634,-0.11586,-0.11236,0.70200,0.69365,-0.03235,0.19302,-0.00183,
1560025183636637440,-1.48191,-6.55944,-0.03643,-0.11128,-0.10748,0.70250,0.69466,-0.04601,0.17729,0.00134,
1560025183703304192,-1.48515,-6.54699,-0.03591,-0.10965,-0.10577,0.70260,0.69509,-0.05226,0.17986,-0.00049,
1560025183803279616,-1.48968,-6.52916,-0.03510,-0.10699,-0.10327,0.70255,0.69593,-0.04377,0.17373,0.00780,
1560025183903279872,-1.49391,-6.51026,-0.03471,-0.10417,-0.10027,0.70260,0.69674,-0.04029,0.18664,0.00449,
1560025184003279872,-1.49792,-6.48995,-0.03431,-0.10150,-0.09742,0.70278,0.69735,-0.04374,0.20458,0.00175,
1560025184136613632,-1.50422,-6.46211,-0.03437,-0.09834,-0.09399,0.70335,0.69770,-0.05115,0.22210,-0.00114,
1560025184203280128,-1.50761,-6.44667,-0.03449,-0.09701,-0.09255,0.70390,0.69753,-0.05012,0.22892,-0.00189,
1560025184303286016,-1.51334,-6.42308,-0.03527,-0.09575,-0.09084,0.70476,0.69706,-0.06048,0.24392,-0.00541,
1560025184403286272,-1.51984,-6.39819,-0.03556,-0.09473,-0.08980,0.70551,0.69658,-0.06560,0.23674,0.00168,
1560025184503286272,-1.52672,-6.37449,-0.03517,-0.09378,-0.08889,0.70549,0.69685,-0.06795,0.24171,0.00293,
1560025184603286528,-1.53232,-6.34934,-0.03530,-0.09242,-0.08763,0.70559,0.69708,-0.06002,0.25503,0.00002,
1560025184703286784,-1.53784,-6.32361,-0.03558,-0.09080,-0.08577,0.70572,0.69739,-0.05705,0.26366,-0.00040,
1560025184836538368,-1.54427,-6.28678,-0.03607,-0.08688,-0.08199,0.70617,0.69789,-0.04565,0.28963,-0.00587,
1560025184903205120,-1.54703,-6.26815,-0.03574,-0.08440,-0.07937,0.70670,0.69797,-0.03577,0.27635,0.00037,
1560025185003205376,-1.55019,-6.24113,-0.03597,-0.08019,-0.07515,0.70717,0.69845,-0.03337,0.26059,0.00405,
1560025185103205632,-1.55276,-6.21515,-0.03567,-0.07533,-0.07057,0.70770,0.69893,-0.02131,0.25751,0.00209,
1560025185203205888,-1.55533,-6.18888,-0.03626,-0.07007,-0.06574,0.70822,0.69943,-0.02674,0.25949,0.00063,
1560025185303172608,-1.55820,-6.16239,-0.03698,-0.06524,-0.06112,0.70877,0.69975,-0.01870,0.26864,-0.00108,
1560025185403172864,-1.56130,-6.13479,-0.03742,-0.06022,-0.05655,0.70932,0.70003,-0.02248,0.27691,-0.00347,
1560025185503173120,-1.56274,-6.10688,-0.03820,-0.05406,-0.05091,0.70981,0.70046,-0.00556,0.28223,-0.00171,
1560025185603173376,-1.56259,-6.07603,-0.03884,-0.04797,-0.04459,0.71019,0.70096,-0.00236,0.30498,-0.00287,
1560025185703173632,-1.56321,-6.04309,-0.03919,-0.04145,-0.03843,0.71049,0.70143,-0.00654,0.34198,-0.00899,
1560025185803284224,-1.56340,-6.00862,-0.03919,-0.03566,-0.03271,0.71091,0.70162,-0.00067,0.34636,0.00021,
1560025185903283968,-1.56250,-5.97265,-0.03846,-0.02986,-0.02677,0.71120,0.70184,0.00950,0.37069,0.00075,
1560025186003284480,-1.56128,-5.93433,-0.03839,-0.02362,-0.02018,0.71152,0.70198,0.01990,0.39398,-0.00194,
1560025186103284480,-1.55995,-5.89427,-0.03854,-0.01705,-0.01319,0.71183,0.70202,0.02585,0.39711,0.00494,
1560025186203284992,-1.55796,-5.85287,-0.03818,-0.01027,-0.00645,0.71189,0.70219,0.01350,0.42274,0.00130,
1560025186303121920,-1.55641,-5.81002,-0.03823,-0.00374,-0.00033,0.71181,0.70236,0.03149,0.43442,0.00224,
1560025186403122432,-1.55385,-5.76552,-0.03857,0.00233,0.00556,0.71166,0.70250,0.03817,0.44694,-0.00009,
1560025186503122688,-1.54954,-5.72044,-0.03883,0.00711,0.01145,0.71114,0.70292,0.04642,0.44257,0.00377,
1560025186603122944,-1.54625,-5.67560,-0.03884,0.01149,0.01603,0.71055,0.70337,0.03807,0.46386,-0.00550,
1560025186703123200,-1.54388,-5.62909,-0.03988,0.01529,0.01969,0.71080,0.70295,0.02866,0.48240,-0.01592,
1560025186803156992,-1.54098,-5.58416,-0.04018,0.01813,0.02291,0.71026,0.70333,0.03197,0.46366,-0.00787,
1560025186903157248,-1.53900,-5.53904,-0.04050,0.02055,0.02506,0.71017,0.70328,0.01988,0.44664,0.00428,
1560025187003157504,-1.53613,-5.49193,-0.04063,0.02319,0.02716,0.71035,0.70294,0.02489,0.46133,-0.00108,
1560025187103157760,-1.53292,-5.44466,-0.04037,0.02656,0.02968,0.71010,0.70297,0.04773,0.47799,-0.00567,
1560025187203157760,-1.52905,-5.39711,-0.04030,0.03008,0.03258,0.71006,0.70275,0.03590,0.48427,-0.00096,
1560025187303141120,-1.52351,-5.34796,-0.04030,0.03406,0.03616,0.70993,0.70252,0.06181,0.49853,0.00037,
1560025187403141376,-1.51793,-5.29699,-0.04001,0.03818,0.03968,0.71035,0.70169,0.06447,0.49973,-0.00040,
1560025187503141632,-1.51127,-5.24742,-0.04007,0.04203,0.04320,0.71062,0.70099,0.07792,0.50167,0.00402,
1560025187603141888,-1.50251,-5.19711,-0.03975,0.04545,0.04690,0.71052,0.70064,0.08145,0.52018,-0.00106,
1560025187703142144,-1.49445,-5.14553,-0.03959,0.04911,0.05057,0.71030,0.70036,0.09648,0.52651,-0.00159,
1560025187803180288,-1.48489,-5.09166,-0.04029,0.05210,0.05420,0.71008,0.70009,0.09164,0.53124,-0.00135,
1560025187903180544,-1.47548,-5.03635,-0.04063,0.05563,0.05786,0.70976,0.69986,0.10390,0.53315,0.00514,
1560025188003181056,-1.46526,-4.98074,-0.04092,0.05887,0.06159,0.70915,0.69989,0.10672,0.55409,-0.00011,
1560025188103180800,-1.45361,-4.92401,-0.04150,0.06161,0.06531,0.70899,0.69948,0.11916,0.56636,-0.00154,
1560025188203181312,-1.44161,-4.86564,-0.04231,0.06467,0.06887,0.70926,0.69858,0.13315,0.59479,-0.00755,
1560025188303089920,-1.42722,-4.80548,-0.04274,0.06707,0.07284,0.70945,0.69777,0.13953,0.59033,-0.00007,
1560025188403089920,-1.41318,-4.74466,-0.04304,0.07026,0.07607,0.70910,0.69746,0.13793,0.59596,-0.00323,
1560025188503090432,-1.39734,-4.68355,-0.04296,0.07388,0.08048,0.70856,0.69714,0.15944,0.60404,0.00288,
1560025188603090176,-1.38200,-4.62276,-0.04243,0.07918,0.08522,0.70748,0.69709,0.14668,0.61136,0.00611,
1560025188703090688,-1.36567,-4.56057,-0.04190,0.08527,0.09030,0.70672,0.69650,0.16663,0.57169,0.02025,
1560025188803033344,-1.34871,-4.50296,-0.04128,0.09108,0.09542,0.70491,0.69692,0.19181,0.58804,-0.00179,
1560025188903033856,-1.32885,-4.44473,-0.04114,0.09656,0.10143,0.70389,0.69636,0.20071,0.54850,0.01506,
1560025189003033856,-1.30887,-4.38590,-0.04102,0.10345,0.10773,0.70276,0.69557,0.21262,0.56439,0.00502,
1560025189103034368,-1.28529,-4.32696,-0.04148,0.10998,0.11507,0.70221,0.69395,0.23015,0.56281,-0.00314,
1560025189203034112,-1.26125,-4.26862,-0.04124,0.11723,0.12243,0.70085,0.69287,0.24120,0.54611,0.00229,
1560025189303045888,-1.23675,-4.21295,-0.04122,0.12442,0.12965,0.69961,0.69156,0.24635,0.54360,0.00044,
1560025189403046144,-1.21159,-4.15752,-0.04134,0.13147,0.13684,0.69856,0.68993,0.25021,0.55217,-0.00045,
1560025189503046400,-1.18448,-4.10226,-0.04187,0.13917,0.14449,0.69745,0.68798,0.29493,0.53298,0.00155,
1560025189603046400,-1.15453,-4.05126,-0.04201,0.14860,0.15409,0.69561,0.68578,0.32384,0.51728,0.00029,
1560025189703046656,-1.11999,-4.00082,-0.04211,0.16060,0.16651,0.69298,0.68283,0.35640,0.49563,-0.00570,
1560025189802981888,-1.08228,-3.95172,-0.04218,0.17513,0.18133,0.68945,0.67905,0.39026,0.47307,0.00001,
1560025189902982144,-1.04254,-3.90454,-0.04200,0.19125,0.19698,0.68513,0.67470,0.41345,0.44976,0.00314,
1560025190002982400,-0.99855,-3.85989,-0.04235,0.20725,0.21341,0.68013,0.67002,0.45058,0.44966,-0.00503,
1560025190102982656,-0.95139,-3.81332,-0.04248,0.22365,0.22966,0.67508,0.66446,0.47084,0.43542,-0.00027,
1560025190202982912,-0.90131,-3.76809,-0.04312,0.23800,0.24493,0.67000,0.65914,0.49910,0.41327,0.00038,
1560025190302988032,-0.85224,-3.72268,-0.04345,0.25087,0.25754,0.66500,0.65460,0.49772,0.44391,-0.00862,
1560025190402988032,-0.80432,-3.67750,-0.04323,0.26168,0.26745,0.66040,0.65105,0.48040,0.43889,-0.00273,
1560025190502988288,-0.75742,-3.63242,-0.04362,0.26879,0.27452,0.65738,0.64826,0.48423,0.42254,-0.00277,
1560025190602988544,-0.71240,-3.58767,-0.04345,0.27346,0.27880,0.65531,0.64657,0.42989,0.44919,0.00542,
1560025190702988800,-0.66886,-3.54251,-0.04318,0.27648,0.28007,0.65366,0.64641,0.46263,0.45553,-0.00392,
1560025190803032320,-0.62460,-3.49572,-0.04418,0.27592,0.27980,0.65431,0.64611,0.43258,0.47772,-0.00381,
1560025190903032832,-0.58255,-3.45007,-0.04408,0.27255,0.27679,0.65489,0.64825,0.40951,0.47856,0.00191,
1560025191003033088,-0.54502,-3.39998,-0.04573,0.26740,0.27095,0.65795,0.64976,0.41016,0.51643,-0.01005,
1560025191136366592,-0.49328,-3.33168,-0.04669,0.25686,0.26174,0.66257,0.65308,0.36685,0.51711,-0.00107,
1560025191203033344,-0.46822,-3.29720,-0.04691,0.25141,0.25663,0.66435,0.65542,0.37820,0.53163,-0.00828,
1560025191302976000,-0.43127,-3.24326,-0.04653,0.24314,0.24847,0.66752,0.65845,0.33563,0.53141,0.01153,
1560025191402976000,-0.39628,-3.18865,-0.04586,0.23545,0.23995,0.67005,0.66184,0.35386,0.54765,0.00579,
1560025191502976256,-0.36224,-3.13325,-0.04453,0.22661,0.23110,0.67255,0.66552,0.30995,0.54867,0.01245,
1560025191602976256,-0.33110,-3.07887,-0.04332,0.21637,0.22111,0.67521,0.66962,0.29750,0.56298,0.00551,
1560025191702976512,-0.30272,-3.02047,-0.04245,0.20519,0.20980,0.67855,0.67339,0.24101,0.55576,0.01581,
1560025191802976768,-0.27935,-2.96321,-0.04300,0.19261,0.19742,0.68228,0.67707,0.22615,0.58895,0.00265,
1560025191902156544,-0.25821,-2.90427,-0.04387,0.17865,0.18435,0.68685,0.67996,0.20672,0.59467,0.00456,
1560025192002156800,-0.24145,-2.84391,-0.04365,0.16334,0.16918,0.69100,0.68353,0.16185,0.61161,0.00418,
1560025192102156800,-0.23025,-2.78367,-0.04321,0.14553,0.15131,0.69471,0.68797,0.07098,0.64193,0.00845,
1560025192235490560,-0.22338,-2.70125,-0.04347,0.11972,0.12422,0.69978,0.69321,0.02962,0.62022,0.00618,
1560025192302157056,-0.22394,-2.66222,-0.04388,0.10642,0.11003,0.70151,0.69602,-0.01145,0.61692,0.00707,
1560025192402913792,-0.22563,-2.59726,-0.04492,0.08653,0.08856,0.70491,0.69840,-0.03502,0.62605,-0.00771,
1560025192502914048,-0.22935,-2.53641,-0.04576,0.06885,0.06961,0.70749,0.69991,-0.04260,0.60510,-0.00351,
1560025192602914048,-0.23341,-2.47445,-0.04656,0.05235,0.05233,0.70958,0.70073,-0.04742,0.60986,-0.00981,
1560025192702914304,-0.23680,-2.41440,-0.04714,0.03718,0.03737,0.71090,0.70131,-0.04814,0.59561,-0.00205,
1560025192802914560,-0.24066,-2.35245,-0.04685,0.02436,0.02490,0.71139,0.70193,-0.06402,0.61030,-0.00250,
1560025192902844672,-0.24605,-2.29130,-0.04637,0.01460,0.01467,0.71156,0.70232,-0.05713,0.60130,-0.00156,
1560025193036178432,-0.25311,-2.21078,-0.04649,0.00222,0.00299,0.71172,0.70246,-0.07210,0.60722,-0.00654,
1560025193102845184,-0.25690,-2.17182,-0.04681,-0.00298,-0.00217,0.71168,0.70249,-0.06517,0.59722,0.00188,
1560025193202845696,-0.26321,-2.10915,-0.04659,-0.00895,-0.00796,0.71133,0.70275,-0.05879,0.62532,-0.00599,
1560025193302845696,-0.27063,-2.04622,-0.04660,-0.01302,-0.01247,0.71153,0.70242,-0.07204,0.63002,0.00046,
1560025193402812672,-0.28017,-1.97998,-0.04677,-0.01801,-0.01787,0.71162,0.70211,-0.09762,0.64202,-0.00064,
1560025193502813184,-0.29210,-1.91682,-0.04648,-0.02402,-0.02425,0.71136,0.70200,-0.11833,0.63681,-0.00080,
1560025193602813184,-0.30548,-1.85401,-0.04621,-0.02957,-0.03028,0.71072,0.70220,-0.12272,0.62872,0.00806,
1560025193702813184,-0.31773,-1.79145,-0.04617,-0.03419,-0.03513,0.71037,0.70212,-0.12599,0.63763,0.00413,
1560025193802813440,-0.32649,-1.72931,-0.04484,-0.03823,-0.03795,0.70949,0.70265,-0.08258,0.62094,0.01396,
1560025193902814976,-0.33529,-1.66768,-0.04414,-0.04096,-0.03995,0.70885,0.70303,-0.09923,0.63294,0.00332,
1560025194002815232,-0.34438,-1.60507,-0.04344,-0.04295,-0.04120,0.70864,0.70306,-0.09833,0.62350,0.00727,
1560025194102815488,-0.35409,-1.54332,-0.04262,-0.04370,-0.04204,0.70838,0.70323,-0.09851,0.63068,-0.00005,
1560025194202815744,-0.36310,-1.47807,-0.04217,-0.04458,-0.04244,0.70896,0.70256,-0.10613,0.61606,0.00685,
1560025194302815744,-0.37333,-1.41451,-0.04181,-0.04449,-0.04306,0.70935,0.70213,-0.09388,0.62672,0.00052,
1560025194402863872,-0.38185,-1.35301,-0.04222,-0.04419,-0.04276,0.70986,0.70165,-0.07539,0.61427,0.00208,
1560025194502864640,-0.38976,-1.29340,-0.04241,-0.04339,-0.04168,0.70964,0.70199,-0.07395,0.62157,-0.00222,
1560025194602864640,-0.39846,-1.23191,-0.04243,-0.04228,-0.04053,0.70977,0.70200,-0.08890,0.62621,-0.00839,
1560025194702864896,-0.40572,-1.16941,-0.04257,-0.04134,-0.03916,0.71006,0.70184,-0.07016,0.61452,-0.00173,
1560025194802865152,-0.41372,-1.10572,-0.04260,-0.04023,-0.03783,0.71041,0.70162,-0.06266,0.61366,0.00286,
1560025194902811648,-0.42189,-1.04391,-0.04259,-0.03937,-0.03668,0.71044,0.70170,-0.08104,0.63415,-0.00396,
1560025195002811648,-0.42942,-0.98063,-0.04299,-0.03833,-0.03562,0.71113,0.70111,-0.07275,0.63185,0.00209,
1560025195102812160,-0.43701,-0.91581,-0.04219,-0.03703,-0.03421,0.71137,0.70101,-0.07502,0.65522,0.00202,
1560025195202812160,-0.44372,-0.85004,-0.04157,-0.03604,-0.03244,0.71146,0.70105,-0.05675,0.65689,0.00671,
1560025195302812672,-0.45105,-0.78360,-0.04116,-0.03446,-0.03123,0.71167,0.70097,-0.07017,0.65846,0.00494,
1560025195402770688,-0.45839,-0.71680,-0.04089,-0.03266,-0.02975,0.71176,0.70103,-0.06224,0.63993,0.01458,
1560025195502770944,-0.46455,-0.65194,-0.04001,-0.03094,-0.02827,0.71116,0.70178,-0.06718,0.65709,-0.00361,
1560025195602771200,-0.47076,-0.58678,-0.04071,-0.02923,-0.02722,0.71172,0.70132,-0.07079,0.64536,-0.00208,
1560025195702771456,-0.47650,-0.52599,-0.04011,-0.02868,-0.02658,0.71078,0.70232,-0.09760,0.58629,0.00917,
1560025195802771456,-0.48512,-0.46561,-0.04043,-0.02568,-0.02620,0.71083,0.70241,-0.03800,0.59456,0.00510,
1560025195902767872,-0.48718,-0.40577,-0.03976,-0.02565,-0.02443,0.71046,0.70285,-0.02534,0.58783,0.00780,
1560025196002768128,-0.49143,-0.34635,-0.03952,-0.02660,-0.02437,0.70969,0.70359,-0.04513,0.61526,-0.00613,
1560025196102768384,-0.49697,-0.28523,-0.04098,-0.02710,-0.02485,0.71167,0.70155,-0.04895,0.57640,0.00198,
1560025196202768640,-0.50264,-0.22990,-0.04051,-0.02765,-0.02532,0.71085,0.70235,-0.04672,0.56982,-0.00227,
1560025196302768384,-0.50649,-0.17341,-0.04085,-0.02968,-0.02574,0.71113,0.70196,-0.05098,0.53987,0.00044,
1560025196402653184,-0.51136,-0.11917,-0.04086,-0.03141,-0.02649,0.71103,0.70196,-0.04453,0.53277,-0.00508,
1560025196502653952,-0.51764,-0.06553,-0.04153,-0.03245,-0.02722,0.71150,0.70141,-0.05792,0.50176,0.00927,
1560025196602653696,-0.52507,-0.01891,-0.04009,-0.03233,-0.02786,0.71035,0.70255,-0.06103,0.47928,0.00854,
1560025196702654208,-0.53016,0.02754,-0.03920,-0.03275,-0.02777,0.71012,0.70277,-0.04103,0.45825,0.00950,
1560025196802654208,-0.53460,0.07431,-0.03862,-0.03342,-0.02767,0.71021,0.70265,-0.02960,0.44685,0.00593,
1560025196902712064,-0.53840,0.11628,-0.03866,-0.03498,-0.02792,0.71015,0.70262,-0.04881,0.41699,0.00112,
1560025197002712576,-0.54313,0.15465,-0.03866,-0.03626,-0.02861,0.71032,0.70237,-0.04859,0.37019,0.00524,
1560025197102712320,-0.54800,0.18949,-0.03848,-0.03697,-0.02925,0.71002,0.70260,-0.04161,0.33680,0.00262,
1560025197202712576,-0.55264,0.21743,-0.03760,-0.03728,-0.02993,0.70953,0.70305,-0.05102,0.27476,0.00567,
1560025197302712832,-0.55696,0.24075,-0.03667,-0.03719,-0.03060,0.70900,0.70356,-0.03513,0.22061,0.00090,
1560025197402725632,-0.55981,0.25630,-0.03603,-0.03813,-0.03156,0.70871,0.70376,-0.03200,0.15616,0.00275,
1560025197502725888,-0.56167,0.26776,-0.03616,-0.03853,-0.03206,0.70857,0.70386,-0.01520,0.10606,0.00098,
1560025197602725888,-0.56289,0.27545,-0.03614,-0.03858,-0.03222,0.70861,0.70380,-0.00888,0.06575,0.00065,
1560025197702726400,-0.56324,0.27988,-0.03621,-0.03852,-0.03211,0.70865,0.70377,-0.00307,0.03740,0.00030,
1560025197802726400,-0.56324,0.28278,-0.03608,-0.03848,-0.03207,0.70870,0.70373,-0.00162,0.02003,0.00156,
1560025197902709248,-0.56334,0.28391,-0.03599,-0.03854,-0.03216,0.70871,0.70371,0.00065,0.00674,0.00163,
1560025198002709504,-0.56330,0.28393,-0.03602,-0.03859,-0.03220,0.70869,0.70373,0.00291,-0.00337,0.00147,
1560025198102709760,-0.56326,0.28320,-0.03619,-0.03856,-0.03215,0.70867,0.70375,0.00301,-0.00674,0.00043,
1560025198202710016,-0.56313,0.28252,-0.03624,-0.03853,-0.03214,0.70868,0.70375,0.00280,-0.00546,0.00068,
1560025198302710016,-0.56309,0.28215,-0.03621,-0.03854,-0.03212,0.70870,0.70373,0.00136,-0.00118,0.00035,
1560025198402668544,-0.56318,0.28221,-0.03626,-0.03850,-0.03212,0.70869,0.70374,0.00055,0.00194,-0.00041,
1560025198502668544,-0.56314,0.28264,-0.03614,-0.03855,-0.03212,0.70872,0.70370,0.00181,-0.00014,0.00046,
1560025198602669056,-0.56324,0.28246,-0.03609,-0.03852,-0.03211,0.70876,0.70366,0.00118,-0.00124,0.00019,
