1560025110306326272,0.00285,-0.26948,-0.00583,0.69816,0.71591,0.00445,0.00451,-0.01036,-0.47544,-0.02353,
1560025110406327040,0.00311,-0.31617,-0.00520,0.69879,0.71531,0.00369,0.00340,-0.00461,-0.44991,0.00085,
1560025110506327040,0.00445,-0.37001,-0.00458,0.69797,0.71612,0.00279,0.00231,-0.00265,-0.45877,0.00238,
1560025110606327040,0.01144,-0.42312,-0.00109,0.69902,0.71509,0.00334,0.00094,0.02091,-0.48541,0.00380,
1560025110706261760,0.01783,-0.47717,-0.00044,0.69890,0.71520,0.00422,-0.00053,0.04186,-0.50182,-0.01252,
1560025110806262016,0.01773,-0.52658,-0.00048,0.69900,0.71511,0.00417,-0.00053,-0.01012,-0.45404,0.00996,
1560025110906262272,0.02216,-0.57602,0.00061,0.69905,0.71505,0.00523,-0.00022,0.02262,-0.43414,0.01030,
1560025111006262528,0.02751,-0.62341,0.00255,0.69981,0.71430,0.00590,0.00103,0.01751,-0.44140,0.00028,
1560025111106262784,0.02858,-0.67330,0.00077,0.69894,0.71514,0.00612,0.00394,0.04699,-0.45180,0.00444,
1560025111206246400,0.03302,-0.71653,0.00133,0.70069,0.71340,0.00827,0.00513,0.02775,-0.48771,-0.01255,
1560025111306246400,0.03547,-0.76383,0.00372,0.70060,0.71346,0.00925,0.00619,0.05432,-0.44803,0.01444,
1560025111406246656,0.03862,-0.81140,0.00448,0.70106,0.71301,0.00978,0.00582,0.02964,-0.50623,-0.00093,
1560025111506246912,0.03978,-0.85882,0.00661,0.70241,0.71169,0.00954,0.00541,0.02180,-0.45337,0.03264,
1560025111606247168,0.04010,-0.91116,0.00698,0.70282,0.71130,0.00899,0.00399,0.02240,-0.54464,0.00361,
1560025111706240256,0.04172,-0.96508,0.00835,0.70350,0.71064,0.00882,0.00115,0.01990,-0.57562,0.00081,
1560025111806240512,0.04132,-1.02041,0.00894,0.70388,0.71026,0.00927,-0.00132,0.01539,-0.56946,0.01077,
1560025111906240768,0.04226,-1.07826,0.01022,0.70420,0.70992,0.01000,-0.00346,0.00490,-0.58441,0.01883,
1560025112006241024,0.04324,-1.13876,0.01134,0.70465,0.70946,0.01058,-0.00395,0.03015,-0.62847,0.00543,
1560025112106241280,0.04632,-1.20165,0.01312,0.70538,0.70873,0.01141,-0.00392,0.03496,-0.64673,0.00851,
1560025112206290944,0.04947,-1.26593,0.01433,0.70520,0.70890,0.01148,-0.00370,0.02643,-0.64120,0.01391,
1560025112306291456,0.05228,-1.33160,0.01471,0.70480,0.70932,0.01076,-0.00256,0.02064,-0.65871,0.01053,
1560025112406291456,0.05454,-1.39683,0.01548,0.70461,0.70951,0.01045,-0.00146,0.02266,-0.65512,0.01149,
1560025112506291968,0.05795,-1.46281,0.01481,0.70376,0.71037,0.00950,-0.00107,0.04077,-0.65980,0.00514,
1560025112606291712,0.05979,-1.52822,0.01409,0.70300,0.71114,0.00825,-0.00122,0.01897,-0.67034,-0.00071,
1560025112706252032,0.06325,-1.59252,0.01305,0.70215,0.71198,0.00753,-0.00273,0.04085,-0.66307,-0.00602,
1560025112806252544,0.06406,-1.65657,0.01167,0.70106,0.71306,0.00567,-0.00482,0.00356,-0.65572,-0.00516,
1560025112906252288,0.06368,-1.72032,0.01124,0.70112,0.71300,0.00303,-0.00745,-0.01888,-0.65998,-0.00009,
1560025113006252800,0.05973,-1.78329,0.01079,0.70080,0.71330,-0.00056,-0.00931,-0.03955,-0.63884,0.00353,
1560025113106253056,0.05699,-1.84468,0.01086,0.70092,0.71311,-0.00400,-0.01295,-0.02718,-0.62607,0.00787,
1560025113206240000,0.05441,-1.90451,0.01154,0.70198,0.71194,-0.00763,-0.01756,-0.02706,-0.63267,-0.00153,
1560025113306240000,0.04960,-1.96364,0.01199,0.70264,0.71108,-0.01187,-0.02255,-0.04780,-0.59298,0.01620,
1560025113406240256,0.04617,-2.02262,0.01164,0.70308,0.71038,-0.01545,-0.02837,-0.03698,-0.59878,0.00690,
1560025113506240256,0.04062,-2.08114,0.01156,0.70394,0.70917,-0.01973,-0.03416,-0.08549,-0.61228,0.00061,
1560025113606240768,0.03404,-2.14101,0.01176,0.70407,0.70852,-0.02476,-0.04083,-0.08459,-0.60488,0.00144,
1560025113706225152,0.02422,-2.20113,0.01166,0.70376,0.70813,-0.03205,-0.04732,-0.09927,-0.60093,-0.00032,
1560025113806225408,0.01190,-2.25928,0.01240,0.70344,0.70729,-0.04140,-0.05655,-0.14885,-0.57471,0.00322,
1560025113906225664,-0.00555,-2.31624,0.01282,0.70218,0.70664,-0.05450,-0.06803,-0.20101,-0.55048,0.00754,
1560025114006225664,-0.02735,-2.37080,0.01330,0.70097,0.70476,-0.07064,-0.08343,-0.23934,-0.53904,0.00404,
1560025114106225664,-0.05570,-2.42331,0.01279,0.69839,0.70251,-0.09081,-0.10240,-0.30091,-0.52438,-0.00002,
1560025114206220032,-0.08839,-2.47332,0.01335,0.69521,0.69892,-0.11343,-0.12381,-0.34504,-0.47269,0.01259,
1560025114306220544,-0.12547,-2.52068,0.01338,0.69075,0.69468,-0.13777,-0.14595,-0.37351,-0.45787,0.00153,
1560025114406220800,-0.16600,-2.56765,0.01272,0.68530,0.68988,-0.16309,-0.16681,-0.41231,-0.44473,-0.00351,
1560025114506221056,-0.20962,-2.61601,0.01197,0.67869,0.68506,-0.18811,-0.18623,-0.41690,-0.41930,0.00460,
1560025114606221056,-0.25208,-2.66505,0.01020,0.67119,0.67978,-0.21172,-0.20634,-0.46441,-0.38944,0.00062,
1560025114706146048,-0.29678,-2.71107,0.00752,0.66284,0.67410,-0.23414,-0.22673,-0.46897,-0.41803,-0.01083,
1560025114806146048,-0.34385,-2.75053,0.00604,0.65546,0.66721,-0.25405,-0.24631,-0.51533,-0.35881,-0.00585,
1560025114906146304,-0.39187,-2.78675,0.00533,0.64892,0.65976,-0.27190,-0.26399,-0.49516,-0.37229,-0.00947,
1560025115006146304,-0.43802,-2.82166,0.00439,0.64230,0.65323,-0.28717,-0.27977,-0.49906,-0.36529,-0.01398,
1560025115106146816,-0.48329,-2.85386,0.00355,0.63604,0.64782,-0.29978,-0.29312,-0.48379,-0.34214,-0.00615,
1560025115206089216,-0.52923,-2.88102,0.00325,0.63122,0.64285,-0.31001,-0.30364,-0.44473,-0.31629,0.00462,
1560025115306089472,-0.57326,-2.90819,0.00326,0.62743,0.63779,-0.31807,-0.31367,-0.46293,-0.34090,-0.01290,
1560025115406089728,-0.61710,-2.93649,0.00260,0.62337,0.63449,-0.32475,-0.32151,-0.45616,-0.31024,-0.00452,
1560025115506090240,-0.66182,-2.96244,0.00187,0.62023,0.63141,-0.33081,-0.32742,-0.44936,-0.30497,-0.00520,
1560025115606090240,-0.70688,-2.98979,0.00127,0.61764,0.62845,-0.33579,-0.33289,-0.44776,-0.28236,0.00102,
1560025115706173440,-0.75271,-3.01776,0.00105,0.61577,0.62566,-0.33999,-0.33733,-0.43414,-0.29539,-0.00177,
1560025115806173440,-0.79941,-3.04630,0.00123,0.61464,0.62316,-0.34322,-0.34072,-0.45070,-0.27316,-0.00382,
1560025115906173440,-0.84160,-3.07471,0.00107,0.61411,0.62177,-0.34470,-0.34272,-0.42179,-0.29364,-0.00664,
1560025116006174208,-0.88375,-3.10357,0.00087,0.61441,0.62149,-0.34466,-0.34273,-0.40909,-0.29261,-0.00480,
1560025116106174208,-0.92476,-3.13407,0.00083,0.61604,0.62229,-0.34281,-0.34019,-0.38753,-0.32266,-0.00551,
1560025116206116864,-0.96325,-3.16797,0.00061,0.61848,0.62466,-0.33783,-0.33639,-0.37111,-0.34236,-0.00482,
1560025116306117376,-1.00008,-3.20356,0.00005,0.62171,0.62874,-0.33082,-0.32972,-0.34915,-0.37354,-0.00207,
1560025116406117376,-1.03546,-3.24053,0.00019,0.62637,0.63343,-0.32182,-0.32072,-0.34492,-0.38713,-0.00911,
1560025116506117632,-1.06686,-3.27840,0.00041,0.63173,0.63873,-0.31109,-0.31010,-0.30924,-0.39368,-0.00371,
1560025116606117632,-1.09674,-3.31762,-0.00015,0.63747,0.64487,-0.29926,-0.29700,-0.27966,-0.41111,-0.00453,
1560025116706099712,-1.12263,-3.35882,0.00008,0.64381,0.65079,-0.28550,-0.28368,-0.25588,-0.40154,0.00195,
1560025116806100480,-1.14842,-3.39981,0.00014,0.65016,0.65654,-0.27190,-0.26893,-0.22833,-0.42882,-0.00358,
1560025116906100480,-1.17237,-3.44396,0.00023,0.65569,0.66219,-0.25792,-0.25507,-0.21538,-0.43034,0.00571,
1560025117006100736,-1.19500,-3.48921,0.00067,0.66110,0.66682,-0.24419,-0.24222,-0.21407,-0.46913,-0.00409,
1560025117106100736,-1.21884,-3.53657,0.00073,0.66583,0.67158,-0.23101,-0.22866,-0.21462,-0.48163,-0.00104,
1560025117206051584,-1.24227,-3.58691,0.00095,0.67029,0.67638,-0.21750,-0.21430,-0.19954,-0.50443,0.00415,
1560025117306051840,-1.26342,-3.63964,0.00117,0.67432,0.68119,-0.20336,-0.19977,-0.17966,-0.51397,0.00832,
1560025117406052096,-1.28125,-3.69398,0.00189,0.67861,0.68521,-0.18851,-0.18558,-0.16584,-0.53363,0.00104,
1560025117506052352,-1.29652,-3.74716,0.00289,0.68304,0.68858,-0.17354,-0.17087,-0.12334,-0.53011,0.00952,
1560025117606052352,-1.30910,-3.80187,0.00348,0.68647,0.69207,-0.15869,-0.15690,-0.12068,-0.53574,0.00789,
1560025117706009856,-1.32175,-3.85623,0.00410,0.68940,0.69500,-0.14552,-0.14326,-0.11154,-0.54689,0.00938,
1560025117806010112,-1.33232,-3.91287,0.00487,0.69211,0.69749,-0.13223,-0.13038,-0.08945,-0.55909,0.01347,
1560025117906010112,-1.34081,-3.97140,0.00542,0.69443,0.69985,-0.11885,-0.11768,-0.09170,-0.59959,-0.00086,
1560025118006010880,-1.34780,-4.03145,0.00607,0.69649,0.70194,-0.10565,-0.10499,-0.06269,-0.61030,0.00280,
1560025118106010624,-1.35249,-4.09329,0.00631,0.69794,0.70409,-0.09251,-0.09261,-0.03261,-0.60304,0.01215,
1560025118205923584,-1.35547,-4.15531,0.00652,0.69915,0.70575,-0.08033,-0.08155,-0.02752,-0.63326,0.00175,
1560025118305923840,-1.35938,-4.21855,0.00671,0.69999,0.70704,-0.07030,-0.07187,-0.04480,-0.63681,0.00588,
1560025118405923840,-1.36392,-4.28397,0.00663,0.70033,0.70811,-0.06282,-0.06458,-0.06167,-0.66584,0.00309,
1560025118505924096,-1.37050,-4.34957,0.00714,0.70091,0.70836,-0.05797,-0.05995,-0.06986,-0.68681,-0.00035,
1560025118605924352,-1.37736,-4.41793,0.00697,0.70103,0.70865,-0.05527,-0.05758,-0.08066,-0.69718,-0.00459,
1560025118705926912,-1.38593,-4.48678,0.00675,0.70058,0.70936,-0.05369,-0.05591,-0.08109,-0.70231,-0.00356,
1560025118805927168,-1.39343,-4.55548,0.00701,0.70074,0.70941,-0.05212,-0.05466,-0.08654,-0.67974,0.00692,
1560025118905927424,-1.40189,-4.62391,0.00708,0.70080,0.70956,-0.05099,-0.05296,-0.06432,-0.68368,0.00444,
1560025119005927680,-1.40872,-4.69429,0.00686,0.70064,0.70983,-0.04944,-0.05290,-0.05938,-0.71192,-0.00114,
1560025119105927680,-1.41734,-4.76533,0.00689,0.70081,0.70982,-0.04837,-0.05177,-0.10071,-0.71620,-0.00104,
1560025119205924608,-1.42579,-4.83842,0.00732,0.70140,0.70952,-0.04683,-0.04931,-0.06637,-0.73413,-0.00418,
1560025119305924864,-1.43242,-4.91240,0.00758,0.70174,0.70948,-0.04458,-0.04697,-0.07585,-0.72831,0.00018,
1560025119405925120,-1.43835,-4.98697,0.00727,0.70165,0.70988,-0.04230,-0.04435,-0.05791,-0.73908,-0.00063,
1560025119505924864,-1.44422,-5.06115,0.00730,0.70162,0.71027,-0.03980,-0.04076,-0.05917,-0.72849,0.00204,
1560025119605925376,-1.44951,-5.13503,0.00679,0.70136,0.71077,-0.03793,-0.03810,-0.06713,-0.73224,0.00424,
1560025119705959680,-1.45293,-5.20863,0.00683,0.70196,0.71043,-0.03552,-0.03583,-0.02238,-0.75856,0.00004,
1560025119805959936,-1.45611,-5.28265,0.00684,0.70238,0.71029,-0.03266,-0.03274,-0.03544,-0.75340,0.00205,
1560025119905960448,-1.45481,-5.35714,0.00665,0.70267,0.71031,-0.02890,-0.02957,-0.02101,-0.74941,0.00218,
1560025120005960448,-1.45432,-5.43147,0.00680,0.70302,0.71023,-0.02568,-0.02616,-0.01469,-0.74724,0.00264,
1560025120105960704,-1.45216,-5.50473,0.00673,0.70337,0.71010,-0.02238,-0.02326,0.00831,-0.75098,0.00078,
1560025120205859840,-1.44939,-5.58009,0.00660,0.70319,0.71046,-0.01841,-0.02071,0.01903,-0.76125,0.00062,
1560025120305860096,-1.44728,-5.65557,0.00657,0.70306,0.71074,-0.01530,-0.01787,0.02440,-0.77406,-0.00093,
1560025120405860352,-1.44393,-5.73290,0.00643,0.70316,0.71081,-0.01104,-0.01389,0.03760,-0.78422,0.00291,
1560025120505860608,-1.43822,-5.81028,0.00588,0.70295,0.71116,-0.00568,-0.00871,0.05639,-0.80161,-0.00692,
1560025120605860608,-1.43062,-5.88878,0.00514,0.70269,0.71148,-0.00033,-0.00446,0.08029,-0.79109,-0.00223,
1560025120705903360,-1.42272,-5.96468,0.00463,0.70277,0.71141,0.00433,-0.00000,0.07228,-0.76504,0.01278,
1560025120805903616,-1.41335,-6.04069,0.00394,0.70246,0.71164,0.00985,0.00502,0.09203,-0.77454,0.00565,
1560025120905903872,-1.40356,-6.11633,0.00447,0.70282,0.71107,0.01639,0.01231,0.13834,-0.78947,-0.00340,
1560025121005903872,-1.38922,-6.19240,0.00454,0.70267,0.71080,0.02461,0.02028,0.13848,-0.76651,0.00492,
1560025121105904128,-1.37469,-6.26599,0.00526,0.70295,0.70988,0.03287,0.02921,0.15997,-0.74574,0.00363,
1560025121205823232,-1.35871,-6.33935,0.00573,0.70243,0.70958,0.04106,0.03752,0.17614,-0.71942,0.00123,
1560025121305823232,-1.34176,-6.40866,0.00645,0.70205,0.70901,0.04891,0.04528,0.17778,-0.67683,0.00087,
1560025121405823488,-1.32371,-6.46927,0.00688,0.70128,0.70861,0.05691,0.05323,0.19347,-0.60631,0.00983,
1560025121505823488,-1.30328,-6.52752,0.00701,0.70054,0.70798,0.06551,0.06103,0.22000,-0.58086,0.00124,
1560025121605824000,-1.28225,-6.58313,0.00704,0.69949,0.70738,0.07455,0.06904,0.22100,-0.56315,0.00348,
1560025121705796096,-1.26235,-6.63288,0.00759,0.69857,0.70653,0.08292,0.07708,0.22356,-0.53233,0.00055,
1560025121805796096,-1.24232,-6.67875,0.00784,0.69766,0.70546,0.09121,0.08536,0.21267,-0.49988,0.00245,
1560025121905796352,-1.21998,-6.72191,0.00751,0.69592,0.70458,0.10122,0.09492,0.25325,-0.45702,0.00136,
1560025122005796608,-1.19720,-6.76263,0.00760,0.69433,0.70308,0.11157,0.10555,0.23397,-0.42855,0.00338,
1560025122105796608,-1.17401,-6.80032,0.00749,0.69264,0.70118,0.12228,0.11676,0.24909,-0.38832,0.00034,
1560025122205774848,-1.14874,-6.83471,0.00649,0.69003,0.69967,0.13375,0.12819,0.25647,-0.35566,-0.00479,
1560025122305774848,-1.12331,-6.86613,0.00546,0.68739,0.69799,0.14489,0.13901,0.24753,-0.31962,-0.00438,
1560025122405775104,-1.10080,-6.89184,0.00513,0.68521,0.69592,0.15489,0.14897,0.23121,-0.27976,-0.00546,
1560025122505775360,-1.08002,-6.91545,0.00478,0.68284,0.69387,0.16434,0.15894,0.21840,-0.24168,0.00005,
1560025122605775616,-1.05872,-6.93843,0.00471,0.68037,0.69160,0.17396,0.16891,0.21788,-0.22809,-0.00085,
1560025122705796864,-1.03809,-6.96023,0.00470,0.67782,0.68934,0.18308,0.17845,0.21561,-0.21321,0.00181,
1560025122805797120,-1.01791,-6.97936,0.00477,0.67554,0.68716,0.19136,0.18667,0.21328,-0.20730,-0.00075,
1560025122905797120,-0.99772,-6.99658,0.00494,0.67362,0.68487,0.19906,0.19383,0.22219,-0.19464,-0.00034,
1560025123005797376,-0.97640,-7.01397,0.00466,0.67168,0.68306,0.20608,0.19952,0.23369,-0.20555,-0.00431,
1560025123105797632,-0.95450,-7.03445,0.00457,0.67032,0.68147,0.21154,0.20375,0.21445,-0.22909,0.00509,
1560025123205817600,-0.93315,-7.05863,0.00525,0.66933,0.67987,0.21558,0.20810,0.22408,-0.24491,0.00692,
1560025123305817856,-0.90922,-7.08530,0.00563,0.66847,0.67824,0.21932,0.21222,0.24839,-0.27676,0.00262,
1560025123405818112,-0.88504,-7.11445,0.00653,0.66836,0.67677,0.22154,0.21494,0.24302,-0.29659,0.01250,
1560025123505818368,-0.86095,-7.14683,0.00690,0.66846,0.67599,0.22229,0.21631,0.27173,-0.33386,0.00122,
1560025123605818368,-0.83415,-7.18065,0.00709,0.66920,0.67591,0.22180,0.21478,0.28397,-0.37491,-0.00148,
1560025123705827840,-0.81101,-7.21790,0.00782,0.67006,0.67664,0.21913,0.21249,0.27165,-0.39327,0.00658,
1560025123805827840,-0.78388,-7.25714,0.00816,0.67058,0.67717,0.21721,0.21115,0.30334,-0.40635,-0.00092,
1560025123905828352,-0.75636,-7.29696,0.00778,0.67082,0.67761,0.21646,0.20975,0.30438,-0.43103,-0.00053,
1560025124005828352,-0.72659,-7.33979,0.00755,0.67095,0.67738,0.21613,0.21043,0.32842,-0.45231,-0.00247,
1560025124105828608,-0.69446,-7.38368,0.00709,0.67021,0.67750,0.21695,0.21154,0.34050,-0.45142,0.00579,
1560025124205830912,-0.66208,-7.42952,0.00667,0.66958,0.67754,0.21769,0.21261,0.35627,-0.48825,-0.00394,
1560025124305830656,-0.62822,-7.47682,0.00628,0.66934,0.67788,0.21746,0.21253,0.37129,-0.50680,-0.00653,
1560025124405831168,-0.59312,-7.52564,0.00580,0.66921,0.67843,0.21682,0.21185,0.37137,-0.51470,-0.00488,
1560025124505831424,-0.55933,-7.57648,0.00546,0.66893,0.67904,0.21569,0.21191,0.36825,-0.53320,-0.00848,
1560025124605831936,-0.52711,-7.62568,0.00488,0.66875,0.67951,0.21504,0.21165,0.36954,-0.53538,-0.00509,
1560025124705723136,-0.48916,-7.68015,0.00436,0.66853,0.67994,0.21460,0.21142,0.39602,-0.53334,-0.00019,
1560025124805723392,-0.44746,-7.73771,0.00372,0.66878,0.68007,0.21406,0.21076,0.41025,-0.56955,-0.00773,
1560025124905723648,-0.40718,-7.79583,0.00288,0.66883,0.68077,0.21275,0.20966,0.41582,-0.58940,-0.00480,
1560025125005723904,-0.36725,-7.85565,0.00235,0.66963,0.68129,0.21044,0.20776,0.41107,-0.63881,-0.01244,
1560025125105723904,-0.32631,-7.91725,0.00158,0.67011,0.68213,0.20816,0.20569,0.43106,-0.62443,-0.01194,
1560025125205677312,-0.28204,-7.98075,0.00064,0.67022,0.68289,0.20705,0.20396,0.43369,-0.62898,-0.01013,
1560025125305677056,-0.23726,-8.04309,-0.00089,0.66912,0.68337,0.20820,0.20480,0.47545,-0.62634,-0.01790,
1560025125405677568,-0.18799,-8.10087,-0.00151,0.66793,0.68166,0.21371,0.20864,0.51584,-0.59222,-0.01579,
1560025125505677824,-0.13679,-8.15457,-0.00202,0.66593,0.67884,0.22218,0.21528,0.54265,-0.52164,0.00288,
1560025125605678080,-0.08412,-8.20374,-0.00240,0.66331,0.67486,0.23283,0.22444,0.53118,-0.53268,0.00958,
1560025125705681920,-0.03473,-8.24697,-0.00175,0.65992,0.66923,0.24483,0.23812,0.59780,-0.48224,-0.00448,
1560025125805682176,0.01943,-8.28651,-0.00149,0.65514,0.66292,0.25939,0.25305,0.58835,-0.44150,0.00720,
1560025125905682432,0.07554,-8.32042,-0.00116,0.64935,0.65561,0.27555,0.26944,0.62572,-0.40864,-0.00575,
1560025126005682688,0.13551,-8.35400,-0.00067,0.64271,0.64772,0.29218,0.28640,0.63880,-0.37245,-0.01032,
1560025126105682688,0.19563,-8.38457,-0.00131,0.63377,0.64056,0.30919,0.30400,0.62707,-0.32335,-0.00142,
1560025126205616384,0.26033,-8.41345,-0.00150,0.62419,0.63247,0.32674,0.32190,0.66757,-0.26255,0.00115,
1560025126305616640,0.32892,-8.43915,-0.00125,0.61527,0.62302,0.34418,0.33885,0.69353,-0.23596,-0.00327,
1560025126405616640,0.40043,-8.46420,-0.00092,0.60626,0.61323,0.36075,0.35534,0.71084,-0.21306,-0.00339,
1560025126505616896,0.47309,-8.48674,-0.00103,0.59647,0.60357,0.37685,0.37136,0.71827,-0.18398,-0.00148,
1560025126605617408,0.54669,-8.50589,-0.00127,0.58630,0.59428,0.39230,0.38623,0.72311,-0.16301,0.00251,
1560025126705654272,0.62170,-8.52458,-0.00121,0.57776,0.58589,0.40492,0.39871,0.74148,-0.18034,0.00280,
1560025126805654272,0.69897,-8.54654,-0.00094,0.57159,0.57999,0.41338,0.40745,0.78146,-0.19353,-0.00863,
1560025126905654272,0.77718,-8.56719,-0.00085,0.56749,0.57569,0.41933,0.41317,0.79571,-0.19302,-0.00297,
1560025127005654528,0.85323,-8.58842,-0.00056,0.56423,0.57264,0.42312,0.41797,0.76741,-0.21869,0.00117,
1560025127105654784,0.92976,-8.60678,-0.00104,0.56133,0.57025,0.42698,0.42121,0.75109,-0.18283,0.00957,
1560025127205686528,1.00421,-8.62552,-0.00085,0.55995,0.56864,0.42862,0.42354,0.74845,-0.20996,0.00147,
1560025127305686784,1.07784,-8.64519,-0.00103,0.56066,0.56898,0.42799,0.42279,0.74975,-0.22260,-0.00290,
1560025127405686784,1.15038,-8.66719,-0.00170,0.56329,0.57182,0.42488,0.41857,0.70803,-0.24872,0.01073,
1560025127505687040,1.22018,-8.69345,-0.00264,0.56852,0.57657,0.41816,0.41169,0.70397,-0.29692,-0.00014,
1560025127605687040,1.28655,-8.72512,-0.00335,0.57504,0.58306,0.40878,0.40282,0.69302,-0.33433,-0.01214,
1560025127705598720,1.35014,-8.76042,-0.00451,0.58248,0.59105,0.39748,0.39164,0.63373,-0.37749,-0.00119,
1560025127805599232,1.40949,-8.79824,-0.00561,0.59067,0.59960,0.38454,0.37909,0.60563,-0.38655,-0.00370,
1560025127905599488,1.46468,-8.83856,-0.00630,0.59956,0.60842,0.37032,0.36498,0.57744,-0.41796,-0.01023,
1560025128005599744,1.51810,-8.88095,-0.00756,0.60870,0.61791,0.35502,0.34877,0.53209,-0.45443,-0.01148,
1560025128105600000,1.56506,-8.92659,-0.00842,0.61851,0.62752,0.33750,0.33129,0.48638,-0.48486,-0.01703,
1560025128205533440,1.60680,-8.97670,-0.00942,0.62804,0.63755,0.31837,0.31262,0.42731,-0.51098,-0.00785,
1560025128305533696,1.64569,-9.02776,-0.00991,0.63834,0.64672,0.29803,0.29231,0.39482,-0.51656,-0.01020,
1560025128405533952,1.67827,-9.08161,-0.01020,0.64831,0.65636,0.27545,0.27021,0.30381,-0.55929,0.00188,
1560025128505534208,1.70289,-9.13944,-0.01006,0.65858,0.66600,0.24974,0.24564,0.24989,-0.57817,0.00589,
1560025128605533952,1.72330,-9.20020,-0.01008,0.66821,0.67558,0.22204,0.21859,0.18658,-0.60807,0.00403,
1560025128705530368,1.73876,-9.26173,-0.00949,0.67725,0.68378,0.19345,0.19070,0.14610,-0.61082,-0.00397,
1560025128805530880,1.75102,-9.32416,-0.01006,0.68377,0.69135,0.16638,0.16374,0.10961,-0.61404,-0.01299,
1560025128905531136,1.76023,-9.38457,-0.01027,0.68922,0.69708,0.14110,0.13838,0.05332,-0.59460,-0.00843,
1560025129005531392,1.76416,-9.44306,-0.01027,0.69351,0.70160,0.11642,0.11512,0.02387,-0.56660,-0.00423,
1560025129105531392,1.76576,-9.50077,-0.01117,0.69635,0.70583,0.09249,0.09132,0.00104,-0.56582,-0.00752,
1560025129205463040,1.76267,-9.55558,-0.01117,0.69885,0.70854,0.06944,0.06894,-0.03197,-0.57287,-0.01109,
1560025129305463040,1.75796,-9.61129,-0.01159,0.69971,0.71123,0.04795,0.04753,-0.04795,-0.54514,-0.00192,
1560025129405463552,1.75152,-9.66540,-0.01155,0.70026,0.71273,0.02861,0.02870,-0.06574,-0.53593,0.00133,
1560025129505463552,1.74425,-9.71703,-0.01102,0.70091,0.71302,0.01241,0.01320,-0.06146,-0.53663,-0.00329,
1560025129605464064,1.73788,-9.76884,-0.01083,0.70113,0.71303,-0.00076,0.00005,-0.06050,-0.53077,-0.00040,
1560025129705470720,1.73030,-9.82065,-0.01077,0.70120,0.71277,-0.01221,-0.01146,-0.06498,-0.52610,0.00815,
1560025129805470976,1.72327,-9.87363,-0.01066,0.70123,0.71223,-0.02213,-0.02272,-0.05344,-0.54986,-0.00038,
1560025129905470976,1.71445,-9.92716,-0.01034,0.70111,0.71171,-0.03056,-0.03147,-0.09658,-0.53490,0.00801,
1560025130005471488,1.70608,-9.98186,-0.01062,0.70095,0.71134,-0.03603,-0.03696,-0.05623,-0.56858,-0.00667,
1560025130105471488,1.69739,-10.03604,-0.00953,0.70144,0.71054,-0.03948,-0.03948,-0.09673,-0.55206,0.00610,
1560025130205496832,1.69152,-10.09166,-0.00926,0.70148,0.71051,-0.03966,-0.03908,-0.02457,-0.54708,0.01016,
1560025130305497088,1.68662,-10.14826,-0.00900,0.70197,0.71023,-0.03825,-0.03674,-0.04726,-0.57470,-0.00208,
1560025130405497088,1.68369,-10.20730,-0.00943,0.70123,0.71141,-0.03436,-0.03137,-0.01006,-0.60058,-0.00948,
1560025130505497344,1.68938,-10.26265,-0.00911,0.70138,0.71187,-0.02613,-0.02509,0.10706,-0.52626,0.00047,
1560025130605497600,1.69835,-10.30907,-0.00735,0.70327,0.71071,-0.01283,-0.01178,0.10430,-0.51360,-0.00222,
1560025130705444608,1.71029,-10.35631,-0.00690,0.70344,0.71074,0.00266,0.00336,0.12614,-0.45221,0.01563,
1560025130805444608,1.72272,-10.39583,-0.00705,0.70296,0.71096,0.01408,0.01355,0.10133,-0.43569,0.00035,
1560025130905444864,1.73339,-10.43549,-0.00704,0.70242,0.71098,0.02406,0.02322,0.12103,-0.40814,0.00477,
1560025131005445120,1.74569,-10.47416,-0.00660,0.70197,0.71061,0.03454,0.03291,0.11305,-0.39125,0.00495,
1560025131105445376,1.75677,-10.50971,-0.00624,0.70182,0.70979,0.04358,0.04173,0.11416,-0.36446,0.00735,
1560025131205498368,1.76776,-10.54573,-0.00648,0.70112,0.70941,0.05190,0.04982,0.11543,-0.35403,0.00317,
1560025131305498880,1.77994,-10.58177,-0.00659,0.70028,0.70906,0.05974,0.05725,0.11687,-0.34090,0.00248,
1560025131405498880,1.79190,-10.61675,-0.00635,0.69956,0.70848,0.06704,0.06460,0.11471,-0.32011,0.00890,
1560025131505499136,1.80480,-10.64970,-0.00653,0.69912,0.70760,0.07373,0.07133,0.11592,-0.33379,-0.00131,
1560025131605499392,1.81721,-10.68351,-0.00658,0.69864,0.70682,0.07938,0.07747,0.11434,-0.32213,0.00082,
1560025131705461760,1.82885,-10.71644,-0.00679,0.69813,0.70621,0.08413,0.08256,0.11052,-0.30137,0.00825,
1560025131805461760,1.84132,-10.74729,-0.00689,0.69746,0.70563,0.08908,0.08775,0.11059,-0.30036,0.00540,
1560025131905462016,1.85412,-10.77808,-0.00675,0.69672,0.70492,0.09449,0.09351,0.12421,-0.28822,0.00562,
1560025132005462272,1.86701,-10.80773,-0.00600,0.69622,0.70377,0.10029,0.09963,0.12741,-0.28643,0.00330,
1560025132105462528,1.87924,-10.83672,-0.00509,0.69571,0.70269,0.10550,0.10531,0.12447,-0.27726,0.00472,
1560025132205383936,1.89153,-10.86576,-0.00469,0.69480,0.70210,0.11019,0.11032,0.12103,-0.28184,0.00328,
1560025132305384192,1.90367,-10.89429,-0.00443,0.69423,0.70148,0.11392,0.11400,0.12126,-0.28612,0.00211,
1560025132405384448,1.91610,-10.92367,-0.00426,0.69366,0.70109,0.11681,0.11689,0.12007,-0.28956,0.00477,
1560025132505384704,1.92719,-10.95271,-0.00339,0.69367,0.70051,0.11834,0.11875,0.10751,-0.31089,0.00249,
1560025132605384960,1.93660,-10.98390,-0.00282,0.69363,0.70056,0.11788,0.11917,0.09259,-0.32097,0.00758,
1560025132705399040,1.94635,-11.01726,-0.00266,0.69398,0.70075,0.11607,0.11782,0.09873,-0.35144,0.00021,
1560025132805399040,1.95499,-11.05209,-0.00215,0.69467,0.70113,0.11260,0.11476,0.09407,-0.36682,0.00318,
1560025132905399296,1.96514,-11.08987,-0.00204,0.69544,0.70155,0.10890,0.11105,0.10074,-0.38338,0.00331,
1560025133005399808,1.97503,-11.12938,-0.00169,0.69630,0.70178,0.10523,0.10766,0.10266,-0.40507,-0.00008,
1560025133105399808,1.98624,-11.17110,-0.00177,0.69650,0.70247,0.10241,0.10457,0.10957,-0.41982,-0.00060,
1560025133205375488,1.99674,-11.21293,-0.00201,0.69654,0.70324,0.09971,0.10173,0.10592,-0.42560,-0.00226,
1560025133305375744,2.00684,-11.25560,-0.00279,0.69653,0.70414,0.09662,0.09849,0.10028,-0.43328,-0.00492,
1560025133405376000,2.01628,-11.29842,-0.00386,0.69633,0.70549,0.09275,0.09387,0.10394,-0.43326,-0.00921,
1560025133505375744,2.02649,-11.34248,-0.00484,0.69585,0.70706,0.08915,0.08895,0.08707,-0.44050,-0.00583,
1560025133605376256,2.03589,-11.38497,-0.00513,0.69632,0.70744,0.08605,0.08517,0.10377,-0.43057,-0.00312,
1560025133705344768,2.04526,-11.42822,-0.00499,0.69686,0.70768,0.08314,0.08158,0.09841,-0.42741,0.00136,
1560025133805345024,2.05423,-11.47315,-0.00584,0.69708,0.70817,0.08012,0.07844,0.06758,-0.45946,-0.01012,
1560025133905345280,2.06222,-11.51943,-0.00652,0.69689,0.70896,0.07718,0.07596,0.07195,-0.44544,0.00471,
1560025134005345280,2.06961,-11.56623,-0.00692,0.69714,0.70929,0.07392,0.07377,0.07564,-0.46046,-0.00272,
1560025134105345536,2.07868,-11.61222,-0.00730,0.69738,0.70950,0.07188,0.07143,0.11924,-0.45857,-0.01210,
1560025134205345536,2.09232,-11.65627,-0.00939,0.69659,0.71042,0.07268,0.06921,0.07532,-0.43751,0.00007,
1560025134305345792,2.10012,-11.70013,-0.00989,0.69635,0.71031,0.07314,0.07218,0.12707,-0.42865,0.00011,
1560025134405345792,2.11231,-11.74215,-0.00919,0.69706,0.70925,0.07518,0.07361,0.10513,-0.42752,0.00338,
1560025134505346304,2.12360,-11.78466,-0.00920,0.69672,0.70927,0.07678,0.07497,0.12542,-0.41926,0.00043,
1560025134605346560,2.13488,-11.82270,-0.00900,0.69660,0.70887,0.07932,0.07723,0.11584,-0.40397,0.00384,
1560025134705491200,2.14581,-11.85636,-0.00841,0.69731,0.70751,0.08214,0.08020,0.12409,-0.37046,0.01350,
1560025134805491456,2.15889,-11.89185,-0.00754,0.69862,0.70536,0.08586,0.08381,0.14444,-0.40502,-0.00676,
1560025134905491712,2.17301,-11.92756,-0.00740,0.69854,0.70421,0.09085,0.08872,0.15665,-0.38063,0.00109,
1560025135005491968,2.18812,-11.96581,-0.00780,0.69778,0.70385,0.09542,0.09266,0.14206,-0.38420,0.00010,
1560025135105492224,2.20256,-12.00435,-0.00809,0.69694,0.70365,0.09934,0.09640,0.15295,-0.37311,0.00241,
1560025135205273600,2.21817,-12.04332,-0.00831,0.69629,0.70326,0.10319,0.09980,0.15553,-0.37344,0.00183,
1560025135305273856,2.23364,-12.08192,-0.00834,0.69569,0.70289,0.10672,0.10283,0.15761,-0.39007,-0.00435,
1560025135405273856,2.24902,-12.12140,-0.00827,0.69514,0.70256,0.10965,0.10567,0.15087,-0.38956,0.00237,
1560025135505274112,2.26416,-12.16201,-0.00847,0.69459,0.70244,0.11175,0.10790,0.15275,-0.40210,-0.00041,
1560025135605274368,2.27900,-12.20333,-0.00838,0.69444,0.70224,0.11283,0.10901,0.14147,-0.40699,0.00345,
1560025135705274624,2.29300,-12.24504,-0.00823,0.69474,0.70188,0.11288,0.10939,0.13869,-0.41030,0.00800,
1560025135805154304,2.30584,-12.28871,-0.00802,0.69483,0.70191,0.11195,0.10957,0.13111,-0.43238,0.00209,
1560025135905154304,2.32013,-12.33198,-0.00819,0.69499,0.70199,0.11132,0.10866,0.14480,-0.43634,-0.00118,
1560025136005154560,2.33348,-12.37626,-0.00863,0.69504,0.70238,0.10989,0.10725,0.13778,-0.44804,-0.00633,
1560025136105154816,2.34572,-12.41970,-0.00904,0.69511,0.70285,0.10810,0.10555,0.13103,-0.44686,-0.00880,
1560025136205155072,2.35783,-12.46424,-0.00980,0.69531,0.70345,0.10557,0.10278,0.12083,-0.45593,-0.00793,
1560025136305210368,2.36949,-12.51024,-0.01092,0.69522,0.70452,0.10238,0.09921,0.11998,-0.46386,-0.00944,
1560025136405210624,2.38066,-12.55662,-0.01165,0.69559,0.70535,0.09838,0.09461,0.10960,-0.47193,-0.00811,
1560025136505210880,2.39076,-12.60398,-0.01262,0.69585,0.70652,0.09351,0.08878,0.09818,-0.48283,-0.01101,
1560025136605211136,2.39803,-12.65178,-0.01341,0.69662,0.70749,0.08665,0.08171,0.06599,-0.50200,-0.01414,
1560025136705211136,2.40130,-12.70066,-0.01417,0.69735,0.70894,0.07680,0.07216,0.00940,-0.47644,0.00453,
1560025136805175296,2.40154,-12.74957,-0.01435,0.69876,0.71002,0.06394,0.05936,-0.01986,-0.49046,-0.00069,
1560025136905175552,2.39718,-12.79931,-0.01491,0.70007,0.71112,0.04794,0.04363,-0.04593,-0.51575,-0.01158,
1560025137005175808,2.38982,-12.84974,-0.01527,0.70102,0.71206,0.03003,0.02551,-0.11449,-0.50722,0.00137,
1560025137105176064,2.37683,-12.89864,-0.01505,0.70203,0.71204,0.01025,0.00699,-0.12276,-0.50429,-0.00114,
1560025137205176064,2.36128,-12.94696,-0.01488,0.70221,0.71178,-0.01036,-0.01305,-0.16771,-0.49493,-0.00376,
1560025137305186304,2.34296,-12.99401,-0.01456,0.70212,0.71049,-0.03215,-0.03457,-0.19500,-0.45354,0.00430,
1560025137405186304,2.32123,-13.03917,-0.01450,0.70114,0.70864,-0.05477,-0.05688,-0.24331,-0.44964,-0.00435,
1560025137505186816,2.29718,-13.08045,-0.01394,0.70013,0.70544,-0.07718,-0.07887,-0.23827,-0.41812,-0.00294,
1560025137605186816,2.27253,-13.11895,-0.01372,0.69797,0.70210,-0.09865,-0.10084,-0.26292,-0.37873,-0.00066,
1560025137705187072,2.24457,-13.15383,-0.01370,0.69479,0.69818,-0.12109,-0.12307,-0.28603,-0.34021,-0.00100,
1560025137805131776,2.21495,-13.18465,-0.01403,0.69030,0.69401,-0.14374,-0.14552,-0.29677,-0.29172,-0.00065,
1560025137905131776,2.18440,-13.21039,-0.01415,0.68528,0.68870,-0.16660,-0.16833,-0.30168,-0.24599,-0.00146,
1560025138005132288,2.15248,-13.23145,-0.01432,0.67927,0.68245,-0.19009,-0.19163,-0.31552,-0.19549,-0.00015,
1560025138105132288,2.11988,-13.24908,-0.01424,0.67260,0.67499,-0.21377,-0.21517,-0.32396,-0.16120,-0.00279,
1560025138205132288,2.08718,-13.26316,-0.01432,0.66509,0.66735,-0.23653,-0.23740,-0.32208,-0.13167,-0.00627,
1560025138305195520,2.05577,-13.27449,-0.01452,0.65720,0.65948,-0.25791,-0.25816,-0.29736,-0.10192,-0.00714,
1560025138405195776,2.02547,-13.28372,-0.01477,0.64865,0.65148,-0.27839,-0.27808,-0.28478,-0.06866,-0.00452,
1560025138505196032,1.99615,-13.28994,-0.01449,0.63999,0.64283,-0.29782,-0.29748,-0.28555,-0.06364,-0.01073,
1560025138605196032,1.96795,-13.29430,-0.01421,0.63090,0.63431,-0.31622,-0.31562,-0.27755,-0.03885,-0.00255,
1560025138705196288,1.93948,-13.29770,-0.01355,0.62180,0.62519,-0.33415,-0.33292,-0.28050,-0.01575,0.00328,
1560025138805170432,1.91044,-13.29925,-0.01289,0.61218,0.61524,-0.35216,-0.35030,-0.29941,-0.00480,-0.00273,
1560025138905170944,1.88108,-13.29844,-0.01266,0.60171,0.60457,-0.37047,-0.36768,-0.30264,0.01033,-0.00536,
1560025139005170944,1.85123,-13.29725,-0.01274,0.59049,0.59361,-0.38825,-0.38498,-0.29337,0.02483,0.00279,
1560025139105171456,1.82100,-13.29602,-0.01264,0.57966,0.58282,-0.40449,-0.40088,-0.29335,0.01530,0.00277,
1560025139205171712,1.79139,-13.29627,-0.01249,0.57031,0.57361,-0.41764,-0.41389,-0.29722,-0.01026,-0.00158,
1560025139305122560,1.76288,-13.29873,-0.01208,0.56342,0.56706,-0.42683,-0.42286,-0.27869,-0.03389,0.00567,
1560025139405122816,1.73409,-13.30396,-0.01179,0.55851,0.56252,-0.43283,-0.42930,-0.30807,-0.06387,-0.00769,
1560025139505123072,1.70266,-13.31068,-0.01177,0.55406,0.55937,-0.43769,-0.43423,-0.31246,-0.05872,0.00305,
1560025139605123328,1.66967,-13.31626,-0.01188,0.55043,0.55597,-0.44221,-0.43861,-0.33712,-0.07117,-0.00533,
1560025139705123072,1.63424,-13.32165,-0.01188,0.54631,0.55262,-0.44688,-0.44324,-0.34202,-0.03711,0.00574,
1560025139805100288,1.59794,-13.32516,-0.01151,0.54291,0.54886,-0.45147,-0.44741,-0.35253,-0.05027,0.00456,
1560025139905100288,1.56179,-13.32888,-0.01094,0.54062,0.54551,-0.45480,-0.45090,-0.35763,-0.04541,0.00702,
1560025140005100544,1.52430,-13.33325,-0.01048,0.53916,0.54309,-0.45701,-0.45332,-0.36618,-0.04704,0.00870,
1560025140105100544,1.48493,-13.33742,-0.00995,0.53817,0.54110,-0.45874,-0.45513,-0.39847,-0.05930,0.00236,
1560025140205100800,1.44358,-13.34259,-0.00949,0.53727,0.53983,-0.45995,-0.45648,-0.41338,-0.06829,0.00017,
1560025140305027328,1.40028,-13.34945,-0.00957,0.53649,0.54003,-0.46043,-0.45668,-0.41935,-0.07806,0.00025,
1560025140405027584,1.35594,-13.35582,-0.01007,0.53605,0.54050,-0.46094,-0.45612,-0.43412,-0.07060,-0.00329,
1560025140505027840,1.31222,-13.36376,-0.00985,0.53549,0.54103,-0.46107,-0.45601,-0.42197,-0.07165,0.00590,
1560025140605028096,1.26918,-13.37108,-0.00971,0.53575,0.54149,-0.46085,-0.45539,-0.42502,-0.08084,0.00027,
1560025140705028096,1.22844,-13.38239,-0.00968,0.53731,0.54381,-0.45821,-0.45345,-0.41939,-0.12562,-0.00750,
1560025140805045504,1.18771,-13.39670,-0.01047,0.53965,0.54832,-0.45404,-0.44941,-0.41757,-0.13926,-0.00535,
1560025140905046016,1.14758,-13.40672,-0.01082,0.54061,0.54991,-0.45274,-0.44761,-0.42082,-0.07217,-0.00238,
1560025141005046016,1.10750,-13.41352,-0.01130,0.54024,0.54955,-0.45361,-0.44763,-0.40670,-0.07452,-0.00234,
1560025141105046272,1.06899,-13.42143,-0.01180,0.53996,0.54997,-0.45372,-0.44735,-0.39209,-0.08042,-0.00395,
1560025141205046528,1.03198,-13.42978,-0.01243,0.53968,0.55054,-0.45363,-0.44707,-0.38470,-0.08866,-0.00770,
1560025141305037312,0.99723,-13.43699,-0.01256,0.53995,0.55081,-0.45330,-0.44674,-0.35896,-0.06397,0.00267,
1560025141405037568,0.96323,-13.44441,-0.01283,0.54020,0.55088,-0.45314,-0.44652,-0.34701,-0.07130,0.00215,
1560025141505037824,0.93040,-13.45088,-0.01259,0.54105,0.55081,-0.45280,-0.44592,-0.33537,-0.06441,-0.00053,
1560025141605038080,0.89831,-13.45803,-0.01247,0.54218,0.55129,-0.45203,-0.44473,-0.31834,-0.05941,0.00122,
1560025141705038080,0.86603,-13.46610,-0.01271,0.54443,0.55287,-0.44994,-0.44213,-0.29191,-0.08709,0.00383,
1560025141805029120,0.83805,-13.47523,-0.01256,0.54686,0.55514,-0.44673,-0.43955,-0.28604,-0.07495,-0.00009,
1560025141905029120,0.81028,-13.48247,-0.01276,0.54708,0.55584,-0.44607,-0.43905,-0.28673,-0.06083,-0.00067,
1560025142005029120,0.78222,-13.48799,-0.01271,0.54565,0.55472,-0.44739,-0.44090,-0.28453,-0.04200,0.00319,
1560025142105029632,0.75432,-13.49293,-0.01237,0.54545,0.55379,-0.44813,-0.44157,-0.28033,-0.04804,0.00485,
1560025142205029632,0.72632,-13.49917,-0.01216,0.54527,0.55341,-0.44845,-0.44194,-0.28573,-0.05799,0.00528,
1560025142304914944,0.69768,-13.50632,-0.01187,0.54574,0.55368,-0.44792,-0.44155,-0.29001,-0.07516,0.00303,
1560025142404915456,0.66996,-13.51519,-0.01160,0.54749,0.55502,-0.44577,-0.43989,-0.27868,-0.08451,0.00405,
1560025142504915200,0.64252,-13.52445,-0.01164,0.55018,0.55719,-0.44293,-0.43664,-0.27861,-0.09684,0.00223,
1560025142604915712,0.61662,-13.53671,-0.01129,0.55344,0.56012,-0.43833,-0.43340,-0.26556,-0.13032,0.00558,
1560025142704915712,0.58830,-13.55034,-0.01173,0.55630,0.56424,-0.43373,-0.42900,-0.27595,-0.12898,0.00576,
1560025142805010432,0.55960,-13.56314,-0.01165,0.56056,0.56804,-0.42861,-0.42354,-0.30668,-0.13347,-0.00242,
1560025142905010432,0.52918,-13.57689,-0.01165,0.56431,0.57156,-0.42392,-0.41853,-0.31599,-0.13974,0.00440,
1560025143005010688,0.49625,-13.59058,-0.01137,0.56673,0.57343,-0.42087,-0.41577,-0.34032,-0.12968,0.00621,
1560025143105010688,0.46075,-13.60343,-0.01091,0.56819,0.57360,-0.41956,-0.41486,-0.37761,-0.13275,0.00256,
1560025143205010944,0.42160,-13.61736,-0.01092,0.56809,0.57378,-0.41953,-0.41479,-0.38617,-0.14098,0.00771,
1560025143304982784,0.38178,-13.63230,-0.01052,0.56825,0.57362,-0.41899,-0.41532,-0.43355,-0.15665,-0.00525,
1560025143404982528,0.33934,-13.64716,-0.01056,0.56871,0.57431,-0.41859,-0.41415,-0.43738,-0.15844,0.00085,
1560025143504983296,0.29512,-13.66287,-0.01075,0.56904,0.57512,-0.41827,-0.41288,-0.43759,-0.16711,0.00854,
1560025143604983296,0.25144,-13.67906,-0.01001,0.56951,0.57512,-0.41765,-0.41287,-0.44122,-0.15310,0.01159,
1560025143704983808,0.20779,-13.69458,-0.00905,0.57010,0.57439,-0.41723,-0.41350,-0.43796,-0.16816,0.01065,
1560025143804890880,0.16221,-13.71193,-0.00875,0.56936,0.57429,-0.41715,-0.41473,-0.45490,-0.18161,0.00661,
1560025143904890880,0.11613,-13.72896,-0.00819,0.56896,0.57379,-0.41701,-0.41612,-0.46560,-0.16709,0.00587,
1560025144004891136,0.06956,-13.74493,-0.00743,0.56883,0.57296,-0.41708,-0.41737,-0.49447,-0.16294,-0.00441,
1560025144104891392,0.02166,-13.75958,-0.00753,0.56725,0.57225,-0.41896,-0.41860,-0.47613,-0.14721,0.00027,
1560025144204891648,-0.02463,-13.77326,-0.00756,0.56545,0.57080,-0.42111,-0.42086,-0.46136,-0.13222,0.00426,
1560025144304880896,-0.07065,-13.78524,-0.00741,0.56385,0.56894,-0.42368,-0.42293,-0.45281,-0.11062,0.00335,
1560025144404880896,-0.11516,-13.79662,-0.00763,0.56210,0.56712,-0.42625,-0.42512,-0.44409,-0.11556,-0.00237,
1560025144504881152,-0.15884,-13.80765,-0.00793,0.56072,0.56550,-0.42847,-0.42687,-0.43204,-0.11752,-0.00216,
1560025144604881408,-0.20160,-13.81997,-0.00848,0.55949,0.56473,-0.42979,-0.42818,-0.43541,-0.13235,-0.00710,
1560025144704881664,-0.24357,-13.83291,-0.00869,0.55900,0.56469,-0.43008,-0.42857,-0.42685,-0.13630,-0.00710,
1560025144804900864,-0.28561,-13.84678,-0.00916,0.55836,0.56562,-0.43006,-0.42820,-0.40023,-0.13445,0.00210,
1560025144904901120,-0.32690,-13.85993,-0.00976,0.55775,0.56621,-0.43013,-0.42816,-0.40598,-0.13050,-0.00242,
1560025145004901376,-0.36763,-13.87320,-0.00998,0.55748,0.56624,-0.42997,-0.42863,-0.40314,-0.13644,-0.00460,
1560025145104901376,-0.40669,-13.88571,-0.01009,0.55715,0.56650,-0.42979,-0.42889,-0.37487,-0.12247,0.00149,
1560025145204901632,-0.44446,-13.89647,-0.01024,0.55768,0.56677,-0.42958,-0.42805,-0.36900,-0.09518,-0.00267,
1560025145304826624,-0.47919,-13.90664,-0.01029,0.55878,0.56706,-0.42895,-0.42686,-0.34219,-0.11137,-0.00417,
1560025145404826624,-0.51063,-13.91753,-0.01055,0.55938,0.56782,-0.42796,-0.42606,-0.31213,-0.10551,-0.00442,
1560025145504826624,-0.54019,-13.92758,-0.01107,0.55972,0.56849,-0.42726,-0.42542,-0.28954,-0.09865,-0.00465,
1560025145604826880,-0.56757,-13.93606,-0.01129,0.56021,0.56869,-0.42680,-0.42497,-0.27005,-0.08772,-0.00571,
1560025145704827136,-0.59463,-13.94461,-0.01181,0.56052,0.56941,-0.42642,-0.42399,-0.24402,-0.08488,-0.00070,
1560025145804809216,-0.61917,-13.95340,-0.01229,0.56122,0.57042,-0.42543,-0.42270,-0.23365,-0.08565,-0.00494,
1560025145904808960,-0.64110,-13.96136,-0.01272,0.56191,0.57124,-0.42448,-0.42161,-0.22766,-0.08128,-0.00873,
1560025146004809472,-0.65988,-13.96848,-0.01300,0.56267,0.57191,-0.42363,-0.42055,-0.19679,-0.07286,-0.00334,
1560025146104809472,-0.67716,-13.97449,-0.01357,0.56295,0.57225,-0.42331,-0.42003,-0.17737,-0.04771,-0.00400,
1560025146204809984,-0.69266,-13.97782,-0.01415,0.56178,0.57108,-0.42494,-0.42154,-0.14846,-0.02673,-0.00401,
1560025146304888832,-0.70491,-13.97963,-0.01458,0.55998,0.56930,-0.42733,-0.42391,-0.12474,-0.01688,-0.00554,
1560025146404888832,-0.71528,-13.98055,-0.01484,0.55804,0.56741,-0.42977,-0.42654,-0.10479,-0.01037,-0.00260,
1560025146504889344,-0.72436,-13.98097,-0.01486,0.55663,0.56562,-0.43191,-0.42860,-0.08533,-0.00555,0.00058,
1560025146604889344,-0.73421,-13.98289,-0.01490,0.55611,0.56488,-0.43287,-0.42927,-0.08228,-0.01540,-0.00112,
1560025146704889344,-0.74194,-13.98386,-0.01491,0.55564,0.56431,-0.43373,-0.42977,-0.07974,-0.01131,-0.00156,
1560025146804751872,-0.74872,-13.98397,-0.01493,0.55457,0.56307,-0.43525,-0.43123,-0.08475,-0.00840,-0.00437,
1560025146904752128,-0.75769,-13.98370,-0.01518,0.55252,0.56120,-0.43784,-0.43368,-0.10404,0.00510,-0.00285,
1560025147004752128,-0.76901,-13.98126,-0.01491,0.54869,0.55745,-0.44268,-0.43844,-0.13256,0.02984,0.00210,
1560025147104752640,-0.78451,-13.97716,-0.01462,0.54250,0.55142,-0.45027,-0.44597,-0.16526,0.04679,0.00216,
1560025147204752640,-0.80270,-13.97361,-0.01456,0.53607,0.54537,-0.45785,-0.45339,-0.18071,-0.02539,-0.00995,
1560025147304843008,-0.81661,-13.97985,-0.01373,0.53796,0.54734,-0.45513,-0.45152,-0.12699,-0.04230,0.01855,
1560025147404843264,-0.83390,-13.98300,-0.01355,0.53788,0.54758,-0.45525,-0.45121,-0.14876,-0.02474,0.01100,
1560025147504843520,-0.85038,-13.98502,-0.01323,0.53741,0.54636,-0.45595,-0.45253,-0.18004,-0.02633,-0.00288,
1560025147604843520,-0.86588,-13.98776,-0.01262,0.53687,0.54525,-0.45649,-0.45396,-0.16977,-0.02805,-0.00131,
1560025147704843776,-0.88191,-13.98884,-0.01249,0.53566,0.54386,-0.45786,-0.45569,-0.14915,-0.00642,0.00641,
1560025147804777728,-0.89765,-13.98865,-0.01239,0.53335,0.54143,-0.46065,-0.45846,-0.13361,0.01589,0.00924,
1560025147904777728,-0.90960,-13.98841,-0.01209,0.53209,0.53944,-0.46253,-0.46038,-0.09962,-0.00901,0.00364,
1560025148004778240,-0.91718,-13.98803,-0.01162,0.53132,0.53797,-0.46366,-0.46185,-0.05321,0.01117,0.00334,
1560025148104777984,-0.91823,-13.98768,-0.01125,0.53131,0.53746,-0.46388,-0.46223,0.02357,0.01208,0.00569,
1560025148204778496,-0.91629,-13.98580,-0.01119,0.53005,0.53624,-0.46531,-0.46366,0.01973,0.02170,-0.00027,
1560025148304790272,-0.91673,-13.98746,-0.01173,0.53039,0.53718,-0.46477,-0.46273,-0.03433,-0.05504,-0.00284,
1560025148404790528,-0.92031,-13.99292,-0.01173,0.53384,0.54096,-0.46053,-0.45857,-0.04419,-0.04648,0.00475,
1560025148504790528,-0.92540,-13.99874,-0.01156,0.53821,0.54489,-0.45538,-0.45393,-0.04581,-0.07042,0.00424,
1560025148604790784,-0.92989,-14.00630,-0.01149,0.54356,0.55002,-0.44874,-0.44794,-0.03506,-0.08105,0.00003,
1560025148704791040,-0.93256,-14.01260,-0.01157,0.54790,0.55451,-0.44309,-0.44271,-0.02625,-0.03968,-0.00298,
1560025148804720640,-0.93549,-14.01071,-0.01165,0.54671,0.55341,-0.44465,-0.44400,-0.02710,0.05313,0.00117,
1560025148904720896,-0.93876,-14.00132,-0.01170,0.54011,0.54640,-0.45315,-0.45208,-0.02883,0.10794,0.00070,
1560025149004721152,-0.94063,-13.98984,-0.01145,0.53130,0.53688,-0.46395,-0.46284,-0.01860,0.11660,-0.00132,
1560025149104721664,-0.94084,-13.98338,-0.01111,0.52702,0.53219,-0.46928,-0.46775,0.02254,0.00222,0.00789,
1560025149204721664,-0.94267,-13.98533,-0.01109,0.52738,0.53318,-0.46853,-0.46698,-0.00284,-0.02237,0.00367,
1560025149304653056,-0.94497,-13.98794,-0.01118,0.52868,0.53487,-0.46697,-0.46513,-0.02180,-0.01445,0.00068,
1560025149404653056,-0.94679,-13.98893,-0.01102,0.52946,0.53527,-0.46607,-0.46468,-0.02008,-0.00905,-0.00153,
1560025149504653056,-0.94618,-13.98992,-0.01102,0.53008,0.53565,-0.46536,-0.46425,0.02337,-0.00387,-0.00096,
1560025149604653312,-0.94124,-13.99041,-0.01100,0.53114,0.53652,-0.46424,-0.46316,0.06738,-0.00891,0.00002,
1560025149704653568,-0.93177,-13.99306,-0.01109,0.53424,0.53963,-0.46065,-0.45956,0.11427,-0.03953,0.00046,
1560025149804702976,-0.91879,-13.99844,-0.01166,0.53973,0.54597,-0.45375,-0.45246,0.14537,-0.06443,-0.00492,
1560025149904702976,-0.90341,-14.00425,-0.01224,0.54620,0.55353,-0.44529,-0.44383,0.15269,-0.05231,-0.00825,
1560025150004702976,-0.88958,-14.00663,-0.01282,0.55028,0.55868,-0.43970,-0.43788,0.11723,0.00786,-0.00247,
1560025150104703488,-0.88151,-14.00170,-0.01300,0.54900,0.55758,-0.44137,-0.43919,0.05859,0.07924,-0.00109,
1560025150204703744,-0.87751,-13.99097,-0.01327,0.54251,0.55091,-0.44986,-0.44701,0.04039,0.12109,-0.00239,
1560025150304632832,-0.87357,-13.97854,-0.01345,0.53371,0.54200,-0.46078,-0.45725,0.04279,0.12675,-0.00525,
1560025150404632832,-0.86992,-13.96758,-0.01358,0.52609,0.53464,-0.46982,-0.46546,0.03969,0.09052,0.00617,
1560025150504632832,-0.86890,-13.96442,-0.01379,0.52544,0.53374,-0.47083,-0.46622,-0.02199,-0.04001,-0.00586,
1560025150604633344,-0.87152,-13.96756,-0.01353,0.52674,0.53558,-0.46891,-0.46456,-0.04677,-0.00497,0.00086,
1560025150704633600,-0.87987,-13.96730,-0.01332,0.52541,0.53462,-0.47029,-0.46578,-0.08929,0.01416,0.00346,
1560025150804641280,-0.89134,-13.96749,-0.01287,0.52411,0.53282,-0.47187,-0.46771,-0.12450,-0.00832,0.00485,
1560025150904641536,-0.90575,-13.96695,-0.01236,0.52239,0.53044,-0.47397,-0.47021,-0.15654,0.01579,0.00691,
1560025151004641792,-0.92159,-13.96537,-0.01143,0.51985,0.52663,-0.47707,-0.47414,-0.16645,0.01412,0.00633,
1560025151104642048,-0.93918,-13.96345,-0.01105,0.51658,0.52294,-0.48064,-0.47819,-0.18495,0.01556,0.00016,
1560025151204642048,-0.95653,-13.96143,-0.01071,0.51328,0.51934,-0.48416,-0.48209,-0.17093,0.02344,0.00494,
1560025151304587008,-0.97367,-13.95777,-0.01047,0.50946,0.51481,-0.48857,-0.48655,-0.16950,0.04344,0.00383,
1560025151404587264,-0.98987,-13.95339,-0.00999,0.50524,0.50961,-0.49332,-0.49160,-0.15599,0.04916,0.00557,
1560025151504587520,-1.00552,-13.94844,-0.00965,0.50062,0.50431,-0.49825,-0.49679,-0.14119,0.05130,0.00506,
1560025151604587264,-1.01976,-13.94327,-0.00956,-0.49584,-0.49913,0.50314,0.50186,-0.13791,0.05079,-0.00085,
1560025151704588032,-1.03292,-13.93824,-0.00965,-0.49126,-0.49467,0.50755,0.50631,-0.12751,0.04952,0.00010,
1560025151804636672,-1.04561,-13.93220,-0.00945,-0.48583,-0.48940,0.51268,0.51149,-0.12546,0.06527,0.00182,
1560025151904636928,-1.05915,-13.92594,-0.00930,-0.48019,-0.48384,0.51801,0.51670,-0.13375,0.05802,0.00200,
1560025152004637184,-1.07356,-13.91979,-0.00919,-0.47486,-0.47876,0.52278,0.52152,-0.14604,0.07851,0.00220,
1560025152104637440,-1.08931,-13.91115,-0.00882,-0.46783,-0.47168,0.52912,0.52791,-0.16200,0.09551,0.00344,
1560025152204637440,-1.10676,-13.90097,-0.00849,-0.45977,-0.46347,0.53624,0.53503,-0.18040,0.10746,-0.00010,
1560025152304545792,-1.12424,-13.88991,-0.00828,-0.45057,-0.45450,0.54395,0.54270,-0.16606,0.12407,0.00144,
1560025152404545792,-1.14111,-13.87741,-0.00848,-0.44023,-0.44487,0.55241,0.55058,-0.15667,0.12714,-0.00222,
1560025152504546048,-1.15597,-13.86480,-0.00856,-0.42984,-0.43489,0.56051,0.55852,-0.14568,0.12976,-0.00286,
1560025152604546304,-1.16974,-13.85192,-0.00848,-0.41970,-0.42499,0.56819,0.56604,-0.12987,0.13644,-0.00044,
1560025152704546816,-1.18273,-13.83866,-0.00838,-0.40946,-0.41486,0.57568,0.57343,-0.12338,0.13548,0.00118,
1560025152804542720,-1.19591,-13.82487,-0.00821,-0.39908,-0.40449,0.58297,0.58075,-0.12762,0.14573,-0.00003,
1560025152904542720,-1.20910,-13.81059,-0.00810,-0.38883,-0.39408,0.58994,0.58778,-0.12876,0.14788,0.00043,
1560025153004542976,-1.22218,-13.79564,-0.00792,-0.37796,-0.38314,0.59687,0.59507,-0.12780,0.16183,0.00123,
1560025153104543232,-1.23605,-13.77880,-0.00794,-0.36605,-0.37150,0.60444,0.60220,-0.12594,0.17223,0.00277,
1560025153204543232,-1.24915,-13.76067,-0.00792,-0.35400,-0.35906,0.61181,0.60947,-0.12996,0.19138,-0.00081,
1560025153304550400,-1.26181,-13.74090,-0.00793,-0.34098,-0.34554,0.61949,0.61691,-0.12581,0.21154,-0.00236,
1560025153404550656,-1.27339,-13.71961,-0.00797,-0.32737,-0.33116,0.62723,0.62430,-0.11210,0.21771,0.00034,
1560025153504550912,-1.28474,-13.69763,-0.00828,-0.31313,-0.31648,0.63482,0.63150,-0.10744,0.22398,-0.00033,
1560025153604551168,-1.29502,-13.67422,-0.00849,-0.29833,-0.30090,0.64227,0.63871,-0.10234,0.24192,-0.00267,
1560025153704551168,-1.30523,-13.64935,-0.00882,-0.28261,-0.28470,0.64972,0.64571,-0.09381,0.26059,-0.00226,
1560025153804505088,-1.31361,-13.62246,-0.00903,-0.26578,-0.26719,0.65730,0.65263,-0.07753,0.27226,-0.00037,
1560025153904505344,-1.32055,-13.59508,-0.00921,-0.24809,-0.24904,0.66423,0.65972,-0.07404,0.28592,-0.00338,
1560025154004505600,-1.32705,-13.56586,-0.00975,-0.22957,-0.23063,0.67134,0.66589,-0.06498,0.30058,-0.00470,
1560025154104505856,-1.33189,-13.53629,-0.00960,-0.21202,-0.21249,0.67734,0.67164,-0.04198,0.29924,0.00052,
1560025154204506112,-1.33534,-13.50609,-0.00946,-0.19466,-0.19435,0.68283,0.67682,-0.03482,0.31037,-0.00322,
1560025154304470784,-1.33787,-13.47519,-0.00918,-0.17715,-0.17615,0.68773,0.68163,-0.01915,0.31478,0.00206,
1560025154404471040,-1.34010,-13.44212,-0.00917,-0.15926,-0.15790,0.69233,0.68584,-0.01660,0.31950,0.00257,
1560025154504471296,-1.34305,-13.40753,-0.00957,-0.14143,-0.14041,0.69635,0.68948,-0.02128,0.35754,-0.00634,
1560025154604471296,-1.34514,-13.37200,-0.00926,-0.12561,-0.12408,0.69942,0.69256,-0.02143,0.36875,-0.00662,
1560025154704471296,-1.34813,-13.33442,-0.00944,-0.11112,-0.10949,0.70243,0.69445,-0.01527,0.36694,0.00243,
1560025154804496640,-1.35079,-13.29629,-0.00947,-0.09848,-0.09628,0.70454,0.69617,-0.02561,0.37507,-0.00023,
1560025154904497152,-1.35492,-13.25850,-0.00925,-0.08727,-0.08521,0.70598,0.69765,-0.03827,0.37362,0.00296,
1560025155004497408,-1.35984,-13.21948,-0.00921,-0.07869,-0.07645,0.70709,0.69856,-0.04271,0.38724,0.00316,
1560025155104497664,-1.36604,-13.18012,-0.00904,-0.07281,-0.07034,0.70757,0.69935,-0.06126,0.40968,0.00113,
1560025155204497664,-1.37306,-13.13910,-0.00872,-0.06960,-0.06648,0.70746,0.70017,-0.08184,0.44261,-0.00294,
1560025155304470784,-1.38136,-13.09380,-0.00930,-0.06793,-0.06416,0.70835,0.69965,-0.08840,0.46520,-0.00312,
1560025155404470784,-1.39068,-13.04609,-0.00944,-0.06615,-0.06228,0.70834,0.70000,-0.09232,0.49023,-0.00212,
1560025155504471040,-1.39980,-12.99431,-0.00983,-0.06421,-0.06015,0.70889,0.69981,-0.09172,0.51065,0.00136,
1560025155604471296,-1.40832,-12.94070,-0.01045,-0.06224,-0.05806,0.70916,0.69989,-0.09545,0.53739,-0.00408,
1560025155704471296,-1.41667,-12.88455,-0.01087,-0.06051,-0.05582,0.70967,0.69971,-0.09556,0.54700,0.00361,
1560025155804428288,-1.42581,-12.82791,-0.01086,-0.05843,-0.05391,0.70960,0.70010,-0.09238,0.57050,-0.00251,
1560025155904428544,-1.43510,-12.76998,-0.01104,-0.05625,-0.05215,0.70994,0.70007,-0.08780,0.57921,-0.00017,
1560025156004428544,-1.44363,-12.71111,-0.01120,-0.05447,-0.05044,0.71017,0.70011,-0.09302,0.59741,-0.00716,
1560025156104428800,-1.45190,-12.65071,-0.01142,-0.05274,-0.04847,0.71046,0.70008,-0.08526,0.59936,-0.00229,
1560025156204428800,-1.46137,-12.58788,-0.01215,-0.05124,-0.04708,0.71106,0.69968,-0.08704,0.61272,-0.00323,
1560025156304437248,-1.47160,-12.52409,-0.01246,-0.05050,-0.04667,0.71121,0.69961,-0.10105,0.63649,-0.00714,
1560025156404437504,-1.48153,-12.46046,-0.01260,-0.05057,-0.04654,0.71136,0.69946,-0.10218,0.62487,0.00157,
1560025156504437760,-1.49211,-12.39672,-0.01293,-0.05102,-0.04690,0.71134,0.69942,-0.10444,0.62417,0.00124,
1560025156604438016,-1.50304,-12.33254,-0.01283,-0.05194,-0.04759,0.71096,0.69970,-0.11518,0.63691,-0.00497,
1560025156704438016,-1.51429,-12.26761,-0.01294,-0.05287,-0.04853,0.71093,0.69959,-0.10867,0.61671,0.00964,
1560025156804362496,-1.52705,-12.20236,-0.01288,-0.05377,-0.05017,0.71050,0.69984,-0.12589,0.63803,-0.00386,
1560025156904362752,-1.54071,-12.13577,-0.01297,-0.05514,-0.05249,0.71031,0.69976,-0.13799,0.64473,-0.00083,
1560025157004363008,-1.55439,-12.06879,-0.01280,-0.05727,-0.05507,0.71004,0.69967,-0.13464,0.64666,-0.00118,
1560025157104363264,-1.56874,-12.00249,-0.01265,-0.05938,-0.05768,0.70991,0.69941,-0.15474,0.64226,0.00160,
1560025157204363264,-1.58213,-11.93679,-0.01217,-0.06114,-0.05959,0.70940,0.69961,-0.12772,0.65579,0.00065,
1560025157304326144,-1.59596,-11.87196,-0.01221,-0.06251,-0.06138,0.70954,0.69920,-0.14536,0.63596,0.00805,
1560025157404326144,-1.60986,-11.80697,-0.01239,-0.06370,-0.06320,0.70959,0.69888,-0.11719,0.67240,-0.00531,
1560025157504326400,-1.62539,-11.74209,-0.01241,-0.06494,-0.06530,0.70959,0.69857,-0.15971,0.67474,-0.00114,
1560025157604326656,-1.63708,-11.67686,-0.01146,-0.06956,-0.06693,0.70880,0.69877,-0.13066,0.66616,0.00568,
1560025157704326912,-1.65255,-11.61032,-0.01174,-0.07476,-0.07044,0.70941,0.69727,-0.16381,0.65651,0.00886,
1560025157804391936,-1.67127,-11.54594,-0.01067,-0.07963,-0.07481,0.70827,0.69744,-0.19313,0.64960,0.00758,
1560025157904391680,-1.68967,-11.48377,-0.00906,-0.08280,-0.07809,0.70649,0.69852,-0.16532,0.60075,0.03019,
1560025158004392192,-1.70676,-11.41849,-0.00832,-0.08433,-0.07919,0.70581,0.69889,-0.17751,0.67788,-0.00030,
1560025158104392192,-1.72370,-11.35247,-0.00773,-0.08305,-0.07829,0.70583,0.69913,-0.15868,0.69222,-0.00426,
1560025158204392960,-1.73985,-11.28561,-0.00772,-0.08086,-0.07651,0.70655,0.69885,-0.16019,0.68613,-0.00265,
1560025158304329216,-1.75566,-11.21939,-0.00813,-0.07882,-0.07500,0.70743,0.69836,-0.15162,0.66964,0.00147,
1560025158404329472,-1.77056,-11.15203,-0.00833,-0.07698,-0.07309,0.70808,0.69811,-0.15312,0.68986,-0.01029,
1560025158504329984,-1.78582,-11.08432,-0.00896,-0.07443,-0.07142,0.70903,0.69759,-0.13747,0.67912,-0.00811,
1560025158604329984,-1.80168,-11.01408,-0.01039,-0.07206,-0.06993,0.71009,0.69691,-0.13822,0.66692,-0.00471,
1560025158704330240,-1.81526,-10.94341,-0.01151,-0.06998,-0.06765,0.71081,0.69662,-0.14109,0.69292,-0.01670,
1560025158804284160,-1.82997,-10.87356,-0.01237,-0.06807,-0.06619,0.71119,0.69656,-0.12331,0.67468,0.00163,
1560025158904284416,-1.84292,-10.80438,-0.01248,-0.06779,-0.06483,0.71081,0.69710,-0.12821,0.68375,-0.00113,
1560025159004284416,-1.85689,-10.73393,-0.01237,-0.06730,-0.06358,0.71025,0.69783,-0.13591,0.69424,-0.00298,
1560025159104284672,-1.86986,-10.66601,-0.01180,-0.06718,-0.06246,0.70924,0.69897,-0.14340,0.67914,-0.00067,
1560025159204284928,-1.88226,-10.59821,-0.01215,-0.06668,-0.06120,0.70908,0.69929,-0.10267,0.67701,-0.00213,
1560025159304239616,-1.89476,-10.53195,-0.01235,-0.06558,-0.06000,0.70901,0.69958,-0.13754,0.65351,0.00114,
1560025159404239872,-1.90704,-10.46808,-0.01234,-0.06389,-0.05919,0.70875,0.70006,-0.12062,0.63680,0.00362,
1560025159504240128,-1.91784,-10.40479,-0.01232,-0.06208,-0.05760,0.70845,0.70067,-0.09258,0.63324,-0.00096,
1560025159604240128,-1.92650,-10.34333,-0.01268,-0.06042,-0.05537,0.70830,0.70114,-0.09662,0.64582,-0.01737,
1560025159704240640,-1.93417,-10.28470,-0.01316,-0.05624,-0.05180,0.70882,0.70123,-0.07479,0.59730,-0.00066,
1560025159804243456,-1.93914,-10.22627,-0.01360,-0.05061,-0.04616,0.70943,0.70144,-0.02721,0.57677,-0.00186,
1560025159904243968,-1.94093,-10.17071,-0.01443,-0.04230,-0.03842,0.71001,0.70187,-0.00930,0.58007,-0.01046,
1560025160004243968,-1.93808,-10.11585,-0.01538,-0.03125,-0.02756,0.71094,0.70202,0.03413,0.56604,-0.00997,
1560025160104244224,-1.93140,-10.06531,-0.01608,-0.01790,-0.01436,0.71128,0.70254,0.07110,0.54518,-0.01465,
1560025160204244480,-1.92136,-10.01573,-0.01722,-0.00231,0.00102,0.71219,0.70198,0.13043,0.49415,-0.00115,
1560025160304235008,-1.90638,-9.96915,-0.01750,0.01455,0.01864,0.71169,0.70209,0.15818,0.48276,-0.01030,
1560025160404235008,-1.88929,-9.92354,-0.01817,0.03333,0.03730,0.71127,0.70114,0.18484,0.44917,-0.01159,
1560025160504235264,-1.86866,-9.87849,-0.01910,0.05413,0.05794,0.71007,0.69965,0.23304,0.41498,-0.00741,
1560025160604235776,-1.84396,-9.83886,-0.01971,0.07677,0.08050,0.70751,0.69789,0.26998,0.39832,-0.01240,
1560025160704235520,-1.81643,-9.79957,-0.02071,0.10060,0.10425,0.70482,0.69443,0.28030,0.35592,-0.00966,
1560025160804259072,-1.78676,-9.76394,-0.02170,0.12473,0.12813,0.70128,0.69009,0.31833,0.31618,-0.00715,
1560025160904259328,-1.75447,-9.73248,-0.02172,0.14862,0.15230,0.69614,0.68564,0.32378,0.28249,-0.00431,
1560025161004259584,-1.72133,-9.70591,-0.02117,0.17126,0.17519,0.69045,0.68062,0.32895,0.24404,-0.00253,
1560025161104259840,-1.68790,-9.68237,-0.02092,0.19273,0.19685,0.68461,0.67484,0.33021,0.22396,-0.00471,
1560025161204259840,-1.65506,-9.66067,-0.02069,0.21287,0.21690,0.67859,0.66870,0.32494,0.20298,-0.00359,
1560025161304200960,-1.62206,-9.64174,-0.02038,0.23147,0.23562,0.67210,0.66271,0.33300,0.17821,-0.00539,
1560025161404200960,-1.58932,-9.62268,-0.02025,0.24911,0.25355,0.66583,0.65600,0.32463,0.16614,-0.00501,
1560025161504201216,-1.55726,-9.60648,-0.02007,0.26519,0.27014,0.65945,0.64948,0.30800,0.14157,0.00186,
1560025161604201216,-1.52669,-9.59186,-0.02009,0.28045,0.28560,0.65307,0.64287,0.30378,0.12323,0.00013,
1560025161704201728,-1.49674,-9.57946,-0.02039,0.29504,0.30039,0.64649,0.63621,0.30378,0.11558,-0.00490,
1560025161804231424,-1.46765,-9.56826,-0.02073,0.30843,0.31396,0.64005,0.62979,0.29276,0.10741,-0.00296,
1560025161904231680,-1.44055,-9.55795,-0.02111,0.31931,0.32508,0.63449,0.62432,0.26449,0.10792,-0.00172,
1560025162004231680,-1.41623,-9.54636,-0.02179,0.32637,0.33261,0.63093,0.62031,0.24109,0.12208,-0.00284,
1560025162104231936,-1.39583,-9.53382,-0.02215,0.33040,0.33635,0.62869,0.61843,0.22148,0.13828,-0.00158,
1560025162204232192,-1.37790,-9.51959,-0.02249,0.33111,0.33707,0.62825,0.61810,0.20644,0.16339,-0.00459,
1560025162304293120,-1.36160,-9.50283,-0.02283,0.32854,0.33476,0.62963,0.61932,0.18363,0.18250,-0.00067,
1560025162404293632,-1.34212,-9.48555,-0.02278,0.32591,0.33212,0.63091,0.62083,0.20173,0.17546,-0.00314,
1560025162504293376,-1.32194,-9.47022,-0.02328,0.32580,0.33218,0.63086,0.62091,0.21685,0.15937,-0.00432,
1560025162604293632,-1.30155,-9.45564,-0.02357,0.32647,0.33294,0.63034,0.62068,0.20415,0.16345,-0.00062,
1560025162704293888,-1.28040,-9.43869,-0.02354,0.32614,0.33273,0.63050,0.62080,0.20576,0.16195,0.00106,
1560025162804168960,-1.25755,-9.42316,-0.02396,0.32653,0.33312,0.63022,0.62067,0.21183,0.16508,0.00052,
1560025162904168960,-1.23519,-9.40612,-0.02421,0.32571,0.33248,0.63058,0.62107,0.21066,0.17319,0.00082,
1560025163004169472,-1.21318,-9.38991,-0.02405,0.32587,0.33245,0.63032,0.62128,0.22055,0.16440,-0.00063,
1560025163104169728,-1.18988,-9.37301,-0.02433,0.32555,0.33221,0.63048,0.62141,0.21015,0.16921,0.00054,
1560025163204169728,-1.16821,-9.35543,-0.02444,0.32446,0.33127,0.63110,0.62185,0.20537,0.16996,0.00014,
1560025163304135680,-1.14513,-9.33784,-0.02477,0.32333,0.33032,0.63169,0.62234,0.20545,0.17082,-0.00133,
1560025163404135680,-1.12257,-9.32041,-0.02514,0.32266,0.32970,0.63221,0.62249,0.21142,0.16386,-0.00402,
1560025163504136192,-1.10159,-9.30446,-0.02550,0.32212,0.32943,0.63240,0.62272,0.20818,0.16104,-0.00681,
1560025163604136192,-1.08105,-9.28887,-0.02567,0.32147,0.32891,0.63262,0.62311,0.19777,0.15388,-0.00524,
1560025163704136448,-1.06137,-9.27396,-0.02598,0.32070,0.32850,0.63306,0.62328,0.17777,0.13929,0.00099,
1560025163804098560,-1.04430,-9.26135,-0.02643,0.32051,0.32812,0.63297,0.62367,0.16904,0.13002,0.00028,
1560025163904098816,-1.02966,-9.24945,-0.02655,0.32022,0.32765,0.63292,0.62412,0.15861,0.12236,-0.00118,
1560025164004098816,-1.01595,-9.23904,-0.02696,0.31991,0.32726,0.63304,0.62435,0.14387,0.11587,-0.00181,
1560025164104099072,-1.00336,-9.22978,-0.02713,0.31942,0.32653,0.63314,0.62489,0.13257,0.10282,-0.00224,
1560025164204099328,-0.99187,-9.22134,-0.02755,0.31910,0.32605,0.63331,0.62513,0.12000,0.09002,-0.00257,
1560025164304106240,-0.98155,-9.21372,-0.02777,0.31901,0.32590,0.63331,0.62525,0.10638,0.08176,-0.00323,
1560025164404106496,-0.97346,-9.20802,-0.02825,0.31879,0.32560,0.63343,0.62540,0.09579,0.07202,-0.00360,
1560025164504106752,-0.96500,-9.20178,-0.02854,0.31859,0.32537,0.63347,0.62559,0.08854,0.06516,-0.00455,
1560025164604107008,-0.95813,-9.19658,-0.02880,0.31820,0.32496,0.63367,0.62579,0.07593,0.05604,-0.00325,
1560025164704107008,-0.95269,-9.19272,-0.02899,0.31800,0.32475,0.63369,0.62598,0.06162,0.04550,-0.00235,
1560025164804028160,-0.94940,-9.18998,-0.02894,0.31823,0.32482,0.63358,0.62594,0.04987,0.03489,-0.00167,
1560025164904028416,-0.94591,-9.18680,-0.02941,0.31830,0.32485,0.63355,0.62591,0.03677,0.02740,-0.00128,
1560025165004028672,-0.94362,-9.18489,-0.02966,0.31831,0.32479,0.63354,0.62596,0.02770,0.01978,-0.00165,
1560025165104028672,-0.94188,-9.18383,-0.02986,0.31834,0.32480,0.63354,0.62593,0.02166,0.01183,-0.00267,
1560025165204028928,-0.94123,-9.18347,-0.03003,0.31847,0.32491,0.63344,0.62591,0.02028,0.01428,-0.00200,
1560025165303999744,-0.93987,-9.18193,-0.03019,0.31827,0.32465,0.63353,0.62605,0.03067,0.02474,-0.00202,
1560025165403999744,-0.93607,-9.17891,-0.03021,0.31814,0.32437,0.63362,0.62618,0.05074,0.04050,-0.00052,
1560025165504000000,-0.92914,-9.17366,-0.03025,0.31809,0.32414,0.63368,0.62626,0.07666,0.06211,-0.00067,
1560025165604000256,-0.91921,-9.16536,-0.03035,0.31805,0.32383,0.63382,0.62630,0.10256,0.08082,-0.00011,
1560025165704000512,-0.91174,-9.15802,-0.02988,0.31763,0.32317,0.63425,0.62642,0.11543,0.09807,0.00123,
1560025165803982848,-0.89966,-9.14710,-0.02974,0.31665,0.32208,0.63482,0.62690,0.13005,0.11183,0.00142,
1560025165903983104,-0.88832,-9.13675,-0.02957,0.31554,0.32090,0.63537,0.62750,0.14417,0.12307,0.00080,
1560025166003983360,-0.87387,-9.12409,-0.02932,0.31439,0.31953,0.63593,0.62821,0.16437,0.14271,-0.00151,
1560025166103983360,-0.85860,-9.11047,-0.02889,0.31321,0.31835,0.63675,0.62857,0.18110,0.15478,-0.00131,
1560025166203983616,-0.84049,-9.09517,-0.02880,0.31195,0.31711,0.63743,0.62913,0.18983,0.16517,0.00147,
1560025166304030976,-0.82241,-9.07888,-0.02834,0.31069,0.31592,0.63818,0.62960,0.20542,0.17696,0.00169,
1560025166404031232,-0.80117,-9.06062,-0.02825,0.30943,0.31479,0.63881,0.63014,0.22313,0.18606,0.00202,
1560025166504031488,-0.77889,-9.04191,-0.02797,0.30854,0.31425,0.63938,0.63027,0.23888,0.19994,0.00043,
1560025166604031744,-0.75433,-9.02109,-0.02794,0.30748,0.31350,0.64015,0.63038,0.23711,0.20727,0.00600,
1560025166704032000,-0.72998,-8.99951,-0.02809,0.30618,0.31256,0.64089,0.63073,0.25718,0.21749,-0.00065,
1560025166803999744,-0.70374,-8.97705,-0.02859,0.30456,0.31153,0.64172,0.63118,0.27083,0.23072,-0.00449,
1560025166904000000,-0.67728,-8.95306,-0.02934,0.30298,0.31055,0.64275,0.63138,0.28371,0.24841,-0.00906,
1560025167004000256,-0.65049,-8.92933,-0.02936,0.30183,0.30925,0.64333,0.63197,0.27545,0.24402,-0.00357,
1560025167104000256,-0.62417,-8.90554,-0.03056,0.30058,0.30819,0.64410,0.63230,0.27772,0.24701,-0.00978,
1560025167204000512,-0.59766,-8.88179,-0.03201,0.29976,0.30760,0.64477,0.63230,0.27807,0.22579,-0.00467,
1560025167303930112,-0.57182,-8.85930,-0.03230,0.29865,0.30698,0.64503,0.63286,0.22855,0.21693,0.01352,
1560025167403929856,-0.54801,-8.83874,-0.03181,0.29710,0.30575,0.64506,0.63415,0.22458,0.17106,0.01657,
1560025167503930112,-0.52649,-8.81951,-0.03142,0.29491,0.30380,0.64515,0.63602,0.21568,0.19130,0.00191,
1560025167603930368,-0.50606,-8.80181,-0.03150,0.29291,0.30249,0.64539,0.63732,0.20583,0.18382,-0.00206,
1560025167703930624,-0.48685,-8.78425,-0.03154,0.29130,0.30138,0.64579,0.63817,0.18524,0.17559,0.00128,
1560025167804003840,-0.47123,-8.77333,-0.03006,0.29341,0.30290,0.64414,0.63816,0.11718,0.07109,0.03075,
1560025167904004096,-0.45772,-8.76431,-0.02938,0.29778,0.30568,0.64155,0.63742,0.16530,0.09906,-0.00128,
1560025168004004352,-0.44424,-8.75240,-0.02950,0.29904,0.30636,0.64079,0.63726,0.15887,0.14604,-0.01246,
1560025168104004352,-0.42925,-8.73785,-0.03107,0.29797,0.30554,0.64180,0.63715,0.17348,0.18089,-0.01553,
1560025168204004608,-0.41548,-8.72715,-0.02988,0.30191,0.30708,0.64023,0.63613,0.10987,0.07942,0.01943,
1560025168303884544,-0.40348,-8.72306,-0.02936,0.31290,0.31451,0.63552,0.63189,0.14506,0.01626,0.00836,
1560025168403884544,-0.38964,-8.72164,-0.02931,0.32318,0.32367,0.63053,0.62708,0.12875,0.02377,0.00472,
1560025168503885056,-0.37634,-8.71717,-0.02955,0.33113,0.33061,0.62707,0.62276,0.12997,0.05082,-0.00155,
1560025168603885056,-0.36385,-8.70954,-0.02952,0.33505,0.33357,0.62548,0.62069,0.12614,0.08338,-0.00086,
1560025168703885312,-0.35337,-8.69959,-0.02964,0.33204,0.33103,0.62672,0.62241,0.09752,0.09465,-0.00700,
1560025168803843584,-0.34314,-8.69162,-0.03046,0.31983,0.32469,0.63097,0.62782,0.09406,0.03555,0.01759,
1560025168903843584,-0.33822,-8.67684,-0.02990,0.30984,0.31461,0.63563,0.63323,0.03834,0.14468,0.01284,
1560025169003844096,-0.32856,-8.66380,-0.02958,0.30446,0.30913,0.63798,0.63617,0.10628,0.14309,-0.00212,
1560025169103843840,-0.31598,-8.64963,-0.03016,0.30085,0.30563,0.63990,0.63766,0.15557,0.16675,-0.01944,
1560025169203844352,-0.30090,-8.63321,-0.03115,0.29752,0.30285,0.64204,0.63840,0.12121,0.15038,0.00615,
1560025169303874816,-0.28816,-8.61639,-0.03133,0.29273,0.29795,0.64441,0.64052,0.10907,0.16901,0.00033,
1560025169403875072,-0.27747,-8.59954,-0.03132,0.28721,0.29201,0.64710,0.64304,0.11117,0.17299,-0.00398,
1560025169503875328,-0.26746,-8.58286,-0.03142,0.28135,0.28595,0.64988,0.64555,0.10023,0.17144,-0.00227,
1560025169603875328,-0.25852,-8.56598,-0.03160,0.27516,0.27939,0.65269,0.64824,0.09027,0.17331,-0.00065,
1560025169703875584,-0.24937,-8.54827,-0.03180,0.26869,0.27268,0.65565,0.65082,0.08740,0.17524,-0.00154,
1560025169803883264,-0.23756,-8.52903,-0.03405,0.26244,0.26818,0.66036,0.65048,0.11930,0.19738,-0.03290,
1560025169903883520,-0.22973,-8.51307,-0.03649,0.25522,0.26350,0.66587,0.64965,0.02100,0.13379,-0.00713,
1560025170003883776,-0.23104,-8.50100,-0.03726,0.24575,0.25395,0.67022,0.65263,-0.03176,0.10769,0.00013,
1560025170103883776,-0.23771,-8.49225,-0.03617,0.23486,0.24118,0.67282,0.65878,-0.09218,0.06462,0.02820,
1560025170203884032,-0.25046,-8.48911,-0.03255,0.22253,0.22461,0.67185,0.66982,-0.04020,0.16260,-0.02619,
1560025170303790848,-0.25433,-8.47496,-0.03492,0.20807,0.21148,0.67875,0.67178,-0.07413,0.05886,0.02021,
1560025170403790848,-0.25923,-8.46681,-0.03515,0.19801,0.20080,0.68109,0.67571,-0.00975,0.11920,-0.01760,
1560025170503791104,-0.26292,-8.46106,-0.03494,0.19042,0.19280,0.68253,0.67876,-0.00748,0.11083,-0.02199,
1560025170603791360,-0.26635,-8.45514,-0.03526,0.18291,0.18531,0.68466,0.68077,-0.03004,0.07288,-0.00481,
1560025170703791616,-0.26937,-8.44900,-0.03565,0.17561,0.17815,0.68678,0.68246,-0.04062,0.04888,0.00585,
1560025170803768064,-0.27267,-8.44327,-0.03563,0.16814,0.17069,0.68884,0.68418,-0.04168,0.04784,0.00698,
1560025170903768320,-0.27637,-8.43690,-0.03581,0.16001,0.16266,0.69092,0.68598,-0.04218,0.06365,0.00399,
1560025171003768320,-0.28072,-8.42920,-0.03582,0.15085,0.15340,0.69308,0.68801,-0.04539,0.08739,0.00027,
1560025171103768576,-0.28553,-8.41935,-0.03597,0.14095,0.14335,0.69523,0.69010,-0.04742,0.10710,-0.00316,
1560025171203768832,-0.29165,-8.40751,-0.03590,0.12926,0.13160,0.69768,0.69225,-0.06464,0.11621,-0.00074,
1560025171303792896,-0.29956,-8.39533,-0.03595,0.11587,0.11790,0.70013,0.69461,-0.07985,0.12494,-0.00223,
1560025171403793152,-0.30834,-8.38333,-0.03561,0.10184,0.10358,0.70243,0.69678,-0.08588,0.11847,0.00051,
1560025171503793408,-0.31731,-8.37191,-0.03548,0.08795,0.08944,0.70441,0.69862,-0.08661,0.11062,0.00001,
1560025171603793408,-0.32603,-8.36087,-0.03558,0.07428,0.07586,0.70613,0.70007,-0.08491,0.10450,-0.00024,
1560025171703793664,-0.33460,-8.35140,-0.03575,0.06197,0.06342,0.70738,0.70125,-0.07858,0.09374,-0.00136,
1560025171803809792,-0.34137,-8.34342,-0.03598,0.05213,0.05330,0.70820,0.70206,-0.06166,0.07022,0.00014,
1560025171903810048,-0.34661,-8.33745,-0.03647,0.04423,0.04538,0.70880,0.70256,-0.05129,0.05265,-0.00142,
1560025172003810304,-0.35066,-8.33265,-0.03682,0.03775,0.03896,0.70927,0.70284,-0.04116,0.04636,-0.00297,
1560025172103810560,-0.35418,-8.32836,-0.03695,0.03231,0.03359,0.70958,0.70308,-0.03881,0.04112,-0.00346,
1560025172203810816,-0.35814,-8.32401,-0.03711,0.02710,0.02832,0.70987,0.70324,-0.03850,0.04157,-0.00279,
1560025172303762688,-0.36285,-8.31938,-0.03718,0.02143,0.02255,0.71016,0.70335,-0.04714,0.04255,-0.00098,
1560025172403762944,-0.36740,-8.31484,-0.03726,0.01564,0.01671,0.71039,0.70343,-0.04056,0.04392,-0.00200,
1560025172503762944,-0.37119,-8.31077,-0.03740,0.01096,0.01201,0.71060,0.70341,-0.02847,0.03696,-0.00190,
1560025172603763200,-0.37233,-8.30751,-0.03738,0.00846,0.00979,0.71076,0.70331,-0.00875,0.02746,-0.00181,
1560025172703763456,-0.37231,-8.30590,-0.03739,0.00782,0.00937,0.71078,0.70331,-0.00257,0.01397,-0.00083,
1560025172803750400,-0.37259,-8.30518,-0.03737,0.00724,0.00879,0.71078,0.70332,-0.00409,0.00599,-0.00049,
1560025172903750400,-0.37275,-8.30502,-0.03739,0.00676,0.00836,0.71073,0.70338,0.00020,0.00420,-0.00090,
1560025173003750656,-0.37239,-8.30532,-0.03723,0.00677,0.00844,0.71071,0.70340,0.00594,-0.00024,-0.00073,
1560025173103750656,-0.37100,-8.30684,-0.03704,0.00792,0.00955,0.71059,0.70350,0.01412,-0.02058,0.00076,
1560025173203751168,-0.36832,-8.31041,-0.03700,0.01057,0.01210,0.71045,0.70356,0.03204,-0.04202,0.00158,
1560025173303705088,-0.36456,-8.31560,-0.03696,0.01523,0.01667,0.71019,0.70365,0.04028,-0.05842,0.00131,
1560025173403705088,-0.36294,-8.32147,-0.03700,0.01924,0.02052,0.71001,0.70363,0.01921,-0.05448,0.00118,
1560025173503705344,-0.36251,-8.32588,-0.03693,0.02113,0.02223,0.70991,0.70363,0.01137,-0.03090,0.00071,
1560025173603705600,-0.36154,-8.32758,-0.03695,0.02301,0.02396,0.70982,0.70360,0.02139,-0.00400,0.00010,
1560025173703705856,-0.35873,-8.32868,-0.03692,0.02631,0.02727,0.70972,0.70347,0.03044,-0.01578,0.00135,
1560025173803636736,-0.35589,-8.33086,-0.03691,0.03032,0.03123,0.70956,0.70330,0.03219,-0.03300,0.00222,
1560025173903636992,-0.35284,-8.33441,-0.03683,0.03468,0.03558,0.70925,0.70321,0.03312,-0.03661,0.00205,
1560025174003637248,-0.34992,-8.33814,-0.03665,0.03912,0.04007,0.70892,0.70307,0.03046,-0.03706,0.00122,
1560025174103637248,-0.34737,-8.34224,-0.03663,0.04330,0.04419,0.70863,0.70286,0.03028,-0.03821,0.00005,
1560025174203637248,-0.34495,-8.34631,-0.03672,0.04710,0.04806,0.70837,0.70263,0.02406,-0.03733,-0.00016,
1560025174303642624,-0.34287,-8.34977,-0.03687,0.05057,0.05154,0.70816,0.70235,0.02253,-0.02871,-0.00057,
1560025174403642880,-0.34089,-8.35215,-0.03683,0.05386,0.05487,0.70799,0.70202,0.02316,-0.02114,0.00079,
1560025174503642880,-0.33942,-8.35365,-0.03677,0.05636,0.05747,0.70780,0.70181,0.01042,-0.01329,0.00136,
1560025174603643136,-0.33928,-8.35419,-0.03672,0.05701,0.05820,0.70778,0.70172,0.00048,-0.00080,0.00082,
1560025174703643392,-0.33954,-8.35370,-0.03664,0.05691,0.05806,0.70785,0.70167,0.00032,0.00512,0.00114,
1560025174803619584,-0.33891,-8.35239,-0.03665,0.05704,0.05830,0.70793,0.70155,0.01413,0.02413,0.00054,
1560025174903619840,-0.33693,-8.34905,-0.03651,0.05807,0.05965,0.70790,0.70139,0.01855,0.04171,0.00143,
1560025175003620096,-0.33634,-8.34427,-0.03639,0.05789,0.05968,0.70791,0.70139,-0.00376,0.04649,0.00168,
1560025175103620352,-0.33904,-8.33944,-0.03649,0.05423,0.05594,0.70820,0.70170,-0.03431,0.04698,0.00020,
1560025175203620608,-0.34245,-8.33456,-0.03665,0.04882,0.05045,0.70863,0.70208,-0.02045,0.05396,0.00014,
1560025175303568128,-0.34238,-8.32984,-0.03659,0.04618,0.04821,0.70878,0.70227,0.01685,0.04592,0.00138,
1560025175403568128,-0.33733,-8.32610,-0.03613,0.04754,0.05111,0.70841,0.70234,0.08212,0.03828,0.00695,
1560025175503568384,-0.32635,-8.32126,-0.03538,0.05333,0.05973,0.70763,0.70203,0.12786,0.05781,0.00841,
1560025175603568640,-0.31311,-8.31395,-0.03455,0.06243,0.07154,0.70644,0.70137,0.12433,0.08890,0.00549,
1560025175703568896,-0.30405,-8.30388,-0.03391,0.06939,0.07946,0.70536,0.70096,0.05698,0.11620,0.00455,
1560025175803595008,-0.29958,-8.29003,-0.03373,0.07226,0.08203,0.70508,0.70065,0.04409,0.15013,0.00232,
1560025175903595264,-0.29679,-8.27298,-0.03389,0.07538,0.08348,0.70482,0.70041,0.02450,0.19272,-0.00589,
1560025176003595264,-0.29586,-8.25013,-0.03551,0.08414,0.08589,0.70506,0.69888,0.04003,0.28155,-0.01728,
1560025176103595520,-0.28617,-8.22665,-0.03593,0.09071,0.09237,0.70482,0.69747,0.09283,0.23434,0.00004,
1560025176203595520,-0.28183,-8.19891,-0.03874,0.08895,0.09135,0.70896,0.69362,0.03071,0.26392,-0.02485,
1560025176303590912,-0.28269,-8.17624,-0.04008,0.08255,0.08536,0.71220,0.69186,-0.00957,0.19296,0.00233,
1560025176403591424,-0.28421,-8.15782,-0.03976,0.07684,0.07957,0.71270,0.69269,-0.01154,0.17684,0.01065,
1560025176503591680,-0.28546,-8.14384,-0.03698,0.07311,0.07511,0.70967,0.69670,-0.01333,0.08853,0.05415,
1560025176603592192,-0.28356,-8.12128,-0.03698,0.07046,0.07241,0.70923,0.69770,0.02986,0.28411,-0.02204,
1560025176703591936,-0.28295,-8.10169,-0.03564,0.06748,0.06920,0.70804,0.69953,0.00301,0.21674,0.00950,
1560025176803520256,-0.28228,-8.07654,-0.03693,0.06289,0.06508,0.70975,0.69862,-0.02083,0.17077,0.02720,
1560025176903520512,-0.28360,-8.05177,-0.03752,0.05660,0.05899,0.71055,0.69888,-0.01826,0.23131,0.00433,
1560025177003520768,-0.28638,-8.02677,-0.03757,0.04835,0.05118,0.71098,0.69967,-0.03746,0.28129,-0.01210,
1560025177103521024,-0.29194,-8.00183,-0.03741,0.03846,0.04116,0.71137,0.70055,-0.05815,0.28863,-0.01410,
1560025177203521280,-0.29936,-7.97644,-0.03719,0.02712,0.02979,0.71194,0.70108,-0.08058,0.27280,-0.00544,
1560025177303502592,-0.30789,-7.95031,-0.03728,0.01472,0.01753,0.71253,0.70127,-0.09242,0.25277,0.00555,
1560025177403502592,-0.31731,-7.92381,-0.03754,0.00152,0.00474,0.71305,0.70109,-0.09612,0.23190,0.01165,
1560025177503502848,-0.32650,-7.89937,-0.03755,-0.01017,-0.00664,0.71287,0.70119,-0.09441,0.21977,0.00864,
1560025177603503104,-0.33599,-7.87648,-0.03705,-0.02101,-0.01725,0.71245,0.70120,-0.09765,0.22214,-0.00096,
1560025177703503104,-0.34514,-7.85526,-0.03688,-0.03130,-0.02732,0.71190,0.70105,-0.09480,0.21942,-0.00608,
1560025177803504384,-0.35396,-7.83544,-0.03692,-0.04018,-0.03630,0.71138,0.70072,-0.09424,0.19082,-0.00032,
1560025177903504640,-0.36240,-7.81733,-0.03680,-0.04827,-0.04454,0.71075,0.70038,-0.08607,0.17230,0.00164,
1560025178003504896,-0.37011,-7.80048,-0.03664,-0.05573,-0.05191,0.71027,0.69979,-0.07674,0.16018,0.00197,
1560025178103505152,-0.37753,-7.78613,-0.03647,-0.06193,-0.05854,0.70974,0.69929,-0.07998,0.12657,0.00656,
1560025178203505152,-0.38290,-7.77666,-0.03623,-0.06567,-0.06314,0.70868,0.69962,-0.05024,0.10940,0.00159,
1560025178303473664,-0.38591,-7.76924,-0.03642,-0.06833,-0.06618,0.70824,0.69953,-0.03294,0.08865,0.00352,
1560025178403473920,-0.38854,-7.76223,-0.03654,-0.07050,-0.06869,0.70793,0.69939,-0.03792,0.09409,0.00034,
1560025178503474176,-0.39283,-7.75471,-0.03649,-0.07360,-0.07215,0.70739,0.69927,-0.05400,0.10765,0.00179,
1560025178603474432,-0.39933,-7.74329,-0.03637,-0.07795,-0.07687,0.70662,0.69907,-0.06996,0.13441,0.00292,
1560025178703474432,-0.40801,-7.73027,-0.03656,-0.08353,-0.08298,0.70576,0.69860,-0.09274,0.16445,0.00432,
1560025178803531776,-0.41948,-7.71417,-0.03641,-0.09043,-0.09043,0.70440,0.69819,-0.11680,0.19213,0.00471,
1560025178903532288,-0.43320,-7.69390,-0.03599,-0.09906,-0.09927,0.70296,0.69726,-0.14092,0.21924,0.00434,
1560025179003532288,-0.44943,-7.67168,-0.03551,-0.10901,-0.10951,0.70111,0.69610,-0.16872,0.23390,0.00577,
1560025179103532800,-0.46728,-7.64808,-0.03506,-0.12035,-0.12096,0.69905,0.69441,-0.18394,0.23880,0.00574,
1560025179203533056,-0.48705,-7.62498,-0.03468,-0.13309,-0.13366,0.69655,0.69228,-0.20999,0.24041,0.00382,
1560025179303504384,-0.50926,-7.60135,-0.03504,-0.14668,-0.14770,0.69457,0.68865,-0.22051,0.21446,0.00581,
1560025179403504640,-0.53275,-7.58054,-0.03530,-0.16160,-0.16284,0.69150,0.68498,-0.23583,0.19672,0.00428,
1560025179503504896,-0.55743,-7.56230,-0.03551,-0.17735,-0.17889,0.68771,0.68088,-0.24728,0.18429,-0.00242,
1560025179603505152,-0.58185,-7.54510,-0.03583,-0.19227,-0.19410,0.68385,0.67654,-0.24598,0.18066,-0.00409,
1560025179703505152,-0.60494,-7.52710,-0.03620,-0.20400,-0.20609,0.68063,0.67279,-0.22016,0.18262,0.00170,
1560025179803458048,-0.62650,-7.50694,-0.03650,-0.21218,-0.21432,0.67817,0.67018,-0.21394,0.21071,-0.00126,
1560025179903458304,-0.64595,-7.48391,-0.03677,-0.21608,-0.21834,0.67695,0.66886,-0.19436,0.23839,-0.00064,
1560025180003458560,-0.66375,-7.45867,-0.03685,-0.21739,-0.21928,0.67657,0.66851,-0.18575,0.24810,0.00103,
1560025180103458560,-0.68233,-7.43343,-0.03694,-0.21754,-0.21949,0.67651,0.66845,-0.18995,0.25896,-0.00158,
1560025180203459072,-0.70007,-7.40783,-0.03716,-0.21740,-0.21957,0.67643,0.66856,-0.18652,0.25721,-0.00220,
1560025180303450880,-0.71782,-7.38237,-0.03738,-0.21687,-0.21895,0.67679,0.66857,-0.16635,0.26430,-0.00092,
1560025180403450880,-0.73424,-7.35644,-0.03719,-0.21685,-0.21802,0.67689,0.66877,-0.17546,0.25384,-0.00163,
1560025180503451136,-0.75164,-7.33082,-0.03734,-0.21684,-0.21757,0.67700,0.66882,-0.16999,0.25307,-0.00151,
1560025180603451392,-0.76803,-7.30658,-0.03778,-0.21741,-0.21766,0.67703,0.66857,-0.16980,0.25139,-0.00145,
1560025180703451648,-0.78438,-7.28228,-0.03827,-0.21757,-0.21753,0.67711,0.66848,-0.16709,0.25058,-0.00073,
1560025180803392768,-0.80189,-7.25576,-0.03854,-0.21747,-0.21716,0.67761,0.66813,-0.16584,0.25420,-0.00116,
1560025180903393024,-0.81840,-7.23235,-0.03886,-0.21744,-0.21687,0.67773,0.66811,-0.17056,0.24745,-0.00146,
1560025181003393536,-0.83599,-7.20711,-0.03904,-0.21704,-0.21676,0.67809,0.66791,-0.17029,0.25003,-0.00046,
1560025181103393536,-0.85275,-7.18277,-0.03890,-0.21707,-0.21650,0.67793,0.66815,-0.17062,0.25227,-0.00205,
1560025181203393536,-0.86839,-7.16232,-0.03947,-0.21746,-0.21670,0.67799,0.66789,-0.16193,0.23882,0.00059,
1560025181303366656,-0.88477,-7.13849,-0.03940,-0.21749,-0.21647,0.67795,0.66800,-0.15823,0.23655,-0.00013,
1560025181403367168,-0.90109,-7.11586,-0.03966,-0.21681,-0.21560,0.67824,0.66821,-0.14913,0.24171,-0.00149,
1560025181503366912,-0.91730,-7.09051,-0.03997,-0.21562,-0.21409,0.67898,0.66833,-0.15296,0.24705,-0.00186,
1560025181603367168,-0.93357,-7.06563,-0.04026,-0.21411,-0.21242,0.67959,0.66872,-0.15938,0.25473,-0.00513,
1560025181703367424,-0.95000,-7.03911,-0.04102,-0.21200,-0.21024,0.68064,0.66902,-0.15395,0.25878,-0.00301,
1560025181803440640,-0.96492,-7.01336,-0.04119,-0.20833,-0.20691,0.68174,0.67009,-0.14463,0.26964,-0.00483,
1560025181903440640,-0.97929,-6.98561,-0.04143,-0.20327,-0.20200,0.68341,0.67144,-0.13142,0.27931,-0.00367,
1560025182003440896,-0.99176,-6.95704,-0.04207,-0.19697,-0.19564,0.68562,0.67295,-0.12040,0.28816,-0.00514,
1560025182103441152,-1.00353,-6.92757,-0.04255,-0.18971,-0.18836,0.68793,0.67474,-0.10420,0.30413,-0.00563,
1560025182203441408,-1.01441,-6.89805,-0.04274,-0.18222,-0.18059,0.69013,0.67668,-0.10497,0.29470,-0.00524,
1560025182303355392,-1.02482,-6.86896,-0.04283,-0.17480,-0.17320,0.69224,0.67842,-0.09565,0.28535,-0.00029,
1560025182403355648,-1.03534,-6.84063,-0.04253,-0.16705,-0.16593,0.69390,0.68049,-0.09709,0.28144,-0.00059,
1560025182503355904,-1.04341,-6.81365,-0.04168,-0.16026,-0.15901,0.69520,0.68245,-0.07902,0.26838,0.00466,
1560025182603355904,-1.05115,-6.78716,-0.04107,-0.15416,-0.15234,0.69617,0.68438,-0.07321,0.26538,0.00179,
1560025182703356160,-1.05794,-6.76151,-0.04093,-0.14799,-0.14590,0.69732,0.68598,-0.07002,0.26286,0.00125,
1560025182803328768,-1.06417,-6.73614,-0.04099,-0.14144,-0.13941,0.69865,0.68734,-0.06629,0.25430,0.00267,
1560025182903329024,-1.07057,-6.71101,-0.04102,-0.13476,-0.13310,0.69980,0.68877,-0.06391,0.25653,0.00044,
1560025183003329280,-1.07651,-6.68637,-0.04072,-0.12893,-0.12725,0.70084,0.68993,-0.05999,0.24962,0.00142,
1560025183103329536,-1.08310,-6.66165,-0.04013,-0.12305,-0.12171,0.70160,0.69123,-0.05099,0.23432,0.00561,
1560025183203329536,-1.08725,-6.63993,-0.03914,-0.11680,-0.11535,0.70205,0.69295,-0.03684,0.22227,0.00533,
1560025183303303424,-1.09098,-6.61849,-0.03862,-0.11150,-0.10964,0.70270,0.69409,-0.03418,0.20776,0.00463,
1560025183403303680,-1.09388,-6.59802,-0.03822,-0.10717,-0.10453,0.70325,0.69500,-0.02465,0.20107,0.00580,
1560025183503303936,-1.09682,-6.57688,-0.03832,-0.10293,-0.09954,0.70393,0.69569,-0.03096,0.20832,0.00125,
1560025183603303936,-1.10063,-6.55628,-0.03835,-0.09933,-0.09564,0.70423,0.69645,-0.04686,0.20383,0.00030,
1560025183703304192,-1.10524,-6.53642,-0.03823,-0.09669,-0.09292,0.70441,0.69701,-0.05006,0.19546,0.00054,
1560025183803279616,-1.10965,-6.51753,-0.03815,-0.09401,-0.09041,0.70430,0.69782,-0.04243,0.18842,0.00719,
1560025183903279872,-1.11356,-6.49770,-0.03778,-0.09118,-0.08739,0.70428,0.69860,-0.03843,0.20009,0.00380,
1560025184003279872,-1.11742,-6.47664,-0.03782,-0.08850,-0.08452,0.70440,0.69918,-0.04100,0.21641,0.00055,
1560025184103280384,-1.12182,-6.45416,-0.03763,-0.08601,-0.08183,0.70474,0.69947,-0.04438,0.23032,-0.00091,
1560025184203280128,-1.12638,-6.42992,-0.03798,-0.08399,-0.07959,0.70546,0.69924,-0.04541,0.24258,-0.00303,
1560025184303286016,-1.13111,-6.40483,-0.03841,-0.08274,-0.07783,0.70630,0.69874,-0.05417,0.25841,-0.00570,
1560025184403286272,-1.13637,-6.37879,-0.03896,-0.08178,-0.07674,0.70705,0.69822,-0.05839,0.25196,0.00096,
1560025184503286272,-1.14232,-6.35373,-0.03851,-0.08084,-0.07582,0.70700,0.69847,-0.06003,0.25566,0.00242,
1560025184603286528,-1.14707,-6.32714,-0.03820,-0.07954,-0.07454,0.70710,0.69866,-0.05211,0.26825,0.00059,
1560025184703286784,-1.15199,-6.29991,-0.03813,-0.07787,-0.07269,0.70720,0.69894,-0.04963,0.27704,0.00098,
1560025184803204864,-1.15595,-6.27176,-0.03783,-0.07514,-0.07004,0.70741,0.69930,-0.04477,0.28678,0.00120,
1560025184903205120,-1.15920,-6.24261,-0.03816,-0.07148,-0.06625,0.70807,0.69939,-0.02733,0.28830,0.00134,
1560025185003205376,-1.16134,-6.21382,-0.03811,-0.06729,-0.06204,0.70851,0.69974,-0.02553,0.27444,0.00483,
1560025185103205632,-1.16332,-6.18535,-0.03788,-0.06237,-0.05747,0.70897,0.70012,-0.01404,0.27323,0.00214,
1560025185203205888,-1.16435,-6.15687,-0.03763,-0.05717,-0.05263,0.70945,0.70046,-0.01766,0.27715,0.00213,
1560025185303172608,-1.16573,-6.12752,-0.03774,-0.05237,-0.04799,0.70994,0.70068,-0.00638,0.28707,0.00245,
1560025185403172864,-1.16715,-6.09811,-0.03782,-0.04738,-0.04344,0.71039,0.70087,-0.00844,0.29533,0.00091,
1560025185503173120,-1.16772,-6.06786,-0.03797,-0.04127,-0.03781,0.71080,0.70117,0.00903,0.30096,0.00334,
1560025185603173376,-1.16643,-6.03525,-0.03831,-0.03520,-0.03148,0.71108,0.70152,0.01321,0.32328,0.00226,
1560025185703173632,-1.16607,-6.00008,-0.03853,-0.02869,-0.02533,0.71130,0.70184,0.01073,0.36094,-0.00485,
1560025185803284224,-1.16519,-5.96288,-0.03867,-0.02292,-0.01962,0.71165,0.70188,0.01627,0.36722,0.00270,
1560025185903283968,-1.16362,-5.92417,-0.03875,-0.01712,-0.01372,0.71185,0.70199,0.02609,0.39254,0.00101,
1560025186003284480,-1.16071,-5.88336,-0.03899,-0.01090,-0.00715,0.71207,0.70198,0.03775,0.41684,-0.00294,
1560025186103284480,-1.15663,-5.84028,-0.03921,-0.00438,-0.00018,0.71230,0.70186,0.04655,0.42235,0.00317,
1560025186203284992,-1.15246,-5.79589,-0.03933,0.00240,0.00655,0.71224,0.70190,0.03572,0.44998,-0.00110,
1560025186303121920,-1.14841,-5.74966,-0.03940,0.00890,0.01262,0.71208,0.70193,0.05533,0.46242,0.00056,
1560025186403122432,-1.14364,-5.70174,-0.03954,0.01497,0.01846,0.71184,0.70194,0.06234,0.47621,-0.00087,
1560025186536456448,-1.13465,-5.63780,-0.03934,0.02125,0.02596,0.71087,0.70252,0.05791,0.47009,0.00515,
1560025186603122944,-1.13088,-5.60488,-0.03954,0.02415,0.02884,0.71059,0.70260,0.06424,0.49628,-0.00571,
1560025186703123200,-1.12541,-5.55502,-0.04032,0.02795,0.03248,0.71077,0.70212,0.05703,0.51579,-0.01521,
1560025186803156992,-1.11922,-5.50693,-0.04027,0.03080,0.03566,0.71017,0.70246,0.06100,0.49832,-0.00657,
1560025186903157248,-1.11441,-5.45726,-0.04081,0.03327,0.03776,0.71006,0.70235,0.04823,0.48436,0.00448,
1560025187003157504,-1.10960,-5.40714,-0.04136,0.03596,0.03978,0.71015,0.70200,0.05109,0.49752,-0.00171,
1560025187103157760,-1.10404,-5.35758,-0.04152,0.03934,0.04224,0.70981,0.70202,0.07294,0.51097,-0.00682,
1560025187203157760,-1.09755,-5.30714,-0.04177,0.04286,0.04511,0.70966,0.70179,0.06077,0.51591,-0.00234,
1560025187303141120,-1.08971,-5.25541,-0.04200,0.04687,0.04866,0.70945,0.70151,0.08659,0.52907,-0.00122,
1560025187403141376,-1.08148,-5.20181,-0.04275,0.05094,0.05219,0.70976,0.70066,0.09008,0.53015,-0.00392,
1560025187503141632,-1.07239,-5.14782,-0.04335,0.05478,0.05572,0.70995,0.69990,0.10314,0.53407,0.00010,
1560025187603141888,-1.06241,-5.09385,-0.04381,0.05820,0.05941,0.70978,0.69950,0.10510,0.55448,-0.00522,
1560025187703142144,-1.05188,-5.03861,-0.04380,0.06187,0.06305,0.70949,0.69916,0.12023,0.56093,-0.00451,
1560025187803180288,-1.03996,-4.98235,-0.04388,0.06486,0.06668,0.70919,0.69885,0.11586,0.56484,-0.00174,
1560025187903180544,-1.02755,-4.92545,-0.04389,0.06837,0.07036,0.70875,0.69860,0.12947,0.56303,0.00554,
1560025188003181056,-1.01385,-4.86743,-0.04387,0.07156,0.07413,0.70804,0.69862,0.13472,0.58170,0.00075,
1560025188103180800,-0.99940,-4.80837,-0.04414,0.07431,0.07783,0.70778,0.69819,0.14700,0.59202,-0.00046,
1560025188203181312,-0.98433,-4.74831,-0.04504,0.07736,0.08142,0.70796,0.69726,0.16202,0.61752,-0.00707,
1560025188303089920,-0.96743,-4.68763,-0.04584,0.07974,0.08536,0.70806,0.69642,0.16742,0.61053,-0.00070,
1560025188403089920,-0.95209,-4.62677,-0.04645,0.08299,0.08855,0.70767,0.69605,0.16315,0.61413,-0.00487,
1560025188503090432,-0.93427,-4.56578,-0.04689,0.08666,0.09294,0.70707,0.69563,0.18353,0.62002,-0.00013,
1560025188603090176,-0.91655,-4.50533,-0.04654,0.09201,0.09767,0.70592,0.69547,0.17109,0.62614,0.00274,
1560025188703090688,-0.89766,-4.44448,-0.04617,0.09812,0.10278,0.70507,0.69476,0.19024,0.58376,0.01649,
1560025188803033344,-0.87744,-4.38558,-0.04572,0.10397,0.10788,0.70318,0.69505,0.21734,0.59937,-0.00522,
1560025188903033856,-0.85470,-4.32781,-0.04566,0.10948,0.11389,0.70205,0.69438,0.22500,0.55770,0.01168,
1560025189003033856,-0.83163,-4.26861,-0.04576,0.11641,0.12015,0.70079,0.69347,0.23730,0.57135,0.00211,
1560025189103034368,-0.80523,-4.20908,-0.04617,0.12294,0.12749,0.70012,0.69171,0.25456,0.56828,-0.00515,
1560025189203034112,-0.77868,-4.15147,-0.04607,0.13018,0.13484,0.69865,0.69048,0.26511,0.54995,0.00003,
1560025189303045888,-0.75112,-4.09433,-0.04614,0.13737,0.14205,0.69732,0.68898,0.27074,0.54913,-0.00200,
1560025189403046144,-0.72214,-4.03719,-0.04656,0.14438,0.14921,0.69616,0.68721,0.27689,0.55875,-0.00393,
1560025189503046400,-0.69142,-3.98073,-0.04672,0.15205,0.15685,0.69494,0.68508,0.32179,0.53940,-0.00069,
1560025189603046400,-0.65837,-3.92818,-0.04685,0.16146,0.16643,0.69293,0.68270,0.35043,0.52483,-0.00167,
1560025189703046656,-0.62180,-3.87857,-0.04701,0.17343,0.17880,0.69005,0.67954,0.38107,0.50156,-0.00754,
1560025189802981888,-0.58186,-3.83104,-0.04716,0.18787,0.19357,0.68623,0.67552,0.41419,0.47662,-0.00168,
1560025189902982144,-0.53954,-3.78416,-0.04716,0.20392,0.20917,0.68157,0.67092,0.43690,0.45150,0.00105,
1560025190002982400,-0.49254,-3.73817,-0.04737,0.21984,0.22555,0.67624,0.66595,0.47503,0.45120,-0.00595,
1560025190102982656,-0.44237,-3.69045,-0.04786,0.23614,0.24176,0.67086,0.66010,0.49526,0.43591,-0.00182,
1560025190202982912,-0.38975,-3.64633,-0.04848,0.25042,0.25696,0.66546,0.65454,0.52290,0.40960,-0.00052,
1560025190302988032,-0.33780,-3.60293,-0.04898,0.26322,0.26951,0.66020,0.64978,0.52387,0.43668,-0.00993,
1560025190402988032,-0.28647,-3.55959,-0.04882,0.27395,0.27936,0.65538,0.64605,0.50812,0.42813,-0.00428,
1560025190502988288,-0.23509,-3.51556,-0.04897,0.28100,0.28642,0.65223,0.64312,0.51481,0.40972,-0.00362,
1560025190602988544,-0.18554,-3.47111,-0.04876,0.28565,0.29066,0.65012,0.64130,0.46445,0.43904,0.00432,
1560025190702988800,-0.13850,-3.42593,-0.04797,0.28873,0.29186,0.64852,0.64100,0.49765,0.44716,-0.00323,
1560025190803032320,-0.09059,-3.37948,-0.04849,0.28821,0.29157,0.64921,0.64067,0.46854,0.47197,-0.00233,
1560025190903032832,-0.04486,-3.33416,-0.04788,0.28490,0.28856,0.64986,0.64285,0.44618,0.47474,0.00426,
1560025191003033088,-0.00092,-3.28224,-0.04882,0.27976,0.28279,0.65304,0.64443,0.45183,0.51559,-0.00631,
1560025191103033344,0.04275,-3.23118,-0.04935,0.27181,0.27615,0.65647,0.64723,0.42502,0.54542,-0.00979,
1560025191203033344,0.08493,-3.17832,-0.04963,0.26386,0.26861,0.65969,0.65041,0.42123,0.53613,-0.00486,
1560025191302976000,0.12578,-3.12361,-0.04960,0.25568,0.26053,0.66299,0.65361,0.37775,0.53988,0.01314,
1560025191402976000,0.16545,-3.06774,-0.04903,0.24803,0.25212,0.66565,0.65714,0.39700,0.55620,0.00730,
1560025191502976256,0.20322,-3.01184,-0.04794,0.23931,0.24333,0.66829,0.66099,0.35179,0.55875,0.01343,
1560025191602976256,0.23844,-2.95608,-0.04737,0.22918,0.23342,0.67111,0.66528,0.33961,0.57397,0.00504,
1560025191702976512,0.26974,-2.89856,-0.04688,0.21810,0.22222,0.67465,0.66925,0.28177,0.56657,0.01461,
1560025191802976768,0.29859,-2.83964,-0.04696,0.20563,0.20993,0.67863,0.67313,0.27076,0.60037,0.00343,
1560025191902156544,0.32638,-2.77798,-0.04748,0.19176,0.19700,0.68346,0.67624,0.25479,0.60760,0.00609,
1560025192002156800,0.34938,-2.71481,-0.04746,0.17657,0.18196,0.68790,0.68007,0.21181,0.62703,0.00455,
1560025192102156800,0.36743,-2.65069,-0.04693,0.15888,0.16420,0.69199,0.68480,0.12454,0.66392,0.00916,
1560025192202157312,0.37928,-2.58533,-0.04655,0.13992,0.14398,0.69618,0.68922,0.12045,0.65424,0.00126,
1560025192302157056,0.38576,-2.52187,-0.04595,0.12000,0.12311,0.69963,0.69351,0.04298,0.64813,0.01119,
1560025192402913792,0.38797,-2.45575,-0.04641,0.10020,0.10171,0.70346,0.69625,0.01692,0.65821,-0.00277,
1560025192502914048,0.38866,-2.39108,-0.04715,0.08258,0.08283,0.70642,0.69806,0.00638,0.64070,0.00037,
1560025192602914048,0.38783,-2.32675,-0.04810,0.06616,0.06560,0.70887,0.69916,-0.00165,0.64622,-0.00635,
1560025192702914304,0.38740,-2.26286,-0.04874,0.05107,0.05068,0.71052,0.69998,-0.00624,0.63474,0.00116,
1560025192802914560,0.38607,-2.19987,-0.04909,0.03827,0.03826,0.71124,0.70086,-0.02393,0.64818,-0.00036,
1560025192902844672,0.38268,-2.13770,-0.04938,0.02857,0.02803,0.71159,0.70146,-0.02032,0.63691,-0.00059,
1560025193002844928,0.38063,-2.07501,-0.04964,0.01915,0.01919,0.71165,0.70201,-0.02687,0.64199,-0.00646,
1560025193102845184,0.37714,-2.01110,-0.04996,0.01104,0.01118,0.71204,0.70197,-0.03209,0.63520,0.00364,
1560025193202845696,0.37311,-1.94727,-0.05001,0.00511,0.00533,0.71179,0.70235,-0.02699,0.66193,-0.00468,
1560025193302845696,0.36871,-1.88045,-0.05041,0.00097,0.00081,0.71208,0.70210,-0.03995,0.66829,0.00056,
1560025193402812672,0.36238,-1.81221,-0.05034,-0.00405,-0.00458,0.71226,0.70189,-0.06467,0.67995,0.00088,
1560025193502813184,0.35421,-1.74428,-0.05010,-0.01007,-0.01097,0.71212,0.70190,-0.08402,0.67757,0.00055,
1560025193602813184,0.34468,-1.67707,-0.04974,-0.01555,-0.01707,0.71158,0.70222,-0.08870,0.67207,0.00892,
1560025193702813184,0.33535,-1.60891,-0.04926,-0.02010,-0.02200,0.71131,0.70225,-0.09390,0.68328,0.00560,
1560025193802813440,0.32858,-1.54159,-0.04806,-0.02404,-0.02489,0.71049,0.70285,-0.05585,0.66733,0.01416,
1560025193902814976,0.32160,-1.47406,-0.04736,-0.02671,-0.02691,0.70991,0.70327,-0.07566,0.68335,0.00334,
1560025194002815232,0.31475,-1.40654,-0.04682,-0.02866,-0.02816,0.70970,0.70335,-0.07720,0.67471,0.00728,
1560025194102815488,0.30705,-1.33987,-0.04652,-0.02935,-0.02902,0.70946,0.70354,-0.07886,0.68310,-0.00089,
1560025194202815744,0.29976,-1.27256,-0.04664,-0.03021,-0.02943,0.71001,0.70293,-0.08896,0.66581,0.00504,
1560025194302815744,0.29134,-1.20623,-0.04670,-0.03012,-0.03002,0.71040,0.70251,-0.07735,0.67442,-0.00150,
1560025194402863872,0.28495,-1.14147,-0.04693,-0.02983,-0.02967,0.71091,0.70203,-0.05953,0.66137,0.00173,
1560025194502864640,0.27946,-1.07754,-0.04676,-0.02901,-0.02859,0.71068,0.70233,-0.05764,0.67005,-0.00087,
1560025194602864640,0.27384,-1.01302,-0.04701,-0.02790,-0.02739,0.71078,0.70232,-0.07054,0.67441,-0.00651,
1560025194702864896,0.26942,-0.94948,-0.04719,-0.02693,-0.02597,0.71101,0.70219,-0.05194,0.65856,0.00033,
1560025194802865152,0.26464,-0.88560,-0.04762,-0.02581,-0.02458,0.71129,0.70200,-0.04331,0.65279,0.00423,
1560025194902811648,0.25984,-0.82069,-0.04793,-0.02491,-0.02339,0.71127,0.70208,-0.05887,0.67286,-0.00325,
1560025195002811648,0.25474,-0.75342,-0.04873,-0.02384,-0.02230,0.71194,0.70148,-0.05088,0.67051,0.00162,
1560025195102812160,0.25042,-0.68550,-0.04929,-0.02249,-0.02086,0.71213,0.70138,-0.05142,0.69191,-0.00124,
1560025195202812160,0.24696,-0.61678,-0.04972,-0.02146,-0.01908,0.71217,0.70142,-0.03278,0.69260,0.00209,
1560025195302812672,0.24215,-0.54699,-0.05022,-0.01982,-0.01785,0.71233,0.70133,-0.04720,0.69376,0.00005,
1560025195402770688,0.23776,-0.47781,-0.05081,-0.01801,-0.01633,0.71239,0.70136,-0.04001,0.67388,0.00972,
1560025195502770944,0.23358,-0.41051,-0.05078,-0.01624,-0.01484,0.71175,0.70209,-0.04580,0.68994,-0.00829,
1560025195602771200,0.22931,-0.34271,-0.05209,-0.01451,-0.01374,0.71228,0.70161,-0.05147,0.67781,-0.00609,
1560025195702771456,0.22634,-0.28072,-0.05111,-0.01395,-0.01312,0.71136,0.70256,-0.08047,0.62106,0.00731,
1560025195802771456,0.22055,-0.21946,-0.05149,-0.01094,-0.01269,0.71139,0.70260,-0.01914,0.62585,0.00344,
1560025195902767872,0.22073,-0.15649,-0.05118,-0.01092,-0.01085,0.71098,0.70305,-0.00596,0.61869,0.00591,
1560025196002768128,0.21846,-0.09361,-0.05081,-0.01186,-0.01071,0.71022,0.70380,-0.02453,0.64746,-0.00678,
1560025196102768384,0.21538,-0.02803,-0.05198,-0.01240,-0.01107,0.71224,0.70174,-0.02954,0.61129,0.00208,
1560025196202768640,0.21237,0.03141,-0.05120,-0.01295,-0.01148,0.71149,0.70249,-0.02583,0.60793,-0.00208,
1560025196302768384,0.21109,0.09040,-0.05120,-0.01496,-0.01186,0.71181,0.70211,-0.03013,0.57938,0.00120,
1560025196402653184,0.20876,0.14660,-0.05135,-0.01667,-0.01257,0.71173,0.70214,-0.02282,0.57124,-0.00481,
1560025196502653952,0.20565,0.20293,-0.05167,-0.01773,-0.01324,0.71223,0.70160,-0.03552,0.54002,0.00897,
1560025196602653696,0.20162,0.25458,-0.05056,-0.01760,-0.01386,0.71112,0.70271,-0.03736,0.52003,0.00674,
1560025196702654208,0.19975,0.30493,-0.05045,-0.01800,-0.01374,0.71089,0.70294,-0.01707,0.49889,0.00613,
1560025196802654208,0.19790,0.35300,-0.05061,-0.01866,-0.01366,0.71098,0.70283,-0.00659,0.48524,0.00143,
1560025196902712064,0.19611,0.39860,-0.05064,-0.02024,-0.01388,0.71095,0.70281,-0.02708,0.45739,-0.00203,
1560025197002712576,0.19358,0.44103,-0.05069,-0.02152,-0.01458,0.71114,0.70257,-0.02873,0.41259,0.00261,
1560025197102712320,0.19040,0.47707,-0.05039,-0.02225,-0.01523,0.71082,0.70285,-0.02330,0.37725,0.00099,
1560025197202712576,0.18698,0.50685,-0.04978,-0.02257,-0.01593,0.71031,0.70335,-0.03576,0.31500,0.00381,
1560025197302712832,0.18355,0.53085,-0.04916,-0.02242,-0.01665,0.70977,0.70388,-0.02359,0.25826,-0.00084,
1560025197402725632,0.18087,0.54492,-0.04875,-0.02328,-0.01770,0.70944,0.70416,-0.02614,0.18960,0.00126,
1560025197502725888,0.17891,0.55086,-0.04869,-0.02363,-0.01826,0.70923,0.70434,-0.01440,0.13023,0.00134,
1560025197602725888,0.17773,0.55864,-0.04871,-0.02364,-0.01840,0.70927,0.70430,-0.01088,0.08865,0.00118,
1560025197702726400,0.17759,0.55150,-0.04871,-0.02359,-0.01831,0.70922,0.70436,-0.00726,0.04728,0.00096,
1560025197802726400,0.17750,0.55121,-0.04879,-0.02354,-0.01824,0.70925,0.70433,-0.00711,0.02700,0.00177,
1560025197902709248,0.17757,0.54829,-0.04876,-0.02361,-0.01829,0.70921,0.70436,-0.00527,0.00992,0.00187,
1560025198002709504,0.17767,0.54718,-0.04870,-0.02367,-0.01832,0.70917,0.70440,-0.00369,-0.00128,0.00207,
1560025198102709760,0.17782,0.54600,-0.04870,-0.02368,-0.01823,0.70911,0.70446,-0.00289,-0.00548,0.00156,
1560025198202710016,0.17790,0.54516,-0.04868,-0.02368,-0.01818,0.70910,0.70448,-0.00312,-0.00465,0.00157,
1560025198302710016,0.17790,0.54493,-0.04865,-0.02371,-0.01811,0.70909,0.70449,-0.00360,-0.00140,0.00113,
1560025198402668544,0.17766,0.54537,-0.04873,-0.02366,-0.01807,0.70905,0.70453,-0.00393,0.00052,0.00040,
1560025198502668544,0.17757,0.54621,-0.04873,-0.02372,-0.01805,0.70909,0.70449,-0.00363,-0.00057,0.00043,
1560025198602669056,0.17750,0.54650,-0.04863,-0.02370,-0.01801,0.70909,0.70449,-0.00277,-0.00363,0.00062,
