1560025111206246400,0.03170,-0.71690,0.00351,0.70114,0.71296,0.00822,0.00519,
1560025111306246400,0.03431,-0.76331,0.00396,0.70078,0.71329,0.00923,0.00620,
1560025111406246656,0.03702,-0.81102,0.00511,0.70134,0.71274,0.00983,0.00577,
1560025111606247168,0.03956,-0.91138,0.00710,0.70298,0.71113,0.01007,0.00286,
1560025111806240512,0.04077,-1.01949,0.00916,0.70426,0.70985,0.01079,-0.00294,
1560025111906240768,0.04215,-1.07794,0.01017,0.70460,0.70950,0.01104,-0.00460,
1560025112106241280,0.04676,-1.20168,0.01304,0.70539,0.70872,0.01132,-0.00388,
1560025112206290944,0.04999,-1.26606,0.01358,0.70491,0.70920,0.01085,-0.00310,
1560025112306291456,0.05227,-1.33129,0.01435,0.70460,0.70952,0.01045,-0.00228,
1560025112506291968,0.05757,-1.46236,0.01374,0.70329,0.71085,0.00896,-0.00057,
1560025112606291712,0.05961,-1.52751,0.01285,0.70246,0.71168,0.00797,-0.00098,
1560025112806252544,0.06395,-1.65611,0.01084,0.70086,0.71326,0.00570,-0.00489,
1560025112906252288,0.06346,-1.71897,0.01045,0.70111,0.71300,0.00327,-0.00773,
1560025113006252800,0.05975,-1.78125,0.01061,0.70109,0.71301,-0.00014,-0.00977,
1560025113206240000,0.05458,-1.90275,0.01110,0.70217,0.71174,-0.00701,-0.01820,
1560025113306240000,0.05025,-1.96187,0.01105,0.70265,0.71106,-0.01103,-0.02342,
1560025113406240256,0.04655,-2.02144,0.01074,0.70309,0.71035,-0.01473,-0.02909,
1560025113506240256,0.04085,-2.08034,0.01152,0.70412,0.70897,-0.01909,-0.03477,
1560025113706225152,0.02459,-2.20055,0.01229,0.70403,0.70787,-0.03199,-0.04737,
1560025113806225408,0.01180,-2.25904,0.01271,0.70324,0.70750,-0.04187,-0.05610,
1560025113906225664,-0.00567,-2.31575,0.01291,0.70231,0.70651,-0.05470,-0.06788,
1560025114106225664,-0.05623,-2.42294,0.01282,0.69839,0.70250,-0.09130,-0.10197,
1560025114206220032,-0.08927,-2.47315,0.01323,0.69502,0.69911,-0.11457,-0.12274,
1560025114306220544,-0.12706,-2.52241,0.01265,0.69047,0.69497,-0.14032,-0.14348,
1560025114506221056,-0.20867,-2.62295,0.01013,0.67754,0.68617,-0.19069,-0.18372,
1560025114606221056,-0.24971,-2.67016,0.00841,0.67024,0.68069,-0.21294,-0.20516,
1560025114706146048,-0.29551,-2.71251,0.00643,0.66252,0.67440,-0.23440,-0.22653,
1560025114806146048,-0.34284,-2.75119,0.00539,0.65520,0.66745,-0.25414,-0.24626,
1560025115006146304,-0.43518,-2.81871,0.00433,0.64215,0.65339,-0.28669,-0.28025,
1560025115106146816,-0.48190,-2.84843,0.00389,0.63622,0.64766,-0.29912,-0.29375,
1560025115206089216,-0.52831,-2.87619,0.00360,0.63142,0.64267,-0.30944,-0.30418,
1560025115306089472,-0.57216,-2.90392,0.00348,0.62762,0.63762,-0.31757,-0.31414,
1560025115506090240,-0.66149,-2.96011,0.00185,0.62058,0.63112,-0.33029,-0.32784,
1560025115606090240,-0.70797,-2.98890,0.00138,0.61796,0.62818,-0.33550,-0.33309,
1560025115706173440,-0.75522,-3.01819,0.00146,0.61616,0.62533,-0.33971,-0.33751,
1560025116006174208,-0.88473,-3.10457,0.00100,0.61441,0.62149,-0.34476,-0.34263,
1560025116106174208,-0.92611,-3.13423,0.00096,0.61616,0.62221,-0.34279,-0.34015,
1560025116206116864,-0.96370,-3.16753,0.00070,0.61854,0.62462,-0.33784,-0.33634,
1560025116306117376,-1.00105,-3.20346,0.00031,0.62176,0.62872,-0.33082,-0.32966,
1560025116406117376,-1.03546,-3.23982,0.00043,0.62640,0.63343,-0.32180,-0.32067,
1560025116506117632,-1.06678,-3.27796,0.00042,0.63175,0.63873,-0.31109,-0.31006,
1560025116706099712,-1.12381,-3.35891,0.00019,0.64384,0.65079,-0.28550,-0.28361,
1560025116806100480,-1.15031,-3.40034,0.00032,0.65018,0.65654,-0.27192,-0.26885,
1560025116906100480,-1.17415,-3.44453,0.00029,0.65571,0.66217,-0.25793,-0.25503,
1560025117006100736,-1.19711,-3.48993,0.00083,0.66113,0.66679,-0.24421,-0.24219,
1560025117106100736,-1.22078,-3.53751,0.00093,0.66583,0.67157,-0.23103,-0.22868,
1560025117206051584,-1.24368,-3.58772,0.00118,0.67029,0.67636,-0.21751,-0.21432,
1560025117306051840,-1.26469,-3.64099,0.00149,0.67432,0.68120,-0.20338,-0.19977,
1560025117406052096,-1.28199,-3.69441,0.00207,0.67860,0.68521,-0.18850,-0.18560,
1560025117606052352,-1.30915,-3.80180,0.00356,0.68647,0.69206,-0.15870,-0.15692,
1560025117706009856,-1.32204,-3.85652,0.00424,0.68938,0.69501,-0.14553,-0.14330,
1560025117806010112,-1.33222,-3.91299,0.00499,0.69210,0.69750,-0.13222,-0.13045,
1560025117906010112,-1.34093,-3.97204,0.00540,0.69441,0.69987,-0.11887,-0.11771,
1560025118006010880,-1.34751,-4.03188,0.00581,0.69646,0.70195,-0.10562,-0.10508,
1560025118106010624,-1.35199,-4.09310,0.00608,0.69790,0.70412,-0.09250,-0.09267,
1560025118205923584,-1.35515,-4.15526,0.00625,0.69914,0.70576,-0.08035,-0.08158,
1560025118405923840,-1.36430,-4.28309,0.00647,0.70028,0.70816,-0.06287,-0.06459,
1560025118505924096,-1.37018,-4.34979,0.00675,0.70091,0.70835,-0.05801,-0.05995,
1560025118605924352,-1.37751,-4.41722,0.00697,0.70101,0.70867,-0.05528,-0.05761,
1560025118705926912,-1.38561,-4.48679,0.00659,0.70058,0.70935,-0.05371,-0.05593,
1560025118805927168,-1.39327,-4.55535,0.00684,0.70075,0.70939,-0.05214,-0.05466,
1560025118905927424,-1.40240,-4.62419,0.00698,0.70078,0.70958,-0.05099,-0.05301,
1560025119105927680,-1.41730,-4.76742,0.00689,0.70081,0.70982,-0.04835,-0.05184,
1560025119205924608,-1.42570,-4.84007,0.00724,0.70141,0.70951,-0.04682,-0.04936,
1560025119305924864,-1.43193,-4.91333,0.00740,0.70176,0.70947,-0.04459,-0.04698,
1560025119405925120,-1.43780,-4.98781,0.00722,0.70166,0.70987,-0.04235,-0.04429,
1560025119605925376,-1.44858,-5.13465,0.00638,0.70143,0.71071,-0.03795,-0.03807,
1560025119705959680,-1.45219,-5.20797,0.00644,0.70202,0.71037,-0.03553,-0.03581,
1560025119805959936,-1.45336,-5.28209,0.00641,0.70253,0.71015,-0.03260,-0.03281,
1560025120005960448,-1.45213,-5.43012,0.00642,0.70313,0.71012,-0.02560,-0.02621,
1560025120105960704,-1.45173,-5.50418,0.00658,0.70339,0.71007,-0.02234,-0.02329,
1560025120205859840,-1.44866,-5.57892,0.00656,0.70324,0.71041,-0.01837,-0.02072,
1560025120305860096,-1.44707,-5.65545,0.00612,0.70308,0.71073,-0.01529,-0.01785,
1560025120505860608,-1.43778,-5.80922,0.00537,0.70298,0.71114,-0.00568,-0.00868,
1560025120605860608,-1.42957,-5.88597,0.00461,0.70275,0.71142,-0.00034,-0.00445,
1560025120705903360,-1.42222,-5.96184,0.00431,0.70282,0.71136,0.00431,0.00002,
1560025120805903616,-1.41325,-6.03882,0.00384,0.70249,0.71161,0.00982,0.00504,
1560025121005903872,-1.38925,-6.19087,0.00466,0.70269,0.71078,0.02459,0.02032,
1560025121205823232,-1.35926,-6.33980,0.00600,0.70242,0.70958,0.04104,0.03756,
1560025121305823232,-1.34234,-6.40492,0.00656,0.70209,0.70896,0.04888,0.04531,
1560025121505823488,-1.30413,-6.52549,0.00708,0.70055,0.70797,0.06546,0.06108,
1560025121705796096,-1.26385,-6.62834,0.00728,0.69859,0.70651,0.08286,0.07715,
1560025121805796096,-1.24382,-6.67427,0.00748,0.69767,0.70544,0.09114,0.08542,
1560025122005796608,-1.19808,-6.76008,0.00715,0.69434,0.70307,0.11152,0.10558,
1560025122105796608,-1.17409,-6.79734,0.00685,0.69268,0.70115,0.12227,0.11675,
1560025122205774848,-1.14856,-6.83276,0.00585,0.69004,0.69966,0.13373,0.12821,
1560025122405775104,-1.10175,-6.89006,0.00479,0.68520,0.69593,0.15485,0.14901,
1560025122505775360,-1.08068,-6.91520,0.00473,0.68282,0.69390,0.16431,0.15896,
1560025122705796864,-1.03945,-6.95856,0.00475,0.67781,0.68935,0.18304,0.17850,
1560025122805797120,-1.01917,-6.97707,0.00476,0.67555,0.68714,0.19132,0.18671,
1560025122905797120,-0.99902,-6.99405,0.00496,0.67365,0.68484,0.19901,0.19388,
1560025123005797376,-0.97715,-7.01290,0.00464,0.67168,0.68306,0.20605,0.19954,
1560025123205817600,-0.93294,-7.05924,0.00514,0.66932,0.67987,0.21560,0.20809,
1560025123305817856,-0.90966,-7.08593,0.00564,0.66847,0.67825,0.21930,0.21223,
1560025123505818368,-0.86228,-7.14615,0.00690,0.66844,0.67601,0.22226,0.21633,
1560025123705827840,-0.81201,-7.21676,0.00784,0.67006,0.67665,0.21912,0.21248,
1560025123905828352,-0.75727,-7.29637,0.00721,0.67082,0.67762,0.21646,0.20972,
1560025124005828352,-0.72837,-7.33793,0.00740,0.67097,0.67736,0.21614,0.21039,
1560025124205830912,-0.66462,-7.42716,0.00670,0.66958,0.67755,0.21771,0.21260,
1560025124305830656,-0.63009,-7.47484,0.00627,0.66933,0.67790,0.21750,0.21249,
1560025124505831424,-0.56395,-7.57359,0.00530,0.66887,0.67909,0.21581,0.21182,
1560025124605831936,-0.52739,-7.62655,0.00481,0.66869,0.67955,0.21514,0.21161,
1560025124805723392,-0.44811,-7.73716,0.00370,0.66877,0.68007,0.21409,0.21075,
1560025124905723648,-0.40838,-7.79493,0.00289,0.66883,0.68077,0.21273,0.20969,
1560025125105723904,-0.32539,-7.91817,0.00173,0.67012,0.68213,0.20818,0.20566,
1560025125305677056,-0.23715,-8.04264,-0.00093,0.66914,0.68335,0.20824,0.20475,
1560025125505677824,-0.13935,-8.15002,-0.00210,0.66602,0.67875,0.22222,0.21525,
1560025125605678080,-0.08937,-8.19594,-0.00237,0.66344,0.67472,0.23282,0.22447,
1560025125805682176,0.01449,-8.27919,-0.00124,0.65523,0.66282,0.25938,0.25309,
1560025126005682688,0.13228,-8.35000,-0.00068,0.64274,0.64767,0.29216,0.28645,
1560025126105682688,0.19475,-8.38355,-0.00120,0.63376,0.64055,0.30919,0.30405,
1560025126305616640,0.33158,-8.44256,-0.00113,0.61522,0.62306,0.34420,0.33886,
1560025126505616896,0.47409,-8.48849,-0.00117,0.59645,0.60358,0.37685,0.37139,
1560025126605617408,0.54802,-8.50789,-0.00147,0.58627,0.59430,0.39231,0.38626,
1560025126805654272,0.69967,-8.54777,-0.00101,0.57157,0.57999,0.41337,0.40748,
1560025127005654528,0.85225,-8.58773,-0.00092,0.56424,0.57263,0.42309,0.41799,
1560025127105654784,0.92876,-8.60556,-0.00118,0.56133,0.57025,0.42695,0.42124,
1560025127305686784,1.07596,-8.64361,-0.00140,0.56065,0.56897,0.42796,0.42285,
1560025127505687040,1.21778,-8.69326,-0.00319,0.56852,0.57657,0.41811,0.41175,
1560025127605687040,1.28423,-8.72501,-0.00392,0.57504,0.58306,0.40872,0.40288,
1560025127805599232,1.40637,-8.79797,-0.00581,0.59066,0.59961,0.38448,0.37916,
1560025127905599488,1.46298,-8.83788,-0.00648,0.59958,0.60842,0.37028,0.36501,
1560025128105600000,1.56259,-8.92698,-0.00856,0.61847,0.62756,0.33745,0.33133,
1560025128205533440,1.60578,-8.97727,-0.00963,0.62800,0.63759,0.31834,0.31264,
1560025128405533952,1.67480,-9.08171,-0.00998,0.64825,0.65642,0.27538,0.27027,
1560025128505534208,1.70042,-9.13929,-0.00979,0.65855,0.66604,0.24969,0.24568,
1560025128705530368,1.73833,-9.26283,-0.00916,0.67718,0.68385,0.19343,0.19068,
1560025128805530880,1.75138,-9.32557,-0.00980,0.68370,0.69143,0.16636,0.16370,
1560025129005531392,1.76431,-9.44296,-0.01003,0.69353,0.70159,0.11637,0.11513,
1560025129205463040,1.76191,-9.55492,-0.01056,0.69887,0.70853,0.06935,0.06897,
1560025129305463040,1.75737,-9.61039,-0.01106,0.69976,0.71118,0.04788,0.04756,
1560025129505463552,1.74391,-9.71584,-0.01071,0.70097,0.71296,0.01239,0.01322,
1560025129705470720,1.72922,-9.81908,-0.01064,0.70128,0.71269,-0.01224,-0.01142,
1560025129905470976,1.71325,-9.92636,-0.01038,0.70119,0.71163,-0.03059,-0.03142,
1560025130105471488,1.69694,-10.03512,-0.00926,0.70147,0.71051,-0.03944,-0.03948,
1560025130205496832,1.69140,-10.09117,-0.00905,0.70148,0.71051,-0.03963,-0.03907,
1560025130405497088,1.68413,-10.20626,-0.00933,0.70121,0.71143,-0.03433,-0.03141,
1560025130605497600,1.69831,-10.30801,-0.00754,0.70330,0.71069,-0.01279,-0.01176,
1560025130705444608,1.71151,-10.35051,-0.00722,0.70352,0.71066,0.00276,0.00332,
1560025130905444864,1.73337,-10.43450,-0.00713,0.70244,0.71096,0.02407,0.02325,
1560025131005445120,1.74546,-10.47218,-0.00695,0.70201,0.71057,0.03455,0.03291,
1560025131105445376,1.75631,-10.50928,-0.00666,0.70183,0.70978,0.04355,0.04175,
1560025131305498880,1.78055,-10.58304,-0.00674,0.70022,0.70911,0.05972,0.05726,
1560025131405498880,1.79320,-10.61727,-0.00704,0.69951,0.70854,0.06705,0.06454,
1560025131505499136,1.80616,-10.65176,-0.00711,0.69904,0.70769,0.07369,0.07127,
1560025131605499392,1.81780,-10.68473,-0.00708,0.69860,0.70687,0.07932,0.07743,
1560025131705461760,1.82959,-10.71607,-0.00704,0.69810,0.70624,0.08411,0.08253,
1560025131805461760,1.84176,-10.74781,-0.00695,0.69742,0.70568,0.08904,0.08773,
1560025131905462016,1.85429,-10.77902,-0.00654,0.69668,0.70496,0.09445,0.09350,
1560025132005462272,1.86693,-10.80863,-0.00566,0.69618,0.70381,0.10024,0.09964,
1560025132105462528,1.87915,-10.83721,-0.00484,0.69568,0.70272,0.10547,0.10532,
1560025132205383936,1.89148,-10.86582,-0.00468,0.69479,0.70211,0.11017,0.11032,
1560025132305384192,1.90402,-10.89451,-0.00448,0.69421,0.70150,0.11392,0.11399,
1560025132405384448,1.91610,-10.92327,-0.00400,0.69367,0.70108,0.11682,0.11690,
1560025132605384960,1.93644,-10.98386,-0.00299,0.69363,0.70056,0.11787,0.11919,
1560025132705399040,1.94589,-11.01672,-0.00253,0.69399,0.70073,0.11606,0.11784,
1560025132805399040,1.95540,-11.05226,-0.00228,0.69466,0.70114,0.11262,0.11473,
1560025132905399296,1.96535,-11.09022,-0.00211,0.69541,0.70158,0.10891,0.11101,
1560025133105399808,1.98590,-11.17060,-0.00183,0.69650,0.70247,0.10241,0.10456,
1560025133205375488,1.99673,-11.21265,-0.00240,0.69650,0.70328,0.09972,0.10169,
1560025133405376000,2.01617,-11.29828,-0.00384,0.69633,0.70549,0.09275,0.09387,
1560025133605376256,2.03592,-11.38532,-0.00501,0.69632,0.70745,0.08604,0.08517,
1560025133805345024,2.05424,-11.47336,-0.00569,0.69708,0.70818,0.08011,0.07845,
1560025133905345280,2.06265,-11.52051,-0.00679,0.69684,0.70900,0.07719,0.07592,
1560025134005345280,2.06976,-11.56709,-0.00710,0.69711,0.70932,0.07394,0.07375,
1560025134105345536,2.07860,-11.61103,-0.00789,0.69741,0.70947,0.07191,0.07138,
1560025134205345536,2.09246,-11.65610,-0.00985,0.69658,0.71042,0.07269,0.06918,
1560025134305345792,2.10014,-11.70065,-0.00999,0.69633,0.71032,0.07313,0.07218,
1560025134405345792,2.11208,-11.74191,-0.00919,0.69708,0.70923,0.07518,0.07362,
1560025134505346304,2.12279,-11.78190,-0.00918,0.69679,0.70920,0.07680,0.07499,
1560025134605346560,2.13385,-11.81777,-0.00913,0.69670,0.70877,0.07933,0.07725,
1560025134705491200,2.14550,-11.85430,-0.00854,0.69736,0.70746,0.08217,0.08019,
1560025134805491456,2.15842,-11.88979,-0.00779,0.69867,0.70530,0.08590,0.08382,
1560025135005491968,2.18788,-11.96588,-0.00787,0.69777,0.70386,0.09544,0.09272,
1560025135105492224,2.20273,-12.00521,-0.00819,0.69691,0.70367,0.09936,0.09642,
1560025135305273856,2.23362,-12.08273,-0.00836,0.69564,0.70293,0.10670,0.10287,
1560025135405273856,2.24896,-12.12219,-0.00842,0.69509,0.70261,0.10963,0.10569,
1560025135505274112,2.26398,-12.16258,-0.00848,0.69454,0.70248,0.11173,0.10791,
1560025135605274368,2.27870,-12.20353,-0.00856,0.69439,0.70229,0.11281,0.10903,
1560025135705274624,2.29280,-12.24545,-0.00816,0.69464,0.70197,0.11285,0.10939,
1560025135805154304,2.30536,-12.28879,-0.00810,0.69477,0.70197,0.11192,0.10957,
1560025135905154304,2.31971,-12.33199,-0.00828,0.69495,0.70204,0.11131,0.10865,
1560025136005154560,2.33275,-12.37573,-0.00871,0.69502,0.70240,0.10988,0.10725,
1560025136105154816,2.34534,-12.41956,-0.00919,0.69510,0.70286,0.10809,0.10554,
1560025136205155072,2.35756,-12.46408,-0.00995,0.69531,0.70345,0.10557,0.10278,
1560025136305210368,2.36935,-12.51024,-0.01092,0.69521,0.70453,0.10238,0.09919,
1560025136405210624,2.38016,-12.55624,-0.01160,0.69559,0.70535,0.09838,0.09461,
1560025136505210880,2.39025,-12.60351,-0.01259,0.69585,0.70652,0.09351,0.08879,
1560025136605211136,2.39745,-12.65104,-0.01347,0.69662,0.70748,0.08665,0.08173,
1560025136705211136,2.40089,-12.70009,-0.01403,0.69733,0.70896,0.07679,0.07218,
1560025136805175296,2.40106,-12.74889,-0.01432,0.69874,0.71003,0.06394,0.05937,
1560025136905175552,2.39670,-12.79858,-0.01473,0.70005,0.71114,0.04794,0.04363,
1560025137005175808,2.38898,-12.84836,-0.01519,0.70101,0.71206,0.03002,0.02552,
1560025137105176064,2.37613,-12.89739,-0.01482,0.70202,0.71205,0.01025,0.00700,
1560025137205176064,2.36107,-12.94689,-0.01476,0.70218,0.71180,-0.01035,-0.01307,
1560025137305186304,2.34278,-12.99357,-0.01445,0.70211,0.71050,-0.03212,-0.03458,
1560025137405186304,2.32108,-13.03876,-0.01438,0.70113,0.70864,-0.05475,-0.05690,
1560025137505186816,2.29693,-13.07973,-0.01382,0.70012,0.70544,-0.07717,-0.07888,
1560025137605186816,2.27240,-13.11801,-0.01361,0.69799,0.70208,-0.09863,-0.10085,
1560025137705187072,2.24434,-13.15243,-0.01353,0.69482,0.69815,-0.12108,-0.12307,
1560025137805131776,2.21448,-13.18332,-0.01388,0.69032,0.69399,-0.14375,-0.14550,
1560025137905131776,2.18395,-13.20908,-0.01398,0.68529,0.68868,-0.16661,-0.16832,
1560025138005132288,2.15191,-13.23131,-0.01414,0.67925,0.68247,-0.19011,-0.19162,
1560025138105132288,2.11897,-13.24860,-0.01404,0.67258,0.67500,-0.21380,-0.21515,
1560025138205132288,2.08622,-13.26358,-0.01422,0.66505,0.66738,-0.23658,-0.23737,
1560025138305195520,2.05474,-13.27520,-0.01416,0.65716,0.65952,-0.25796,-0.25814,
1560025138405195776,2.02425,-13.28388,-0.01408,0.64862,0.65149,-0.27846,-0.27805,
1560025138505196032,1.99577,-13.28941,-0.01381,0.63999,0.64281,-0.29785,-0.29748,
1560025138605196032,1.96776,-13.29481,-0.01349,0.63087,0.63434,-0.31623,-0.31562,
1560025138705196288,1.93939,-13.29808,-0.01299,0.62178,0.62521,-0.33416,-0.33293,
1560025138805170432,1.91065,-13.29924,-0.01262,0.61219,0.61522,-0.35216,-0.35030,
1560025139005170944,1.85100,-13.29774,-0.01256,0.59044,0.59364,-0.38827,-0.38499,
1560025139105171456,1.82115,-13.29651,-0.01249,0.57961,0.58285,-0.40446,-0.40093,
1560025139205171712,1.79194,-13.29644,-0.01219,0.57026,0.57363,-0.41761,-0.41394,
1560025139405122816,1.73355,-13.30401,-0.01157,0.55851,0.56252,-0.43284,-0.42929,
1560025139505123072,1.70220,-13.31049,-0.01187,0.55407,0.55935,-0.43770,-0.43422,
1560025139705123072,1.63307,-13.32093,-0.01185,0.54636,0.55258,-0.44691,-0.44319,
1560025139805100288,1.59724,-13.32452,-0.01163,0.54296,0.54882,-0.45150,-0.44736,
1560025140005100544,1.52340,-13.33228,-0.01043,0.53922,0.54307,-0.45701,-0.45327,
1560025140105100544,1.48373,-13.33658,-0.00994,0.53818,0.54111,-0.45874,-0.45511,
1560025140305027328,1.39903,-13.34894,-0.00961,0.53649,0.54004,-0.46043,-0.45667,
1560025140505027840,1.31212,-13.36377,-0.00978,0.53549,0.54105,-0.46107,-0.45600,
1560025140705028096,1.22956,-13.38288,-0.00980,0.53728,0.54385,-0.45819,-0.45346,
1560025140905046016,1.14859,-13.40658,-0.01103,0.54062,0.54992,-0.45271,-0.44763,
1560025141005046016,1.10888,-13.41329,-0.01143,0.54025,0.54955,-0.45359,-0.44764,
1560025141205046528,1.03374,-13.42956,-0.01251,0.53967,0.55053,-0.45364,-0.44709,
1560025141305037312,0.99856,-13.43737,-0.01285,0.53991,0.55081,-0.45330,-0.44679,
1560025141505037824,0.93047,-13.45145,-0.01271,0.54099,0.55082,-0.45282,-0.44595,
1560025141605038080,0.89690,-13.45898,-0.01283,0.54211,0.55131,-0.45204,-0.44478,
1560025141805029120,0.83914,-13.47556,-0.01252,0.54685,0.55516,-0.44668,-0.43958,
1560025142005029120,0.78278,-13.48853,-0.01279,0.54562,0.55475,-0.44736,-0.44093,
1560025142105029632,0.75476,-13.49348,-0.01247,0.54543,0.55381,-0.44812,-0.44159,
1560025142304914944,0.69796,-13.50678,-0.01207,0.54573,0.55370,-0.44788,-0.44159,
1560025142404915456,0.67056,-13.51576,-0.01181,0.54750,0.55502,-0.44572,-0.43991,
1560025142604915712,0.61703,-13.53693,-0.01146,0.55345,0.56012,-0.43830,-0.43342,
1560025142704915712,0.58866,-13.55030,-0.01193,0.55632,0.56424,-0.43370,-0.42900,
1560025142905010432,0.52916,-13.57692,-0.01180,0.56434,0.57156,-0.42391,-0.41851,
1560025143005010688,0.49631,-13.59060,-0.01147,0.56675,0.57342,-0.42088,-0.41575,
1560025143105010688,0.46078,-13.60346,-0.01094,0.56821,0.57357,-0.41957,-0.41486,
1560025143205010944,0.42211,-13.61714,-0.01104,0.56810,0.57375,-0.41955,-0.41480,
1560025143304982784,0.38231,-13.63204,-0.01063,0.56823,0.57362,-0.41903,-0.41532,
1560025143404982528,0.33984,-13.64688,-0.01081,0.56869,0.57429,-0.41863,-0.41416,
1560025143504983296,0.29566,-13.66246,-0.01090,0.56902,0.57509,-0.41832,-0.41291,
1560025143604983296,0.25190,-13.67869,-0.01012,0.56948,0.57508,-0.41770,-0.41291,
1560025143704983808,0.20814,-13.69413,-0.00905,0.57008,0.57435,-0.41727,-0.41354,
1560025143804890880,0.16238,-13.71155,-0.00876,0.56937,0.57426,-0.41716,-0.41475,
1560025143904890880,0.11647,-13.72863,-0.00819,0.56896,0.57376,-0.41701,-0.41615,
1560025144004891136,0.07004,-13.74455,-0.00744,0.56885,0.57294,-0.41707,-0.41739,
1560025144104891392,0.02229,-13.75916,-0.00764,0.56726,0.57223,-0.41897,-0.41861,
1560025144204891648,-0.02440,-13.77306,-0.00761,0.56544,0.57079,-0.42112,-0.42089,
1560025144304880896,-0.07034,-13.78503,-0.00762,0.56384,0.56892,-0.42370,-0.42295,
1560025144404880896,-0.11514,-13.79653,-0.00783,0.56208,0.56711,-0.42627,-0.42514,
1560025144504881152,-0.15864,-13.80740,-0.00810,0.56071,0.56548,-0.42849,-0.42689,
1560025144604881408,-0.20147,-13.81979,-0.00846,0.55947,0.56472,-0.42980,-0.42820,
1560025144704881664,-0.24358,-13.83285,-0.00859,0.55898,0.56470,-0.43009,-0.42858,
1560025144804900864,-0.28543,-13.84643,-0.00921,0.55835,0.56562,-0.43007,-0.42821,
1560025144904901120,-0.32756,-13.86003,-0.00987,0.55772,0.56622,-0.43016,-0.42815,
1560025145004901376,-0.36774,-13.87295,-0.00995,0.55748,0.56623,-0.42998,-0.42862,
1560025145104901376,-0.40691,-13.88552,-0.00996,0.55714,0.56650,-0.42981,-0.42888,
1560025145204901632,-0.44444,-13.89620,-0.01025,0.55766,0.56677,-0.42959,-0.42806,
1560025145304826624,-0.47856,-13.90616,-0.01025,0.55878,0.56704,-0.42895,-0.42689,
1560025145404826624,-0.51016,-13.91719,-0.01053,0.55938,0.56780,-0.42796,-0.42609,
1560025145504826624,-0.54004,-13.92716,-0.01102,0.55972,0.56847,-0.42727,-0.42543,
1560025145604826880,-0.56806,-13.93582,-0.01114,0.56018,0.56870,-0.42682,-0.42498,
1560025145704827136,-0.59465,-13.94449,-0.01167,0.56051,0.56941,-0.42642,-0.42399,
1560025145804809216,-0.61832,-13.95315,-0.01220,0.56123,0.57041,-0.42540,-0.42272,
1560025145904808960,-0.63920,-13.96096,-0.01264,0.56195,0.57121,-0.42446,-0.42163,
1560025146004809472,-0.65820,-13.96815,-0.01306,0.56271,0.57188,-0.42359,-0.42058,
1560025146104809472,-0.67618,-13.97426,-0.01370,0.56297,0.57224,-0.42328,-0.42005,
1560025146304888832,-0.70417,-13.97928,-0.01454,0.56001,0.56928,-0.42731,-0.42393,
1560025146504889344,-0.72565,-13.98145,-0.01477,0.55659,0.56565,-0.43192,-0.42859,
1560025146804751872,-0.74876,-13.98364,-0.01499,0.55458,0.56306,-0.43526,-0.43122,
1560025146904752128,-0.75705,-13.98290,-0.01483,0.55255,0.56121,-0.43783,-0.43363,
1560025147004752128,-0.76885,-13.98089,-0.01455,0.54869,0.55747,-0.44268,-0.43841,
1560025147104752640,-0.78474,-13.97694,-0.01437,0.54248,0.55145,-0.45025,-0.44597,
1560025147204752640,-0.80260,-13.97368,-0.01434,0.53601,0.54545,-0.45782,-0.45339,
1560025147404843264,-0.83388,-13.98266,-0.01369,0.53791,0.54754,-0.45526,-0.45121,
1560025147504843520,-0.85033,-13.98510,-0.01326,0.53737,0.54641,-0.45596,-0.45252,
1560025147604843520,-0.86629,-13.98709,-0.01288,0.53689,0.54527,-0.45652,-0.45389,
1560025147704843776,-0.88213,-13.98867,-0.01263,0.53563,0.54390,-0.45789,-0.45564,
1560025147804777728,-0.89721,-13.98866,-0.01238,0.53335,0.54143,-0.46063,-0.45849,
1560025147904777728,-0.90930,-13.98848,-0.01204,0.53208,0.53944,-0.46254,-0.46038,
1560025148004778240,-0.91667,-13.98814,-0.01156,0.53130,0.53799,-0.46365,-0.46185,
1560025148404790528,-0.92046,-13.99272,-0.01186,0.53387,0.54092,-0.46052,-0.45859,
1560025148504790528,-0.92576,-13.99862,-0.01171,0.53822,0.54491,-0.45535,-0.45391,
1560025148604790784,-0.92997,-14.00601,-0.01156,0.54357,0.55006,-0.44877,-0.44785,
1560025148704791040,-0.93253,-14.01195,-0.01152,0.54795,0.55450,-0.44314,-0.44261,
1560025148904720896,-0.93851,-14.00110,-0.01155,0.54014,0.54637,-0.45317,-0.45206,
1560025149004721152,-0.94128,-13.99014,-0.01120,0.53125,0.53694,-0.46397,-0.46282,
1560025149104721664,-0.94139,-13.98410,-0.01088,0.52697,0.53227,-0.46925,-0.46775,
1560025149304653056,-0.94490,-13.98786,-0.01120,0.52866,0.53487,-0.46699,-0.46515,
1560025149604653312,-0.94083,-13.99073,-0.01109,0.53114,0.53655,-0.46418,-0.46318,
1560025149704653568,-0.93157,-13.99291,-0.01124,0.53429,0.53965,-0.46063,-0.45948,
1560025149804702976,-0.91882,-13.99829,-0.01170,0.53975,0.54599,-0.45377,-0.45239,
1560025149904702976,-0.90353,-14.00395,-0.01226,0.54621,0.55351,-0.44536,-0.44377,
1560025150004702976,-0.88973,-14.00621,-0.01270,0.55032,0.55867,-0.43975,-0.43778,
1560025150204703744,-0.87777,-13.99118,-0.01311,0.54249,0.55093,-0.44986,-0.44699,
1560025150304632832,-0.87397,-13.97850,-0.01321,0.53377,0.54206,-0.46071,-0.45718,
1560025150404632832,-0.86872,-13.96724,-0.01363,0.52611,0.53456,-0.46979,-0.46557,
1560025150804641280,-0.89138,-13.96734,-0.01288,0.52411,0.53281,-0.47187,-0.46771,
1560025150904641536,-0.90545,-13.96691,-0.01220,0.52245,0.53043,-0.47396,-0.47017,
1560025151004641792,-0.92159,-13.96502,-0.01141,0.51988,0.52660,-0.47711,-0.47411,
1560025151104642048,-0.93915,-13.96317,-0.01108,0.51659,0.52288,-0.48069,-0.47819,
1560025151204642048,-0.95642,-13.96138,-0.01080,0.51330,0.51926,-0.48420,-0.48212,
1560025151304587008,-0.97380,-13.95791,-0.01053,0.50946,0.51479,-0.48861,-0.48652,
1560025151404587264,-0.99019,-13.95340,-0.01004,0.50529,0.50967,-0.49328,-0.49153,
1560025151504587520,-1.00571,-13.94853,-0.00972,0.50064,0.50438,-0.49821,-0.49674,
1560025151604587264,-1.01997,-13.94292,-0.00968,-0.49580,-0.49916,0.50317,0.50184,
1560025151704588032,-1.03305,-13.93801,-0.00958,-0.49123,-0.49469,0.50759,0.50629,
1560025151804636672,-1.04606,-13.93235,-0.00944,-0.48577,-0.48945,0.51272,0.51146,
1560025151904636928,-1.05943,-13.92600,-0.00930,-0.48015,-0.48388,0.51803,0.51668,
1560025152004637184,-1.07388,-13.91985,-0.00909,-0.47484,-0.47880,0.52281,0.52148,
1560025152104637440,-1.08963,-13.91130,-0.00880,-0.46779,-0.47171,0.52915,0.52788,
1560025152204637440,-1.10709,-13.90121,-0.00848,-0.45974,-0.46351,0.53626,0.53501,
1560025152304545792,-1.12455,-13.89012,-0.00831,-0.45053,-0.45454,0.54397,0.54269,
1560025152404545792,-1.14136,-13.87756,-0.00848,-0.44020,-0.44489,0.55243,0.55056,
1560025152504546048,-1.15635,-13.86504,-0.00851,-0.42981,-0.43492,0.56053,0.55850,
1560025152604546304,-1.17004,-13.85213,-0.00844,-0.41967,-0.42501,0.56820,0.56603,
1560025152704546816,-1.18327,-13.83898,-0.00829,-0.40942,-0.41491,0.57569,0.57342,
1560025152804542720,-1.19639,-13.82504,-0.00819,-0.39904,-0.40452,0.58299,0.58074,
1560025152904542720,-1.20950,-13.81080,-0.00810,-0.38879,-0.39410,0.58996,0.58777,
1560025153004542976,-1.22259,-13.79584,-0.00783,-0.37792,-0.38315,0.59689,0.59506,
1560025153104543232,-1.23627,-13.77894,-0.00797,-0.36603,-0.37150,0.60446,0.60220,
1560025153204543232,-1.24947,-13.76076,-0.00797,-0.35397,-0.35906,0.61183,0.60946,
1560025153304550400,-1.26190,-13.74091,-0.00804,-0.34096,-0.34552,0.61951,0.61690,
1560025153404550656,-1.27346,-13.71965,-0.00810,-0.32737,-0.33114,0.62725,0.62429,
1560025153504550912,-1.28480,-13.69768,-0.00841,-0.31313,-0.31645,0.63485,0.63149,
1560025153604551168,-1.29520,-13.67422,-0.00853,-0.29832,-0.30087,0.64229,0.63870,
1560025153704551168,-1.30502,-13.64942,-0.00880,-0.28261,-0.28467,0.64973,0.64571,
1560025153804505088,-1.31289,-13.62278,-0.00904,-0.26580,-0.26714,0.65728,0.65266,
1560025153904505344,-1.31980,-13.59544,-0.00912,-0.24811,-0.24898,0.66422,0.65975,
1560025154004505600,-1.32662,-13.56617,-0.00949,-0.22957,-0.23062,0.67131,0.66592,
1560025154104505856,-1.33165,-13.53648,-0.00939,-0.21202,-0.21249,0.67732,0.67167,
1560025154204506112,-1.33511,-13.50631,-0.00916,-0.19465,-0.19435,0.68280,0.67685,
1560025154304470784,-1.33817,-13.47487,-0.00898,-0.17713,-0.17617,0.68772,0.68164,
1560025154404471040,-1.34073,-13.44168,-0.00912,-0.15922,-0.15790,0.69234,0.68584,
1560025154504471296,-1.34365,-13.40714,-0.00927,-0.14139,-0.14041,0.69637,0.68946,
1560025154604471296,-1.34583,-13.37172,-0.00899,-0.12557,-0.12411,0.69943,0.69255,
1560025154704471296,-1.34894,-13.33393,-0.00941,-0.11109,-0.10952,0.70246,0.69442,
1560025154804496640,-1.35169,-13.29585,-0.00937,-0.09845,-0.09632,0.70456,0.69615,
1560025154904497152,-1.35588,-13.25816,-0.00924,-0.08725,-0.08523,0.70601,0.69762,
1560025155104497664,-1.36624,-13.18050,-0.00914,-0.07282,-0.07037,0.70756,0.69936,
1560025155204497664,-1.37315,-13.13925,-0.00894,-0.06964,-0.06650,0.70745,0.70017,
1560025155304470784,-1.38136,-13.09277,-0.00964,-0.06801,-0.06417,0.70836,0.69963,
1560025155504471040,-1.39888,-12.99341,-0.01015,-0.06432,-0.06015,0.70887,0.69982,
1560025155604471296,-1.40784,-12.93978,-0.01057,-0.06231,-0.05808,0.70913,0.69991,
1560025155704471296,-1.41625,-12.88364,-0.01093,-0.06058,-0.05586,0.70965,0.69972,
1560025155904428544,-1.43472,-12.76955,-0.01113,-0.05628,-0.05218,0.70994,0.70007,
1560025156004428544,-1.44375,-12.71031,-0.01119,-0.05446,-0.05046,0.71019,0.70008,
1560025156104428800,-1.45225,-12.64950,-0.01154,-0.05272,-0.04848,0.71051,0.70003,
1560025156304437248,-1.47177,-12.52330,-0.01250,-0.05049,-0.04667,0.71123,0.69958,
1560025156404437504,-1.48176,-12.45973,-0.01282,-0.05056,-0.04654,0.71138,0.69944,
1560025156604438016,-1.50332,-12.33087,-0.01292,-0.05193,-0.04759,0.71100,0.69966,
1560025156704438016,-1.51440,-12.26543,-0.01304,-0.05285,-0.04854,0.71097,0.69955,
1560025156904362752,-1.54072,-12.13327,-0.01282,-0.05514,-0.05248,0.71034,0.69973,
1560025157004363008,-1.55465,-12.06717,-0.01274,-0.05726,-0.05509,0.71006,0.69964,
1560025157204363264,-1.58212,-11.93696,-0.01219,-0.06113,-0.05961,0.70938,0.69964,
1560025157404326144,-1.61028,-11.80770,-0.01244,-0.06368,-0.06324,0.70957,0.69889,
1560025157604326656,-1.63712,-11.67830,-0.01155,-0.06956,-0.06696,0.70878,0.69880,
1560025157804391936,-1.67135,-11.54674,-0.01081,-0.07965,-0.07484,0.70826,0.69744,
1560025158004392192,-1.70722,-11.41846,-0.00843,-0.08436,-0.07919,0.70584,0.69886,
1560025158204392960,-1.74002,-11.28722,-0.00788,-0.08088,-0.07653,0.70654,0.69886,
1560025158304329216,-1.75621,-11.21960,-0.00827,-0.07881,-0.07502,0.70743,0.69836,
1560025158504329984,-1.78694,-11.08188,-0.00946,-0.07436,-0.07145,0.70908,0.69754,
1560025158704330240,-1.81604,-10.94121,-0.01196,-0.06994,-0.06764,0.71086,0.69657,
1560025158904284416,-1.84395,-10.80199,-0.01254,-0.06777,-0.06487,0.71083,0.69708,
1560025159104284672,-1.86997,-10.66573,-0.01202,-0.06720,-0.06246,0.70925,0.69897,
1560025159204284928,-1.88224,-10.59832,-0.01234,-0.06668,-0.06121,0.70908,0.69929,
1560025159404239872,-1.90687,-10.46824,-0.01241,-0.06390,-0.05920,0.70874,0.70007,
1560025159504240128,-1.91760,-10.40563,-0.01260,-0.06209,-0.05760,0.70843,0.70068,
1560025159704240640,-1.93419,-10.28569,-0.01320,-0.05623,-0.05180,0.70881,0.70125,
1560025159804243456,-1.93839,-10.22842,-0.01370,-0.05060,-0.04613,0.70941,0.70146,
1560025160004243968,-1.93708,-10.11918,-0.01556,-0.03124,-0.02750,0.71092,0.70204,
1560025160104244224,-1.93095,-10.06830,-0.01604,-0.01785,-0.01433,0.71125,0.70257,
1560025160304235008,-1.90632,-9.96979,-0.01724,0.01458,0.01868,0.71167,0.70211,
1560025160504235264,-1.86881,-9.87877,-0.01899,0.05414,0.05799,0.71004,0.69968,
1560025160604235776,-1.84431,-9.83745,-0.01956,0.07679,0.08056,0.70750,0.69790,
1560025160804259072,-1.78682,-9.76220,-0.02132,0.12473,0.12820,0.70128,0.69008,
1560025160904259328,-1.75417,-9.73214,-0.02084,0.14864,0.15237,0.69615,0.68562,
1560025161104259840,-1.68764,-9.68212,-0.02027,0.19277,0.19687,0.68464,0.67480,
1560025161204259840,-1.65483,-9.66034,-0.02016,0.21291,0.21693,0.67861,0.66866,
1560025161404200960,-1.58957,-9.62174,-0.01981,0.24915,0.25353,0.66586,0.65596,
1560025161604201216,-1.52717,-9.59138,-0.02015,0.28047,0.28558,0.65309,0.64285,
1560025161804231424,-1.46846,-9.56845,-0.02093,0.30846,0.31394,0.64005,0.62978,
1560025162004231680,-1.41839,-9.54677,-0.02206,0.32647,0.33252,0.63094,0.62030,
1560025162104231936,-1.39885,-9.53454,-0.02228,0.33053,0.33624,0.62870,0.61841,
1560025162304293120,-1.36106,-9.50348,-0.02268,0.32851,0.33477,0.62961,0.61935,
1560025162604293632,-1.30103,-9.45554,-0.02343,0.32643,0.33294,0.63034,0.62070,
1560025162704293888,-1.27893,-9.43950,-0.02386,0.32609,0.33272,0.63046,0.62087,
1560025162904168960,-1.23460,-9.40628,-0.02418,0.32568,0.33247,0.63058,0.62110,
1560025163104169728,-1.18934,-9.37270,-0.02428,0.32551,0.33222,0.63049,0.62141,
1560025163304135680,-1.14361,-9.33741,-0.02478,0.32329,0.33033,0.63171,0.62235,
1560025163504136192,-1.10051,-9.30421,-0.02553,0.32213,0.32948,0.63239,0.62270,
1560025163804098560,-1.04580,-9.26212,-0.02652,0.32052,0.32810,0.63296,0.62368,
1560025163904098816,-1.03124,-9.25088,-0.02671,0.32028,0.32761,0.63287,0.62415,
1560025164204099328,-0.99282,-9.22218,-0.02750,0.31911,0.32604,0.63330,0.62514,
1560025164604107008,-0.95950,-9.19767,-0.02873,0.31821,0.32494,0.63364,0.62582,
1560025165504000000,-0.92820,-9.17262,-0.03031,0.31809,0.32413,0.63369,0.62625,
1560025165704000512,-0.91206,-9.15767,-0.02988,0.31763,0.32318,0.63429,0.62638,
1560025165903983104,-0.88893,-9.13722,-0.02943,0.31553,0.32091,0.63540,0.62747,
1560025166103983360,-0.85910,-9.11109,-0.02880,0.31321,0.31834,0.63676,0.62856,
1560025166304030976,-0.82279,-9.07897,-0.02832,0.31069,0.31590,0.63819,0.62959,
1560025166504031488,-0.77884,-9.04197,-0.02788,0.30853,0.31425,0.63938,0.63027,
1560025166704032000,-0.73023,-8.99955,-0.02829,0.30618,0.31257,0.64090,0.63071,
1560025166904000000,-0.67732,-8.95305,-0.02937,0.30300,0.31054,0.64275,0.63137,
1560025167004000256,-0.65135,-8.92960,-0.03010,0.30182,0.30928,0.64333,0.63197,
1560025167104000256,-0.62480,-8.90551,-0.03144,0.30057,0.30820,0.64408,0.63231,
1560025167303930112,-0.57225,-8.85917,-0.03258,0.29866,0.30700,0.64502,0.63285,
1560025167503930112,-0.52690,-8.81985,-0.03177,0.29492,0.30381,0.64514,0.63602,
1560025167703930624,-0.48775,-8.78538,-0.03150,0.29129,0.30137,0.64576,0.63821,
1560025167904004096,-0.45821,-8.76401,-0.02967,0.29779,0.30566,0.64156,0.63741,
1560025168104004352,-0.42929,-8.73881,-0.03086,0.29796,0.30556,0.64176,0.63718,
1560025168204004608,-0.41661,-8.72883,-0.03013,0.30196,0.30705,0.64019,0.63615,
1560025168303884544,-0.40409,-8.72401,-0.02950,0.31296,0.31450,0.63550,0.63189,
1560025168503885056,-0.37612,-8.71618,-0.02956,0.33118,0.33061,0.62711,0.62269,
1560025168703885312,-0.35353,-8.69876,-0.02960,0.33204,0.33098,0.62676,0.62239,
1560025168803843584,-0.34351,-8.69147,-0.03044,0.31980,0.32462,0.63099,0.62785,
1560025169003844096,-0.32824,-8.66435,-0.02957,0.30442,0.30916,0.63794,0.63622,
1560025169103843840,-0.31528,-8.64947,-0.03038,0.30080,0.30564,0.63988,0.63770,
1560025169303874816,-0.28807,-8.61631,-0.03139,0.29272,0.29792,0.64443,0.64052,
1560025169503875328,-0.26769,-8.58284,-0.03168,0.28136,0.28590,0.64990,0.64554,
1560025169703875584,-0.24880,-8.54777,-0.03214,0.26873,0.27270,0.65568,0.65076,
1560025169803883264,-0.23751,-8.52914,-0.03436,0.26245,0.26822,0.66035,0.65048,
1560025170003883776,-0.23153,-8.50127,-0.03742,0.24578,0.25392,0.67020,0.65265,
1560025170203884032,-0.25138,-8.49012,-0.03265,0.22254,0.22457,0.67179,0.66989,
1560025170403790848,-0.25960,-8.46754,-0.03528,0.19800,0.20082,0.68105,0.67575,
1560025170503791104,-0.26335,-8.46205,-0.03506,0.19041,0.19283,0.68248,0.67881,
1560025170703791616,-0.26944,-8.44980,-0.03535,0.17557,0.17815,0.68675,0.68250,
1560025170803768064,-0.27279,-8.44398,-0.03560,0.16816,0.17073,0.68883,0.68418,
1560025171003768320,-0.28091,-8.42877,-0.03595,0.15088,0.15342,0.69313,0.68794,
1560025171103768576,-0.28592,-8.41852,-0.03584,0.14100,0.14336,0.69528,0.69004,
1560025171303792896,-0.29997,-8.39537,-0.03562,0.11593,0.11796,0.70010,0.69463,
1560025171403793152,-0.30867,-8.38341,-0.03550,0.10187,0.10360,0.70241,0.69679,
1560025171603793408,-0.32631,-8.36121,-0.03571,0.07433,0.07591,0.70609,0.70011,
1560025171703793664,-0.33441,-8.35147,-0.03600,0.06202,0.06347,0.70738,0.70124,
1560025171903810048,-0.34611,-8.33767,-0.03652,0.04429,0.04548,0.70879,0.70256,
1560025172003810304,-0.35037,-8.33263,-0.03667,0.03781,0.03903,0.70928,0.70283,
1560025172103810560,-0.35434,-8.32804,-0.03685,0.03240,0.03363,0.70959,0.70307,
1560025172203810816,-0.35857,-8.32364,-0.03696,0.02720,0.02835,0.70988,0.70323,
1560025172403762944,-0.36749,-8.31485,-0.03720,0.01568,0.01675,0.71039,0.70343,
1560025172503762944,-0.37063,-8.31081,-0.03719,0.01097,0.01212,0.71061,0.70340,
1560025172803750400,-0.37252,-8.30550,-0.03733,0.00722,0.00878,0.71076,0.70334,
1560025173203751168,-0.36832,-8.31065,-0.03708,0.01061,0.01215,0.71044,0.70357,
1560025173303705088,-0.36595,-8.31564,-0.03706,0.01543,0.01675,0.71015,0.70368,
1560025173403705088,-0.36383,-8.32139,-0.03707,0.01934,0.02051,0.70999,0.70365,
1560025173603705600,-0.36147,-8.32773,-0.03702,0.02302,0.02399,0.70983,0.70359,
1560025173703705856,-0.35904,-8.32866,-0.03698,0.02634,0.02727,0.70972,0.70347,
1560025173803636736,-0.35601,-8.33098,-0.03696,0.03037,0.03128,0.70955,0.70330,
1560025173903636992,-0.35320,-8.33455,-0.03682,0.03469,0.03558,0.70926,0.70320,
1560025174103637248,-0.34767,-8.34233,-0.03677,0.04328,0.04416,0.70865,0.70285,
1560025174303642624,-0.34320,-8.34971,-0.03683,0.05056,0.05150,0.70817,0.70234,
1560025174403642880,-0.34115,-8.35207,-0.03684,0.05386,0.05484,0.70800,0.70201,
1560025174603643136,-0.33948,-8.35408,-0.03673,0.05703,0.05817,0.70778,0.70172,
1560025175103620352,-0.33914,-8.33957,-0.03667,0.05418,0.05589,0.70819,0.70172,
1560025175203620608,-0.34212,-8.33497,-0.03667,0.04871,0.05038,0.70860,0.70212,
1560025175503568384,-0.32647,-8.32116,-0.03530,0.05331,0.05971,0.70763,0.70203,
1560025175603568640,-0.31310,-8.31392,-0.03451,0.06254,0.07161,0.70642,0.70138,
1560025175703568896,-0.30439,-8.30360,-0.03394,0.06948,0.07949,0.70535,0.70095,
1560025175903595264,-0.29677,-8.27316,-0.03401,0.07541,0.08349,0.70483,0.70040,
1560025176003595264,-0.29694,-8.25005,-0.03591,0.08425,0.08588,0.70507,0.69886,
1560025176103595520,-0.28697,-8.22658,-0.03630,0.09082,0.09238,0.70482,0.69746,
1560025176203595520,-0.28275,-8.19894,-0.03902,0.08904,0.09135,0.70896,0.69362,
1560025176303590912,-0.28343,-8.17637,-0.04029,0.08262,0.08536,0.71219,0.69186,
1560025176403591424,-0.28450,-8.15778,-0.03981,0.07686,0.07958,0.71269,0.69270,
1560025176603592192,-0.28353,-8.12113,-0.03729,0.07043,0.07239,0.70925,0.69768,
1560025176703591936,-0.28284,-8.10149,-0.03608,0.06746,0.06922,0.70806,0.69951,
1560025176803520256,-0.28221,-8.07624,-0.03723,0.06288,0.06510,0.70977,0.69860,
1560025177003520768,-0.28653,-8.02680,-0.03769,0.04837,0.05111,0.71102,0.69964,
1560025177103521024,-0.29228,-8.00203,-0.03733,0.03848,0.04113,0.71138,0.70055,
1560025177203521280,-0.29939,-7.97659,-0.03726,0.02712,0.02979,0.71195,0.70107,
1560025177303502592,-0.30781,-7.95035,-0.03735,0.01470,0.01752,0.71255,0.70125,
1560025177403502592,-0.31709,-7.92376,-0.03785,0.00149,0.00473,0.71308,0.70106,
1560025177503502848,-0.32646,-7.89886,-0.03734,-0.01018,-0.00665,0.71289,0.70117,
1560025177603503104,-0.33562,-7.87595,-0.03710,-0.02104,-0.01724,0.71249,0.70116,
1560025177703503104,-0.34462,-7.85489,-0.03708,-0.03132,-0.02730,0.71192,0.70103,
1560025177803504384,-0.35355,-7.83527,-0.03698,-0.04019,-0.03628,0.71137,0.70073,
1560025177903504640,-0.36197,-7.81743,-0.03665,-0.04828,-0.04449,0.71073,0.70040,
1560025178003504896,-0.36954,-7.80104,-0.03670,-0.05573,-0.05186,0.71024,0.69984,
1560025178103505152,-0.37662,-7.78787,-0.03679,-0.06193,-0.05847,0.70967,0.69937,
1560025178203505152,-0.38184,-7.77900,-0.03660,-0.06565,-0.06306,0.70860,0.69972,
1560025178303473664,-0.38501,-7.77132,-0.03663,-0.06829,-0.06613,0.70818,0.69961,
1560025178503474176,-0.39325,-7.75506,-0.03670,-0.07358,-0.07216,0.70737,0.69929,
1560025178603474432,-0.39969,-7.74526,-0.03678,-0.07791,-0.07688,0.70654,0.69916,
1560025178703474432,-0.40882,-7.73176,-0.03691,-0.08347,-0.08300,0.70568,0.69868,
1560025178803531776,-0.42029,-7.71453,-0.03640,-0.09040,-0.09045,0.70436,0.69823,
1560025178903532288,-0.43384,-7.69427,-0.03604,-0.09904,-0.09931,0.70293,0.69729,
1560025179003532288,-0.44969,-7.67195,-0.03556,-0.10902,-0.10954,0.70110,0.69611,
1560025179103532800,-0.46743,-7.64875,-0.03515,-0.12036,-0.12099,0.69905,0.69441,
1560025179303504384,-0.50943,-7.60202,-0.03535,-0.14671,-0.14777,0.69454,0.68867,
1560025179403504640,-0.53280,-7.58118,-0.03558,-0.16162,-0.16289,0.69146,0.68500,
1560025179503504896,-0.55740,-7.56273,-0.03572,-0.17738,-0.17892,0.68769,0.68089,
1560025179603505152,-0.58174,-7.54527,-0.03609,-0.19231,-0.19412,0.68384,0.67653,
1560025179703505152,-0.60478,-7.52669,-0.03643,-0.20405,-0.20609,0.68066,0.67275,
1560025180003458560,-0.66362,-7.45883,-0.03689,-0.21741,-0.21928,0.67657,0.66851,
1560025180203459072,-0.70010,-7.40834,-0.03718,-0.21739,-0.21956,0.67641,0.66858,
1560025180303450880,-0.71772,-7.38207,-0.03734,-0.21684,-0.21888,0.67681,0.66858,
1560025180403450880,-0.73480,-7.35611,-0.03729,-0.21678,-0.21798,0.67691,0.66879,
1560025180703451648,-0.78498,-7.28163,-0.03819,-0.21755,-0.21755,0.67712,0.66847,
1560025181003393536,-0.83607,-7.20745,-0.03903,-0.21703,-0.21677,0.67807,0.66793,
1560025181203393536,-0.86859,-7.16228,-0.03939,-0.21744,-0.21669,0.67799,0.66790,
1560025181503366912,-0.91799,-7.09040,-0.04003,-0.21560,-0.21410,0.67898,0.66833,
1560025181703367424,-0.94981,-7.03930,-0.04096,-0.21199,-0.21023,0.68064,0.66902,
1560025181903440640,-0.97926,-6.98576,-0.04156,-0.20326,-0.20200,0.68340,0.67145,
1560025182003440896,-0.99206,-6.95705,-0.04205,-0.19698,-0.19567,0.68560,0.67295,
1560025182103441152,-1.00417,-6.92757,-0.04241,-0.18969,-0.18839,0.68791,0.67476,
1560025182403355648,-1.03495,-6.84104,-0.04206,-0.16705,-0.16594,0.69390,0.68049,
1560025182603355904,-1.05078,-6.78776,-0.04110,-0.15416,-0.15235,0.69616,0.68439,
1560025182803328768,-1.06400,-6.73640,-0.04112,-0.14145,-0.13944,0.69865,0.68734,
1560025183103329536,-1.08322,-6.66217,-0.03998,-0.12305,-0.12173,0.70161,0.69122,
1560025183303303424,-1.09090,-6.61862,-0.03864,-0.11152,-0.10964,0.70271,0.69408,
1560025183503303936,-1.09676,-6.57666,-0.03857,-0.10295,-0.09954,0.70394,0.69568,
1560025183803279616,-1.10945,-6.51763,-0.03813,-0.09402,-0.09040,0.70429,0.69783,
1560025184003279872,-1.11755,-6.47632,-0.03771,-0.08850,-0.08451,0.70442,0.69916,
1560025184203280128,-1.12624,-6.43001,-0.03792,-0.08399,-0.07958,0.70546,0.69924,
1560025184603286528,-1.14686,-6.32705,-0.03828,-0.07956,-0.07454,0.70710,0.69866,
1560025184803204864,-1.15582,-6.27205,-0.03803,-0.07515,-0.07003,0.70741,0.69929,
1560025185003205376,-1.16114,-6.21315,-0.03803,-0.06728,-0.06207,0.70853,0.69972,
1560025185203205888,-1.16471,-6.15612,-0.03783,-0.05716,-0.05265,0.70945,0.70046,
1560025185503173120,-1.16786,-6.06696,-0.03840,-0.04126,-0.03779,0.71082,0.70115,
1560025185703173632,-1.16651,-5.99915,-0.03870,-0.02868,-0.02533,0.71134,0.70181,
1560025186003284480,-1.16097,-5.88267,-0.03902,-0.01089,-0.00715,0.71208,0.70197,
1560025186203284992,-1.15278,-5.79534,-0.03939,0.00242,0.00654,0.71226,0.70188,
1560025186403122432,-1.14399,-5.70099,-0.03963,0.01500,0.01845,0.71185,0.70193,
1560025186703123200,-1.12549,-5.55516,-0.04029,0.02796,0.03248,0.71077,0.70212,
1560025187003157504,-1.10974,-5.40755,-0.04135,0.03595,0.03975,0.71014,0.70202,
1560025187203157760,-1.09782,-5.30747,-0.04171,0.04287,0.04509,0.70966,0.70179,
1560025187503141632,-1.07287,-5.14815,-0.04349,0.05479,0.05571,0.70995,0.69991,
1560025187703142144,-1.05202,-5.03816,-0.04378,0.06189,0.06304,0.70950,0.69915,
1560025188003181056,-1.01401,-4.86725,-0.04393,0.07158,0.07412,0.70802,0.69863,
1560025188203181312,-0.98445,-4.74900,-0.04534,0.07736,0.08139,0.70794,0.69729,
1560025188503090432,-0.93420,-4.56690,-0.04700,0.08666,0.09293,0.70705,0.69565,
1560025188803033344,-0.87707,-4.38640,-0.04575,0.10397,0.10791,0.70316,0.69506,
1560025189003033856,-0.83096,-4.26668,-0.04573,0.11643,0.12016,0.70082,0.69344,
1560025189303045888,-0.75060,-4.09298,-0.04609,0.13739,0.14204,0.69736,0.68894,
1560025189503046400,-0.69131,-3.98192,-0.04656,0.15203,0.15687,0.69494,0.68508,
1560025189703046656,-0.62184,-3.87940,-0.04677,0.17342,0.17880,0.69004,0.67956,
1560025190002982400,-0.49142,-3.73523,-0.04729,0.21986,0.22558,0.67627,0.66591,
1560025190202982912,-0.38920,-3.64536,-0.04871,0.25044,0.25698,0.66548,0.65451,
1560025190502988288,-0.23433,-3.51355,-0.04893,0.28104,0.28642,0.65226,0.64306,
1560025190702988800,-0.13900,-3.42565,-0.04795,0.28879,0.29181,0.64855,0.64096,
1560025190903032832,-0.04494,-3.33383,-0.04804,0.28491,0.28853,0.64985,0.64286,
1560025191103033344,0.04343,-3.23076,-0.04962,0.27178,0.27613,0.65645,0.64727,
1560025191302976000,0.12675,-3.12329,-0.04982,0.25563,0.26054,0.66298,0.65363,
1560025191402976000,0.16586,-3.06734,-0.04923,0.24800,0.25210,0.66565,0.65716,
1560025191602976256,0.23819,-2.95627,-0.04755,0.22917,0.23340,0.67111,0.66529,
1560025191802976768,0.29929,-2.83915,-0.04721,0.20562,0.20994,0.67866,0.67310,
1560025191902156544,0.32661,-2.77786,-0.04772,0.19176,0.19701,0.68349,0.67621,
1560025192102156800,0.36760,-2.65065,-0.04730,0.15888,0.16418,0.69201,0.68478,
1560025192302157056,0.38515,-2.52234,-0.04640,0.11999,0.12309,0.69964,0.69351,
1560025192402913792,0.38765,-2.45606,-0.04696,0.10019,0.10169,0.70346,0.69625,
1560025192502914048,0.38831,-2.39123,-0.04772,0.08257,0.08281,0.70643,0.69806,
1560025192702914304,0.38701,-2.26371,-0.04919,0.05104,0.05068,0.71049,0.70002,
1560025192802914560,0.38527,-2.20128,-0.04955,0.03828,0.03823,0.71120,0.70091,
1560025193002844928,0.38058,-2.07481,-0.04978,0.01915,0.01920,0.71165,0.70201,
1560025193202845696,0.37266,-1.94704,-0.05006,0.00514,0.00532,0.71180,0.70235,
1560025193402812672,0.36192,-1.81227,-0.05034,-0.00402,-0.00460,0.71226,0.70189,
1560025193502813184,0.35354,-1.74445,-0.05026,-0.01000,-0.01099,0.71210,0.70192,
1560025193702813184,0.33527,-1.60860,-0.04929,-0.02008,-0.02198,0.71133,0.70223,
1560025193902814976,0.32191,-1.47443,-0.04750,-0.02672,-0.02686,0.70992,0.70327,
1560025194102815488,0.30684,-1.34047,-0.04674,-0.02934,-0.02900,0.70944,0.70355,
1560025194202815744,0.30002,-1.27355,-0.04672,-0.03023,-0.02941,0.71000,0.70294,
1560025194402863872,0.28564,-1.14287,-0.04718,-0.02983,-0.02962,0.71089,0.70204,
1560025194602864640,0.27456,-1.01498,-0.04741,-0.02790,-0.02735,0.71075,0.70236,
1560025194702864896,0.26998,-0.95129,-0.04771,-0.02695,-0.02594,0.71098,0.70222,
1560025194902811648,0.26007,-0.82124,-0.04832,-0.02492,-0.02338,0.71128,0.70208,
1560025195102812160,0.25081,-0.68599,-0.04968,-0.02250,-0.02086,0.71213,0.70138,
1560025195202812160,0.24724,-0.61692,-0.04994,-0.02148,-0.01908,0.71218,0.70141,
1560025195402770688,0.23783,-0.47768,-0.05122,-0.01803,-0.01632,0.71240,0.70135,
1560025195502770944,0.23391,-0.41095,-0.05120,-0.01627,-0.01481,0.71175,0.70209,
1560025195602771200,0.22971,-0.34458,-0.05222,-0.01455,-0.01374,0.71225,0.70164,
1560025195702771456,0.22675,-0.28343,-0.05105,-0.01398,-0.01311,0.71131,0.70262,
1560025195902767872,0.22072,-0.15587,-0.05129,-0.01093,-0.01082,0.71098,0.70304,
1560025196002768128,0.21867,-0.09326,-0.05075,-0.01189,-0.01069,0.71023,0.70379,
1560025196102768384,0.21558,-0.02787,-0.05197,-0.01242,-0.01105,0.71225,0.70173,
1560025196202768640,0.21256,0.03102,-0.05117,-0.01297,-0.01148,0.71148,0.70249,
1560025196402653184,0.20882,0.14621,-0.05133,-0.01669,-0.01258,0.71172,0.70215,
1560025196502653952,0.20588,0.20236,-0.05164,-0.01776,-0.01325,0.71222,0.70161,
1560025196602653696,0.20202,0.25328,-0.05082,-0.01763,-0.01387,0.71110,0.70273,
1560025196702654208,0.19987,0.30309,-0.05062,-0.01801,-0.01377,0.71085,0.70297,
1560025196902712064,0.19600,0.39743,-0.05069,-0.02024,-0.01391,0.71093,0.70284,
1560025197002712576,0.19316,0.43804,-0.05072,-0.02151,-0.01464,0.71108,0.70262,
1560025197202712576,0.18658,0.50347,-0.04980,-0.02255,-0.01600,0.71027,0.70339,
1560025197302712832,0.18326,0.52394,-0.04914,-0.02241,-0.01673,0.70969,0.70395,
1560025197502725888,0.17909,0.54783,-0.04878,-0.02364,-0.01827,0.70920,0.70437,
