1560025111106262784,0.02097,-0.67368,-0.00391,0.69729,0.71676,0.00510,0.00410,
1560025111206246400,0.02409,-0.71499,-0.00193,0.69861,0.71545,0.00733,0.00525,
1560025111306246400,0.02549,-0.75932,-0.00257,0.69821,0.71581,0.00839,0.00624,
1560025111506246912,0.02851,-0.85152,-0.00217,0.69980,0.71427,0.00873,0.00541,
1560025111606247168,0.03061,-0.90288,-0.00185,0.70006,0.71402,0.00794,0.00421,
1560025111706240256,0.03180,-0.95548,-0.00159,0.70073,0.71339,0.00690,0.00229,
1560025111906240768,0.03335,-1.06842,-0.00151,0.70074,0.71340,0.00514,0.00076,
1560025112006241024,0.03334,-1.12815,-0.00149,0.70104,0.71310,0.00483,0.00120,
1560025112106241280,0.03569,-1.18842,-0.00134,0.70157,0.71258,0.00549,0.00146,
1560025112306291456,0.03858,-1.31374,-0.00085,0.70182,0.71233,0.00587,0.00184,
1560025112406291456,0.04026,-1.37643,-0.00034,0.70206,0.71209,0.00600,0.00253,
1560025112506291968,0.04287,-1.43977,-0.00048,0.70201,0.71214,0.00613,0.00193,
1560025112706252032,0.04741,-1.56273,-0.00131,0.70192,0.71224,0.00531,-0.00066,
1560025112806252544,0.04769,-1.62450,-0.00257,0.70134,0.71281,0.00368,-0.00290,
1560025112906252288,0.04610,-1.68670,-0.00188,0.70172,0.71243,0.00112,-0.00556,
1560025113006252800,0.04088,-1.74952,-0.00083,0.70151,0.71261,-0.00267,-0.00715,
1560025113106253056,0.03753,-1.81115,0.00022,0.70146,0.71260,-0.00654,-0.01035,
1560025113206240000,0.03368,-1.87031,0.00063,0.70245,0.71151,-0.01060,-0.01456,
1560025113306240000,0.02833,-1.92841,0.00102,0.70304,0.71073,-0.01537,-0.01902,
1560025113406240256,0.02306,-1.98755,-0.00004,0.70349,0.71003,-0.01970,-0.02405,
1560025113506240256,0.01658,-2.04620,0.00016,0.70428,0.70890,-0.02476,-0.02902,
1560025113606240768,0.00946,-2.10541,-0.00045,0.70415,0.70853,-0.03033,-0.03515,
1560025113806225408,-0.01410,-2.22016,-0.00112,0.70313,0.70767,-0.04614,-0.05178,
1560025113906225664,-0.03235,-2.27546,-0.00121,0.70237,0.70650,-0.05832,-0.06426,
1560025114006225664,-0.05582,-2.32707,-0.00029,0.70130,0.70446,-0.07408,-0.08011,
1560025114106225664,-0.08498,-2.37841,0.00075,0.69914,0.70178,-0.09394,-0.09942,
1560025114206220032,-0.11937,-2.42743,0.00120,0.69578,0.69836,-0.11649,-0.12094,
1560025114406220800,-0.19804,-2.52506,-0.00342,0.68413,0.69101,-0.16511,-0.16495,
1560025114506221056,-0.23679,-2.57337,-0.00774,0.67610,0.68757,-0.18894,-0.18557,
1560025114606221056,-0.27609,-2.61689,-0.01022,0.66846,0.68242,-0.21154,-0.20667,
1560025114706146048,-0.32014,-2.65779,-0.01287,0.66051,0.67635,-0.23360,-0.22741,
1560025114806146048,-0.36418,-2.69443,-0.01453,0.65297,0.66962,-0.25326,-0.24719,
1560025115006146304,-0.45669,-2.75743,-0.01417,0.64065,0.65482,-0.28593,-0.28110,
1560025115106146816,-0.50443,-2.78707,-0.01338,0.63500,0.64883,-0.29859,-0.29436,
1560025115206089216,-0.55464,-2.81578,-0.01276,0.63072,0.64335,-0.30909,-0.30458,
1560025115306089472,-0.60113,-2.84570,-0.01301,0.62706,0.63816,-0.31750,-0.31424,
1560025115406089728,-0.65049,-2.87697,-0.01361,0.62341,0.63448,-0.32443,-0.32177,
1560025115606090240,-0.75098,-2.93661,-0.01387,0.61785,0.62825,-0.33620,-0.33247,
1560025115706173440,-0.79932,-2.96538,-0.01362,0.61585,0.62556,-0.34060,-0.33674,
1560025115806173440,-0.84529,-2.99235,-0.01348,0.61447,0.62329,-0.34399,-0.34001,
1560025115906173440,-0.88957,-3.02098,-0.01363,0.61372,0.62207,-0.34570,-0.34185,
1560025116006174208,-0.93241,-3.04892,-0.01383,0.61380,0.62201,-0.34579,-0.34174,
1560025116206116864,-1.01097,-3.11072,-0.01377,0.61770,0.62541,-0.33876,-0.33550,
1560025116306117376,-1.04834,-3.14581,-0.01436,0.62091,0.62954,-0.33163,-0.32890,
1560025116406117376,-1.08498,-3.18324,-0.01421,0.62559,0.63422,-0.32259,-0.31990,
1560025116506117632,-1.11726,-3.22131,-0.01358,0.63097,0.63952,-0.31181,-0.30931,
1560025116606117632,-1.14854,-3.26034,-0.01372,0.63675,0.64565,-0.29992,-0.29619,
1560025116706099712,-1.17366,-3.30150,-0.01408,0.64307,0.65159,-0.28619,-0.28283,
1560025116806100480,-1.20016,-3.34301,-0.01376,0.64945,0.65732,-0.27264,-0.26797,
1560025116906100480,-1.22496,-3.38722,-0.01334,0.65505,0.66292,-0.25865,-0.25406,
1560025117006100736,-1.24815,-3.43204,-0.01223,0.66049,0.66755,-0.24493,-0.24114,
1560025117106100736,-1.27074,-3.47877,-0.01199,0.66518,0.67235,-0.23177,-0.22752,
1560025117206051584,-1.29299,-3.52850,-0.01168,0.66963,0.67717,-0.21826,-0.21308,
1560025117306051840,-1.31441,-3.58143,-0.01133,0.67369,0.68197,-0.20415,-0.19845,
1560025117406052096,-1.33198,-3.63454,-0.01031,0.67797,0.68601,-0.18926,-0.18421,
1560025117506052352,-1.34716,-3.68734,-0.00929,0.68242,0.68936,-0.17427,-0.16945,
1560025117606052352,-1.35926,-3.74097,-0.00858,0.68587,0.69284,-0.15937,-0.15544,
1560025117706009856,-1.37242,-3.79443,-0.00825,0.68881,0.69576,-0.14616,-0.14176,
1560025117806010112,-1.38225,-3.84928,-0.00776,0.69154,0.69823,-0.13280,-0.12886,
1560025117906010112,-1.38922,-3.90499,-0.00736,0.69389,0.70056,-0.11937,-0.11612,
1560025118006010880,-1.39444,-3.96179,-0.00721,0.69599,0.70260,-0.10609,-0.10341,
1560025118106010624,-1.39850,-4.02136,-0.00691,0.69745,0.70474,-0.09297,-0.09092,
1560025118205923584,-1.40167,-4.08212,-0.00658,0.69869,0.70636,-0.08082,-0.07974,
1560025118405923840,-1.40946,-4.20724,-0.00620,0.69985,0.70871,-0.06328,-0.06269,
1560025118505924096,-1.41457,-4.27259,-0.00589,0.70043,0.70895,-0.05844,-0.05803,
1560025118605924352,-1.42129,-4.33869,-0.00623,0.70052,0.70927,-0.05575,-0.05563,
1560025118705926912,-1.42868,-4.40734,-0.00666,0.70006,0.70998,-0.05424,-0.05391,
1560025118805927168,-1.43646,-4.47526,-0.00691,0.70020,0.71005,-0.05272,-0.05262,
1560025118905927424,-1.44450,-4.54308,-0.00765,0.70022,0.71023,-0.05163,-0.05095,
1560025119005927680,-1.44988,-4.61239,-0.00903,0.70010,0.71046,-0.05015,-0.05090,
1560025119205924608,-1.46445,-4.75182,-0.01156,0.70092,0.71008,-0.04761,-0.04722,
1560025119305924864,-1.47060,-4.82295,-0.01207,0.70127,0.71004,-0.04534,-0.04487,
1560025119405925120,-1.47644,-4.89525,-0.01277,0.70121,0.71041,-0.04299,-0.04219,
1560025119505924864,-1.48188,-4.96561,-0.01276,0.70124,0.71073,-0.04043,-0.03861,
1560025119605925376,-1.48733,-5.03740,-0.01254,0.70099,0.71122,-0.03844,-0.03600,
1560025119705959680,-1.49055,-5.10744,-0.01177,0.70161,0.71085,-0.03592,-0.03371,
1560025119805959936,-1.49240,-5.17771,-0.01174,0.70210,0.71065,-0.03294,-0.03066,
1560025120005960448,-1.49417,-5.31918,-0.01177,0.70259,0.71072,-0.02594,-0.02390,
1560025120105960704,-1.49480,-5.38987,-0.01123,0.70283,0.71069,-0.02269,-0.02090,
1560025120305860096,-1.49223,-5.53586,-0.01106,0.70245,0.71139,-0.01559,-0.01542,
1560025120405860352,-1.48966,-5.60908,-0.01053,0.70258,0.71142,-0.01130,-0.01136,
1560025120505860608,-1.48525,-5.68420,-0.01059,0.70238,0.71175,-0.00591,-0.00612,
1560025120739236864,-1.47109,-5.86121,-0.00952,0.70240,0.71174,0.00592,0.00434,
1560025120905903872,-1.45685,-5.98623,-0.00911,0.70224,0.71159,0.01643,0.01505,
1560025121005903872,-1.44472,-6.05890,-0.00940,0.70218,0.71120,0.02469,0.02315,
1560025121205823232,-1.41793,-6.19549,-0.00855,0.70205,0.70977,0.04129,0.04055,
1560025121305823232,-1.40313,-6.25781,-0.00829,0.70173,0.70910,0.04923,0.04833,
1560025121605824000,-1.34862,-6.41481,-0.01045,0.69922,0.70728,0.07521,0.07209,
1560025121805796096,-1.31001,-6.51261,-0.01051,0.69722,0.70540,0.09221,0.08833,
1560025122005796608,-1.26630,-6.59711,-0.01113,0.69380,0.70295,0.11280,0.10852,
1560025122105796608,-1.24363,-6.63261,-0.01116,0.69211,0.70097,0.12363,0.11973,
1560025122305774848,-1.19747,-6.69685,-0.01371,0.68673,0.69770,0.14644,0.14201,
1560025122505775360,-1.15741,-6.74521,-0.01525,0.68207,0.69351,0.16609,0.16197,
1560025122605775616,-1.13782,-6.76542,-0.01512,0.67954,0.69118,0.17582,0.17197,
1560025122805797120,-1.10048,-6.80163,-0.01501,0.67463,0.68664,0.19335,0.18980,
1560025122905797120,-1.08246,-6.81795,-0.01427,0.67263,0.68434,0.20108,0.19702,
1560025123105797632,-1.04425,-6.85535,-0.01475,0.66917,0.68098,0.21361,0.20699,
1560025123305817856,-1.00845,-6.90018,-0.01366,0.66717,0.67779,0.22144,0.21552,
1560025123505818368,-0.96550,-6.95644,-0.01341,0.66717,0.67546,0.22453,0.21960,
1560025123639151872,-0.93144,-7.00114,-0.01346,0.66817,0.67565,0.22338,0.21710,
1560025123739161088,-0.90730,-7.03731,-0.01339,0.66929,0.67613,0.22064,0.21500,
1560025124005828352,-0.83306,-7.14198,-0.01418,0.66996,0.67665,0.21863,0.21330,
1560025124205830912,-0.76760,-7.23123,-0.01535,0.66857,0.67679,0.22021,0.21559,
1560025124405831168,-0.69550,-7.32731,-0.01601,0.66817,0.67768,0.21940,0.21484,
1560025124605831936,-0.62602,-7.42889,-0.01515,0.66770,0.67876,0.21756,0.21480,
1560025124905723648,-0.51375,-7.59179,-0.01681,0.66776,0.67994,0.21536,0.21306,
1560025125105723904,-0.43444,-7.71102,-0.01815,0.66902,0.68129,0.21098,0.20913,
1560025125305677056,-0.34788,-7.82967,-0.02042,0.66806,0.68244,0.21115,0.20829,
1560025125505677824,-0.25321,-7.92781,-0.01981,0.66492,0.67768,0.22513,0.21896,
1560025125805682176,-0.09348,-8.06096,-0.01839,0.65370,0.66166,0.26234,0.25703,
1560025126005682688,0.02705,-8.13615,-0.01662,0.64088,0.64637,0.29511,0.29049,
1560025126205616384,0.15668,-8.20198,-0.01635,0.62204,0.63097,0.32969,0.32597,
1560025126405616640,0.29126,-8.24710,-0.01602,0.60398,0.61142,0.36354,0.35946,
1560025126605617408,0.42997,-8.28120,-0.01611,0.58389,0.59217,0.39501,0.39036,
1560025126805654272,0.57124,-8.31318,-0.01682,0.56909,0.57767,0.41597,0.41159,
1560025127005654528,0.71599,-8.34812,-0.01775,0.56167,0.57019,0.42565,0.42217,
1560025127205686528,0.86146,-8.38165,-0.01891,0.55725,0.56613,0.43124,0.42779,
1560025127405686784,1.00222,-8.42225,-0.02051,0.56054,0.56940,0.42759,0.42279,
1560025127605687040,1.13236,-8.47769,-0.02242,0.57238,0.58075,0.41166,0.40698,
1560025127805599232,1.25238,-8.54798,-0.02378,0.58811,0.59746,0.38771,0.38320,
1560025128005599744,1.35722,-8.62782,-0.02502,0.60628,0.61597,0.35843,0.35289,
1560025128205533440,1.44460,-8.72015,-0.02599,0.62588,0.63582,0.32207,0.31668,
1560025128305533696,1.48038,-8.76833,-0.02543,0.63631,0.64510,0.30184,0.29640,
1560025128505534208,1.53643,-8.87536,-0.02313,0.65680,0.66470,0.25379,0.24976,
1560025128738863872,1.57849,-9.01353,-0.02136,0.67830,0.68545,0.18854,0.18578,
1560025128905531136,1.59638,-9.11094,-0.02174,0.68803,0.69647,0.14558,0.14266,
1560025129005531392,1.59799,-9.16565,-0.02183,0.69245,0.70115,0.12092,0.11947,
1560025129305463040,1.58837,-9.32648,-0.02317,0.69900,0.71130,0.05267,0.05182,
1560025129505463552,1.57391,-9.42817,-0.02245,0.70034,0.71339,0.01730,0.01744,
1560025129705470720,1.55815,-9.53118,-0.02119,0.70059,0.71349,-0.00725,-0.00716,
1560025129905470976,1.54274,-9.63614,-0.02025,0.70046,0.71272,-0.02547,-0.02720,
1560025130205496832,1.52427,-9.79834,-0.01812,0.70063,0.71186,-0.03424,-0.03473,
1560025130405497088,1.51877,-9.91354,-0.01920,0.70030,0.71277,-0.02882,-0.02673,
1560025130605497600,1.53652,-10.01706,-0.01815,0.70217,0.71194,-0.00718,-0.00672,
1560025130805444608,1.55982,-10.11128,-0.01871,0.70170,0.71194,0.01973,0.01896,
1560025130905444864,1.57040,-10.15058,-0.01920,0.70116,0.71180,0.02974,0.02872,
1560025131105445376,1.59434,-10.22117,-0.01848,0.70049,0.71038,0.04941,0.04734,
1560025131205498368,1.60658,-10.25657,-0.01860,0.69970,0.70993,0.05778,0.05548,
1560025131405498880,1.63155,-10.32506,-0.01913,0.69811,0.70877,0.07298,0.07041,
1560025131505499136,1.64341,-10.35693,-0.01923,0.69770,0.70774,0.07968,0.07725,
1560025131605499392,1.65433,-10.38696,-0.01933,0.69728,0.70678,0.08537,0.08352,
1560025131705461760,1.66688,-10.41694,-0.01890,0.69669,0.70613,0.09018,0.08865,
1560025131805461760,1.67928,-10.44748,-0.01898,0.69600,0.70549,0.09514,0.09391,
1560025131905462016,1.69208,-10.47749,-0.01881,0.69522,0.70470,0.10060,0.09974,
1560025132005462272,1.70527,-10.50497,-0.01844,0.69468,0.70347,0.10647,0.10593,
1560025132105462528,1.71791,-10.53150,-0.01803,0.69414,0.70229,0.11174,0.11166,
1560025132205383936,1.73043,-10.55857,-0.01818,0.69322,0.70161,0.11648,0.11671,
1560025132305384192,1.74234,-10.58565,-0.01809,0.69264,0.70092,0.12024,0.12043,
1560025132405384448,1.75394,-10.61302,-0.01804,0.69209,0.70044,0.12314,0.12339,
1560025132505384704,1.76517,-10.64013,-0.01749,0.69211,0.69983,0.12464,0.12525,
1560025132605384960,1.77546,-10.67039,-0.01713,0.69203,0.69992,0.12418,0.12563,
1560025132705399040,1.78550,-10.70224,-0.01687,0.69239,0.70012,0.12238,0.12429,
1560025132805399040,1.79510,-10.73610,-0.01656,0.69309,0.70057,0.11893,0.12119,
1560025132905399296,1.80514,-10.77271,-0.01647,0.69389,0.70102,0.11522,0.11752,
1560025133105399808,1.82685,-10.85064,-0.01643,0.69509,0.70190,0.10878,0.11114,
1560025133205375488,1.83784,-10.89205,-0.01682,0.69517,0.70267,0.10608,0.10836,
1560025133405376000,1.85843,-10.97678,-0.01804,0.69508,0.70492,0.09915,0.10061,
1560025133605376256,1.87968,-11.06288,-0.01953,0.69516,0.70693,0.09248,0.09197,
1560025133805345024,1.89989,-11.14939,-0.01974,0.69601,0.70767,0.08657,0.08533,
1560025133905345280,1.90891,-11.19502,-0.02105,0.69586,0.70846,0.08361,0.08288,
1560025134005345280,1.91664,-11.24028,-0.02162,0.69619,0.70876,0.08035,0.08076,
1560025134105345536,1.92606,-11.28357,-0.02215,0.69651,0.70894,0.07831,0.07845,
1560025134205345536,1.94031,-11.32665,-0.02388,0.69575,0.70981,0.07913,0.07636,
1560025134405345792,1.96067,-11.41025,-0.02311,0.69626,0.70852,0.08172,0.08090,
1560025134505346304,1.97216,-11.45043,-0.02302,0.69594,0.70849,0.08337,0.08229,
1560025134705491200,1.99766,-11.52743,-0.02174,0.69633,0.70681,0.08871,0.08761,
1560025134805491456,2.01201,-11.56452,-0.02100,0.69756,0.70465,0.09240,0.09128,
1560025135038825216,2.04847,-11.65286,-0.02116,0.69626,0.70303,0.10322,0.10159,
1560025135205273600,2.07522,-11.71615,-0.02166,0.69504,0.70241,0.10963,0.10736,
1560025135405273856,2.10748,-11.79316,-0.02182,0.69390,0.70156,0.11613,0.11324,
1560025135505274112,2.12322,-11.83278,-0.02203,0.69333,0.70140,0.11826,0.11548,
1560025135605274368,2.13884,-11.87349,-0.02208,0.69313,0.70122,0.11936,0.11666,
1560025135738487296,2.15808,-11.92871,-0.02165,0.69376,0.70058,0.11915,0.11698,
1560025135805154304,2.16705,-11.95837,-0.02196,0.69358,0.70082,0.11851,0.11726,
1560025136038488064,2.20209,-12.06019,-0.02299,0.69381,0.70148,0.11600,0.11445,
1560025136105154816,2.21116,-12.08933,-0.02345,0.69394,0.70175,0.11475,0.11328,
1560025136305210368,2.23656,-12.17942,-0.02501,0.69408,0.70350,0.10910,0.10694,
1560025136405210624,2.24828,-12.22578,-0.02537,0.69447,0.70441,0.10511,0.10237,
1560025136505210880,2.25859,-12.27340,-0.02619,0.69477,0.70563,0.10027,0.09660,
1560025136605211136,2.26603,-12.32197,-0.02672,0.69560,0.70667,0.09342,0.08959,
1560025136705211136,2.26936,-12.37158,-0.02687,0.69643,0.70823,0.08360,0.08008,
1560025136805175296,2.26946,-12.42113,-0.02684,0.69799,0.70942,0.07079,0.06731,
1560025136905175552,2.26582,-12.47336,-0.02683,0.69945,0.71070,0.05486,0.05155,
1560025137005175808,2.25874,-12.52511,-0.02680,0.70059,0.71181,0.03700,0.03348,
1560025137105176064,2.24688,-12.57605,-0.02616,0.70179,0.71201,0.01725,0.01501,
1560025137205176064,2.23247,-12.62536,-0.02556,0.70222,0.71194,-0.00332,-0.00501,
1560025137305186304,2.21394,-12.67243,-0.02518,0.70237,0.71088,-0.02515,-0.02646,
1560025137405186304,2.19158,-12.71845,-0.02505,0.70161,0.70929,-0.04780,-0.04871,
1560025137505186816,2.16646,-12.76038,-0.02444,0.70083,0.70634,-0.07028,-0.07061,
1560025137605186816,2.14090,-12.80015,-0.02407,0.69889,0.70325,-0.09178,-0.09255,
1560025137705187072,2.11230,-12.83585,-0.02381,0.69592,0.69962,-0.11423,-0.11480,
1560025137805131776,2.08164,-12.86899,-0.02402,0.69162,0.69576,-0.13689,-0.13729,
1560025137905131776,2.05021,-12.89662,-0.02399,0.68681,0.69074,-0.15976,-0.16017,
1560025138005132288,2.01666,-12.92020,-0.02406,0.68100,0.68481,-0.18332,-0.18350,
1560025138105132288,1.98228,-12.93914,-0.02388,0.67458,0.67763,-0.20707,-0.20709,
1560025138205132288,1.94715,-12.95554,-0.02398,0.66727,0.67027,-0.22993,-0.22937,
1560025138305195520,1.91428,-12.96666,-0.02374,0.65968,0.66259,-0.25135,-0.25024,
1560025138405195776,1.88335,-12.97456,-0.02335,0.65141,0.65475,-0.27185,-0.27031,
1560025138505196032,1.85417,-12.97858,-0.02274,0.64307,0.64622,-0.29127,-0.28987,
1560025138605196032,1.82399,-12.98294,-0.02258,0.63420,0.63788,-0.30975,-0.30813,
1560025138805170432,1.76408,-12.98483,-0.02234,0.61597,0.61903,-0.34588,-0.34314,
1560025138905170944,1.73302,-12.98335,-0.02249,0.60570,0.60850,-0.36434,-0.36071,
1560025139105171456,1.67009,-12.97839,-0.02245,0.58400,0.58714,-0.39858,-0.39414,
1560025139205171712,1.63888,-12.97862,-0.02234,0.57475,0.57815,-0.41185,-0.40717,
1560025139405122816,1.57750,-12.98609,-0.02261,0.56322,0.56723,-0.42714,-0.42258,
1560025139605123328,1.51100,-12.99732,-0.02365,0.55538,0.56079,-0.43650,-0.43190,
1560025139805100288,1.43903,-13.00616,-0.02397,0.54802,0.55383,-0.44568,-0.44081,
1560025140005100544,1.36454,-13.01687,-0.02305,0.54429,0.54829,-0.45114,-0.44676,
1560025140305027328,1.24102,-13.03865,-0.02321,0.54171,0.54537,-0.45448,-0.45008,
1560025140405027584,1.19641,-13.04696,-0.02388,0.54129,0.54585,-0.45495,-0.44952,
1560025140605028096,1.10891,-13.06553,-0.02448,0.54103,0.54685,-0.45475,-0.44883,
1560025140805045504,1.02609,-13.09418,-0.02660,0.54504,0.55354,-0.44776,-0.44276,
1560025141005046016,0.94430,-13.11181,-0.02839,0.54576,0.55461,-0.44726,-0.44105,
1560025141105046272,0.90454,-13.12127,-0.02875,0.54542,0.55505,-0.44735,-0.44081,
1560025141305037312,0.82830,-13.13946,-0.02927,0.54544,0.55593,-0.44693,-0.44011,
1560025141505037824,0.75832,-13.15569,-0.02960,0.54658,0.55600,-0.44635,-0.43919,
1560025141705038080,0.69456,-13.17286,-0.02995,0.55007,0.55807,-0.44335,-0.43523,
1560025141805029120,0.66627,-13.18344,-0.02977,0.55252,0.56027,-0.44009,-0.43260,
1560025142038362624,0.59977,-13.20048,-0.03010,0.55122,0.55935,-0.44121,-0.43430,
1560025142205029632,0.55208,-13.21174,-0.02984,0.55101,0.55847,-0.44194,-0.43496,
1560025142304914944,0.52303,-13.21983,-0.02965,0.55149,0.55872,-0.44140,-0.43458,
1560025142538248704,0.45795,-13.24396,-0.02907,0.55687,0.56308,-0.43510,-0.42840,
1560025142704915712,0.41214,-13.26775,-0.02884,0.56196,0.56919,-0.42710,-0.42168,
1560025142805010432,0.38308,-13.28155,-0.02847,0.56617,0.57295,-0.42197,-0.41608,
1560025143005010688,0.32065,-13.30943,-0.02742,0.57221,0.57823,-0.41426,-0.40818,
1560025143105010688,0.28552,-13.32279,-0.02680,0.57361,0.57840,-0.41299,-0.40727,
1560025143205010944,0.24699,-13.33684,-0.02691,0.57346,0.57861,-0.41299,-0.40718,
1560025143304982784,0.20689,-13.35255,-0.02648,0.57358,0.57852,-0.41248,-0.40766,
1560025143504983296,0.11882,-13.38564,-0.02595,0.57435,0.58007,-0.41174,-0.40510,
1560025143604983296,0.07423,-13.40344,-0.02533,0.57484,0.58008,-0.41110,-0.40506,
1560025143704983808,0.02986,-13.42013,-0.02392,0.57546,0.57936,-0.41068,-0.40563,
1560025143804890880,-0.01657,-13.43873,-0.02349,0.57477,0.57929,-0.41056,-0.40683,
1560025143904890880,-0.06244,-13.45668,-0.02282,0.57440,0.57879,-0.41043,-0.40818,
1560025144004891136,-0.10935,-13.47348,-0.02197,0.57433,0.57796,-0.41052,-0.40937,
1560025144104891392,-0.15802,-13.48882,-0.02203,0.57277,0.57729,-0.41245,-0.41056,
1560025144204891648,-0.20655,-13.50389,-0.02158,0.57098,0.57591,-0.41463,-0.41278,
1560025144304880896,-0.25397,-13.51692,-0.02111,0.56943,0.57412,-0.41724,-0.41479,
1560025144404880896,-0.30014,-13.52938,-0.02089,0.56772,0.57237,-0.41981,-0.41695,
1560025144504881152,-0.34499,-13.54162,-0.02075,0.56637,0.57080,-0.42203,-0.41869,
1560025144604881408,-0.38833,-13.55518,-0.02071,0.56514,0.57011,-0.42334,-0.41998,
1560025144704881664,-0.43101,-13.56901,-0.02055,0.56468,0.57011,-0.42359,-0.42033,
1560025144804900864,-0.47277,-13.58347,-0.02105,0.56409,0.57103,-0.42353,-0.41995,
1560025144904901120,-0.51449,-13.59793,-0.02134,0.56349,0.57164,-0.42356,-0.41988,
1560025145004901376,-0.55444,-13.61182,-0.02117,0.56325,0.57169,-0.42335,-0.42035,
1560025145104901376,-0.59309,-13.62504,-0.02046,0.56293,0.57198,-0.42315,-0.42059,
1560025145204901632,-0.62953,-13.63681,-0.02062,0.56346,0.57224,-0.42292,-0.41975,
1560025145304826624,-0.66215,-13.64711,-0.02035,0.56459,0.57252,-0.42222,-0.41856,
1560025145404826624,-0.69300,-13.65891,-0.02038,0.56520,0.57330,-0.42118,-0.41772,
1560025145504826624,-0.72217,-13.66978,-0.02067,0.56555,0.57398,-0.42045,-0.41704,
1560025145604826880,-0.74913,-13.67914,-0.02062,0.56603,0.57421,-0.41996,-0.41657,
1560025145704827136,-0.77406,-13.68834,-0.02102,0.56637,0.57492,-0.41951,-0.41558,
1560025145804809216,-0.79684,-13.69751,-0.02111,0.56706,0.57594,-0.41846,-0.41427,
1560025145904808960,-0.81838,-13.70596,-0.02086,0.56772,0.57679,-0.41754,-0.41313,
1560025146004809472,-0.83775,-13.71361,-0.02084,0.56845,0.57749,-0.41663,-0.41205,
1560025146104809472,-0.85580,-13.71998,-0.02095,0.56868,0.57787,-0.41630,-0.41154,
1560025146204809984,-0.87025,-13.72332,-0.02109,0.56750,0.57672,-0.41797,-0.41308,
1560025146304888832,-0.88260,-13.72536,-0.02134,0.56567,0.57503,-0.42042,-0.41546,
1560025146404888832,-0.89324,-13.72660,-0.02127,0.56370,0.57326,-0.42289,-0.41806,
1560025146604889344,-0.91035,-13.72890,-0.02117,0.56187,0.57083,-0.42592,-0.42077,
1560025146904752128,-0.93434,-13.73047,-0.02159,0.55833,0.56729,-0.43093,-0.42515,
1560025147004752128,-0.94624,-13.72837,-0.02178,0.55453,0.56361,-0.43583,-0.43000,
1560025147104752640,-0.96241,-13.72498,-0.02191,0.54834,0.55774,-0.44349,-0.43768,
1560025147204752640,-0.97982,-13.72263,-0.02209,0.54197,0.55186,-0.45111,-0.44521,
1560025147304843008,-0.99386,-13.72962,-0.02136,0.54389,0.55379,-0.44833,-0.44329,
1560025147404843264,-1.01117,-13.73312,-0.02137,0.54388,0.55394,-0.44842,-0.44302,
1560025147504843520,-1.02756,-13.73494,-0.02130,0.54342,0.55279,-0.44911,-0.44432,
1560025147604843520,-1.04298,-13.73753,-0.02083,0.54291,0.55170,-0.44966,-0.44573,
1560025147704843776,-1.05834,-13.73929,-0.02050,0.54166,0.55037,-0.45102,-0.44752,
1560025147804777728,-1.07376,-13.73933,-0.02027,0.53940,0.54798,-0.45378,-0.45039,
1560025147904777728,-1.08564,-13.73936,-0.01999,0.53817,0.54606,-0.45568,-0.45227,
1560025148004778240,-1.09289,-13.73917,-0.01965,0.53744,0.54465,-0.45676,-0.45373,
1560025148404790528,-1.09729,-13.74364,-0.01973,0.54013,0.54766,-0.45344,-0.45024,
1560025148504790528,-1.10236,-13.74989,-0.01957,0.54451,0.55162,-0.44815,-0.44541,
1560025148604790784,-1.10677,-13.75743,-0.01944,0.54986,0.55672,-0.44138,-0.43920,
1560025148704791040,-1.10916,-13.76293,-0.01945,0.55421,0.56110,-0.43564,-0.43385,
1560025148804720640,-1.11251,-13.76053,-0.01957,0.55300,0.55998,-0.43719,-0.43529,
1560025148904720896,-1.11628,-13.75114,-0.01947,0.54644,0.55309,-0.44573,-0.44365,
1560025149004721152,-1.11899,-13.74010,-0.01913,0.53767,0.54378,-0.45664,-0.45463,
1560025149104721664,-1.11775,-13.73461,-0.01884,0.53345,0.53920,-0.46198,-0.45965,
1560025149304653056,-1.12049,-13.73894,-0.01923,0.53511,0.54182,-0.45974,-0.45687,
1560025149604653312,-1.11679,-13.74129,-0.01899,0.53761,0.54351,-0.45697,-0.45469,
1560025149704653568,-1.10774,-13.74352,-0.01896,0.54063,0.54659,-0.45338,-0.45100,
1560025149804702976,-1.09501,-13.74881,-0.01949,0.54597,0.55283,-0.44642,-0.44385,
1560025149904702976,-1.07987,-13.75400,-0.02000,0.55235,0.56027,-0.43784,-0.43509,
1560025150004702976,-1.06668,-13.75512,-0.02043,0.55645,0.56532,-0.43211,-0.42901,
1560025150204703744,-1.05570,-13.73751,-0.02081,0.54885,0.55767,-0.44225,-0.43839,
1560025150304632832,-1.05228,-13.72458,-0.02094,0.54026,0.54895,-0.45322,-0.44874,
1560025150404632832,-1.04800,-13.71428,-0.02119,0.53261,0.54163,-0.46250,-0.45722,
1560025150804641280,-1.06932,-13.71581,-0.02068,0.53079,0.53976,-0.46470,-0.45931,
1560025150904641536,-1.08338,-13.71571,-0.02037,0.52914,0.53728,-0.46692,-0.46187,
1560025151004641792,-1.09923,-13.71438,-0.01990,0.52660,0.53342,-0.47016,-0.46595,
1560025151104642048,-1.11654,-13.71313,-0.01968,0.52326,0.52971,-0.47385,-0.47018,
1560025151204642048,-1.13367,-13.71203,-0.01937,0.51988,0.52615,-0.47746,-0.47426,
1560025151304587008,-1.15089,-13.70899,-0.01897,0.51597,0.52171,-0.48197,-0.47885,
1560025151404587264,-1.16752,-13.70459,-0.01834,0.51182,0.51672,-0.48667,-0.48394,
1560025151504587520,-1.18355,-13.69993,-0.01783,0.50722,0.51158,-0.49162,-0.48921,
1560025151604587264,-1.19808,-13.69526,-0.01774,0.50244,0.50648,-0.49659,-0.49440,
1560025151704588032,-1.21185,-13.69146,-0.01765,0.49793,0.50205,-0.50103,-0.49897,
1560025151804636672,-1.22508,-13.68639,-0.01744,-0.49255,-0.49680,0.50621,0.50431,
1560025151904636928,-1.23848,-13.68025,-0.01737,-0.48707,-0.49121,0.51159,0.50965,
1560025152004637184,-1.25292,-13.67379,-0.01737,-0.48187,-0.48610,0.51645,0.51458,
1560025152104637440,-1.26891,-13.66477,-0.01716,-0.47489,-0.47904,0.52291,0.52111,
1560025152204637440,-1.28694,-13.65434,-0.01699,-0.46689,-0.47092,0.53017,0.52837,
1560025152304545792,-1.30494,-13.64304,-0.01697,-0.45775,-0.46203,0.53803,0.53621,
1560025152404545792,-1.32237,-13.63046,-0.01723,-0.44749,-0.45250,0.54663,0.54424,
1560025152504546048,-1.33761,-13.61789,-0.01740,-0.43722,-0.44262,0.55485,0.55233,
1560025152604546304,-1.35152,-13.60502,-0.01737,-0.42717,-0.43283,0.56264,0.56001,
1560025152704546816,-1.36536,-13.59181,-0.01724,-0.41699,-0.42282,0.57029,0.56755,
1560025152804542720,-1.37900,-13.57774,-0.01721,-0.40671,-0.41254,0.57772,0.57501,
1560025152904542720,-1.39264,-13.56297,-0.01695,-0.39658,-0.40222,0.58482,0.58218,
1560025153004542976,-1.40597,-13.54737,-0.01649,-0.38582,-0.39136,0.59188,0.58962,
1560025153104543232,-1.41963,-13.52979,-0.01664,-0.37404,-0.37980,0.59959,0.59694,
1560025153204543232,-1.43271,-13.51102,-0.01624,-0.36207,-0.36747,0.60712,0.60438,
1560025153304550400,-1.44513,-13.49047,-0.01598,-0.34915,-0.35406,0.61497,0.61200,
1560025153404550656,-1.45661,-13.46849,-0.01560,-0.33564,-0.33982,0.62288,0.61959,
1560025153504550912,-1.46790,-13.44575,-0.01534,-0.32150,-0.32529,0.63064,0.62699,
1560025153604551168,-1.47823,-13.42142,-0.01520,-0.30679,-0.30986,0.63826,0.63442,
1560025153704551168,-1.48819,-13.39584,-0.01482,-0.29118,-0.29381,0.64591,0.64163,
1560025153804505088,-1.49657,-13.36859,-0.01424,-0.27445,-0.27642,0.65372,0.64879,
1560025153904505344,-1.50417,-13.34047,-0.01392,-0.25683,-0.25840,0.66091,0.65610,
1560025154004505600,-1.51194,-13.31031,-0.01445,-0.23831,-0.24016,0.66829,0.66251,
1560025154104505856,-1.51844,-13.27987,-0.01467,-0.22074,-0.22207,0.67460,0.66849,
1560025154237839360,-1.52486,-13.23873,-0.01471,-0.19752,-0.19794,0.68224,0.67554,
1560025154337804288,-1.52907,-13.20666,-0.01458,-0.17986,-0.17958,0.68720,0.68056,
1560025154404471040,-1.53155,-13.18529,-0.01472,-0.16786,-0.16740,0.69044,0.68344,
1560025154504471296,-1.53573,-13.15127,-0.01498,-0.15000,-0.14988,0.69471,0.68733,
1560025154704471296,-1.54291,-13.07860,-0.01580,-0.11977,-0.11889,0.70112,0.69278,
1560025154804496640,-1.54595,-13.04105,-0.01596,-0.10720,-0.10565,0.70335,0.69473,
1560025154904497152,-1.55092,-13.00406,-0.01555,-0.09601,-0.09458,0.70490,0.69638,
1560025155104497664,-1.56393,-12.92645,-0.01465,-0.08160,-0.07970,0.70666,0.69830,
1560025155304470784,-1.58150,-12.83989,-0.01421,-0.07677,-0.07350,0.70753,0.69864,
1560025155404470784,-1.59102,-12.79241,-0.01319,-0.07501,-0.07160,0.70754,0.69903,
1560025155504471040,-1.59979,-12.74041,-0.01321,-0.07314,-0.06945,0.70809,0.69888,
1560025155704471296,-1.61934,-12.63359,-0.01219,-0.06938,-0.06517,0.70898,0.69877,
1560025155804428288,-1.63059,-12.57776,-0.01179,-0.06729,-0.06326,0.70897,0.69917,
1560025156004428544,-1.65325,-12.46495,-0.01235,-0.06330,-0.05981,0.70960,0.69920,
1560025156204428800,-1.67461,-12.34723,-0.01387,-0.06013,-0.05647,0.71047,0.69887,
1560025156304437248,-1.68680,-12.28549,-0.01386,-0.05944,-0.05607,0.71057,0.69887,
1560025156504437760,-1.71045,-12.16206,-0.01359,-0.05998,-0.05627,0.71068,0.69869,
1560025156604438016,-1.72237,-12.10241,-0.01315,-0.06094,-0.05695,0.71023,0.69901,
1560025156804362496,-1.74829,-11.98367,-0.01386,-0.06279,-0.05949,0.70959,0.69928,
1560025156904362752,-1.76301,-11.92365,-0.01491,-0.06420,-0.06181,0.70932,0.69923,
1560025157204363264,-1.80818,-11.73225,-0.01623,-0.07023,-0.06893,0.70830,0.69902,
1560025157304326144,-1.82323,-11.66985,-0.01696,-0.07160,-0.07074,0.70843,0.69857,
1560025157504326400,-1.85702,-11.54255,-0.01866,-0.07404,-0.07476,0.70849,0.69783,
1560025157704326912,-1.88922,-11.41449,-0.01957,-0.08389,-0.07998,0.70830,0.69633,
1560025157904391680,-1.92916,-11.29151,-0.01731,-0.09204,-0.08752,0.70527,0.69747,
1560025158104392192,-1.96585,-11.16515,-0.01673,-0.09231,-0.08763,0.70458,0.69811,
1560025158304329216,-2.00156,-11.03002,-0.01737,-0.08802,-0.08427,0.70628,0.69737,
1560025158504329984,-2.03591,-10.90051,-0.01886,-0.08355,-0.08064,0.70793,0.69667,
1560025158737663488,-2.07281,-10.74619,-0.02130,-0.07827,-0.07635,0.71016,0.69550,
1560025159004284416,-2.11070,-10.57534,-0.01998,-0.07654,-0.07271,0.70904,0.69722,
1560025159204284928,-2.13807,-10.44853,-0.01867,-0.07594,-0.07025,0.70786,0.69873,
1560025159304239616,-2.15187,-10.38618,-0.01803,-0.07482,-0.06902,0.70781,0.69903,
1560025159404239872,-2.16534,-10.32369,-0.01710,-0.07311,-0.06819,0.70758,0.69952,
1560025159604240128,-2.18620,-10.20527,-0.01633,-0.06962,-0.06433,0.70719,0.70064,
1560025159704240640,-2.19505,-10.14922,-0.01665,-0.06539,-0.06078,0.70776,0.70079,
1560025159904243968,-2.20346,-10.04190,-0.01709,-0.05143,-0.04733,0.70915,0.70159,
1560025160137577472,-2.19628,-9.91846,-0.01813,-0.02191,-0.01842,0.71130,0.70230,
1560025160304235008,-2.17805,-9.83447,-0.01872,0.00544,0.00992,0.71167,0.70242,
1560025160404235008,-2.16284,-9.78901,-0.01965,0.02427,0.02862,0.71150,0.70168,
1560025160604235776,-2.12057,-9.70871,-0.02085,0.06778,0.07196,0.70828,0.69898,
1560025160804259072,-2.06566,-9.63724,-0.02138,0.11586,0.11971,0.70263,0.69177,
1560025160904259328,-2.03473,-9.60651,-0.02044,0.13985,0.14396,0.69779,0.68761,
1560025161104259840,-1.97223,-9.55448,-0.01979,0.18411,0.18865,0.68680,0.67736,
1560025161304200960,-1.91160,-9.51521,-0.02009,0.22306,0.22763,0.67466,0.66578,
1560025161504201216,-1.85171,-9.48285,-0.02151,0.25699,0.26237,0.66231,0.65304,
1560025161704201728,-1.79646,-9.45984,-0.02400,0.28711,0.29272,0.64962,0.64022,
1560025161804231424,-1.77000,-9.45063,-0.02475,0.30062,0.30632,0.64334,0.63396,
1560025162104231936,-1.70437,-9.41696,-0.02661,0.32265,0.32875,0.63233,0.62288,
1560025162304293120,-1.66756,-9.38576,-0.02658,0.32042,0.32724,0.63330,0.62384,
1560025162604293632,-1.61060,-9.34105,-0.02787,0.31816,0.32536,0.63409,0.62517,
1560025162804168960,-1.57165,-9.31200,-0.02792,0.31828,0.32550,0.63404,0.62509,
1560025162937502720,-1.54500,-9.29107,-0.02788,0.31726,0.32459,0.63450,0.62562,
1560025163104169728,-1.51225,-9.26475,-0.02787,0.31731,0.32455,0.63437,0.62575,
1560025163304135680,-1.47285,-9.23180,-0.02807,0.31502,0.32255,0.63563,0.62665,
1560025163504136192,-1.43440,-9.20033,-0.02847,0.31378,0.32164,0.63638,0.62698,
1560025163704136448,-1.39964,-9.17252,-0.02827,0.31241,0.32065,0.63705,0.62750,
1560025163904098816,-1.37094,-9.14828,-0.02774,0.31187,0.31976,0.63697,0.62830,
1560025164104099072,-1.34706,-9.12894,-0.02838,0.31099,0.31866,0.63726,0.62899,
1560025164304106240,-1.32719,-9.11252,-0.02777,0.31057,0.31803,0.63753,0.62925,
1560025164504106752,-1.31262,-9.10041,-0.02810,0.31015,0.31748,0.63773,0.62954,
1560025164837361664,-1.29548,-9.08562,-0.02847,0.30977,0.31702,0.63791,0.62977,
1560025165504000000,-1.27687,-9.06823,-0.02917,0.30964,0.31641,0.63808,0.62997,
1560025165704000512,-1.25931,-9.05197,-0.02926,0.30903,0.31539,0.63865,0.63020,
1560025165903983104,-1.23424,-9.02879,-0.02915,0.30686,0.31304,0.63971,0.63136,
1560025166037316608,-1.21388,-9.00978,-0.02911,0.30531,0.31130,0.64051,0.63216,
1560025166203983616,-1.18427,-8.98273,-0.02970,0.30323,0.30913,0.64163,0.63309,
1560025166337364480,-1.15737,-8.95780,-0.03002,0.30150,0.30737,0.64250,0.63389,
1560025166604031744,-1.09744,-8.90318,-0.03129,0.29873,0.30537,0.64426,0.63438,
1560025166704032000,-1.07290,-8.88021,-0.03205,0.29735,0.30433,0.64503,0.63475,
1560025166904000000,-1.02073,-8.83110,-0.03401,0.29409,0.30225,0.64688,0.63537,
1560025167104000256,-0.96851,-8.78073,-0.03487,0.29165,0.29990,0.64823,0.63624,
1560025167303930112,-0.91773,-8.73233,-0.03494,0.28968,0.29869,0.64918,0.63674,
1560025167503930112,-0.87406,-8.69120,-0.03351,0.28581,0.29546,0.64927,0.63989,
1560025167737263872,-0.82966,-8.65113,-0.03294,0.28193,0.29284,0.65001,0.64207,
1560025167837337344,-0.81684,-8.64265,-0.03092,0.28636,0.29536,0.64663,0.64236,
1560025168004004352,-0.79475,-8.62370,-0.03105,0.28993,0.29802,0.64501,0.64116,
1560025168204004608,-0.76631,-8.59843,-0.03031,0.29275,0.29881,0.64448,0.64004,
1560025168437218304,-0.73390,-8.58751,-0.02864,0.31741,0.31837,0.63357,0.62966,
1560025168603885056,-0.71556,-8.57557,-0.02886,0.32614,0.32573,0.63015,0.62485,
1560025168803843584,-0.69675,-8.55752,-0.02980,0.31049,0.31661,0.63551,0.63205,
1560025169003844096,-0.68155,-8.53142,-0.02936,0.29496,0.30098,0.64220,0.64030,
1560025169203844352,-0.65524,-8.50077,-0.03123,0.28806,0.29451,0.64627,0.64236,
1560025169437208320,-0.63048,-8.46002,-0.03120,0.27563,0.28160,0.65219,0.64760,
1560025169637208576,-0.61216,-8.42386,-0.03087,0.26313,0.26865,0.65761,0.65279,
1560025169803883264,-0.59561,-8.39276,-0.03329,0.25245,0.25950,0.66408,0.65417,
1560025170003883776,-0.59154,-8.36595,-0.03578,0.23560,0.24489,0.67368,0.65626,
1560025170103883776,-0.59967,-8.35842,-0.03447,0.22450,0.23203,0.67607,0.66234,
1560025170303790848,-0.61696,-8.34169,-0.03253,0.19734,0.20223,0.68158,0.67498,
1560025170503791104,-0.62487,-8.32730,-0.03284,0.17955,0.18360,0.68517,0.68161,
1560025170637124864,-0.62882,-8.31799,-0.03377,0.16937,0.17360,0.68821,0.68377,
1560025170803768064,-0.63466,-8.30758,-0.03361,0.15706,0.16119,0.69123,0.68670,
1560025171003768320,-0.64335,-8.29148,-0.03405,0.13963,0.14373,0.69517,0.69035,
1560025171203768832,-0.65589,-8.26996,-0.03434,0.11793,0.12174,0.69925,0.69449,
1560025171403793152,-0.67287,-8.24653,-0.03402,0.09018,0.09332,0.70357,0.69867,
1560025171503793408,-0.68191,-8.23531,-0.03410,0.07620,0.07904,0.70533,0.70032,
1560025171703793664,-0.69857,-8.21523,-0.03463,0.04999,0.05279,0.70791,0.70255,
1560025171803809792,-0.70485,-8.20773,-0.03460,0.04005,0.04264,0.70854,0.70324,
1560025172003810304,-0.71465,-8.19656,-0.03450,0.02559,0.02812,0.70939,0.70379,
1560025172103810560,-0.71867,-8.19233,-0.03445,0.02010,0.02265,0.70960,0.70396,
1560025172303762688,-0.72733,-8.18417,-0.03442,0.00906,0.01150,0.70997,0.70408,
1560025172403762944,-0.73144,-8.18004,-0.03433,0.00323,0.00565,0.71009,0.70408,
1560025172503762944,-0.73455,-8.17634,-0.03442,-0.00146,0.00094,0.71021,0.70399,
1560025172803750400,-0.73721,-8.17057,-0.03439,-0.00509,-0.00253,0.71035,0.70383,
1560025173203751168,-0.73472,-8.17448,-0.03433,-0.00150,0.00085,0.71017,0.70403,
1560025173303705088,-0.73178,-8.17943,-0.03451,0.00323,0.00540,0.70998,0.70420,
1560025173403705088,-0.72927,-8.18541,-0.03467,0.00702,0.00912,0.70991,0.70420,
1560025173603705600,-0.72692,-8.19186,-0.03479,0.01064,0.01261,0.70985,0.70416,
1560025173703705856,-0.72439,-8.19272,-0.03473,0.01395,0.01595,0.70981,0.70407,
1560025173903636992,-0.71805,-8.19829,-0.03467,0.02235,0.02433,0.70949,0.70394,
1560025174003637248,-0.71486,-8.20181,-0.03474,0.02681,0.02883,0.70923,0.70388,
1560025174203637248,-0.70915,-8.20949,-0.03491,0.03485,0.03687,0.70881,0.70358,
1560025174303642624,-0.70687,-8.21260,-0.03497,0.03834,0.04034,0.70866,0.70335,
1560025174603643136,-0.70304,-8.21673,-0.03483,0.04484,0.04707,0.70837,0.70284,
1560025175103620352,-0.70327,-8.20257,-0.03474,0.04195,0.04470,0.70872,0.70282,
1560025175203620608,-0.70642,-8.19789,-0.03488,0.03654,0.03923,0.70904,0.70313,
1560025175503568384,-0.69050,-8.18432,-0.03387,0.04136,0.04870,0.70822,0.70309,
1560025175603568640,-0.67758,-8.17649,-0.03302,0.05071,0.06064,0.70720,0.70258,
1560025175703568896,-0.67054,-8.16634,-0.03250,0.05765,0.06844,0.70627,0.70227,
1560025175903595264,-0.66572,-8.13655,-0.03290,0.06350,0.07231,0.70584,0.70180,
1560025176003595264,-0.66618,-8.11396,-0.03475,0.07233,0.07478,0.70616,0.70036,
1560025176203595520,-0.65438,-8.06325,-0.03795,0.07714,0.08021,0.71014,0.69521,
1560025176303590912,-0.65566,-8.04071,-0.03899,0.07062,0.07412,0.71328,0.69336,
1560025176403591424,-0.65703,-8.02381,-0.03832,0.06473,0.06828,0.71366,0.69415,
1560025176603592192,-0.65644,-7.98875,-0.03613,0.05824,0.06125,0.71003,0.69908,
1560025176703591936,-0.65597,-7.96986,-0.03495,0.05523,0.05807,0.70877,0.70088,
1560025176803520256,-0.65587,-7.94604,-0.03573,0.05067,0.05389,0.71037,0.69994,
1560025176936853760,-0.65889,-7.91598,-0.03558,0.04182,0.04528,0.71067,0.70082,
1560025177003520768,-0.66153,-7.89947,-0.03613,0.03607,0.03976,0.71133,0.70081,
1560025177136854272,-0.67009,-7.86810,-0.03650,0.02236,0.02610,0.71209,0.70125,
1560025177303502592,-0.68416,-7.82803,-0.03615,0.00218,0.00600,0.71225,0.70190,
1560025177403502592,-0.69352,-7.80338,-0.03620,-0.01108,-0.00685,0.71257,0.70147,
1560025177503502848,-0.70293,-7.78084,-0.03542,-0.02281,-0.01830,0.71218,0.70139,
1560025177603503104,-0.71207,-7.76069,-0.03496,-0.03369,-0.02899,0.71157,0.70120,
1560025177703503104,-0.72107,-7.74235,-0.03470,-0.04400,-0.03912,0.71082,0.70090,
1560025177836837888,-0.73274,-7.72010,-0.03472,-0.05564,-0.05104,0.70999,0.70015,
1560025177903504640,-0.73848,-7.71016,-0.03436,-0.06098,-0.05643,0.70933,0.69996,
1560025178003504896,-0.74636,-7.69607,-0.03455,-0.06844,-0.06387,0.70873,0.69924,
1560025178103505152,-0.75432,-7.68386,-0.03473,-0.07463,-0.07053,0.70808,0.69862,
1560025178203505152,-0.76016,-7.67549,-0.03433,-0.07835,-0.07516,0.70701,0.69882,
1560025178303473664,-0.76440,-7.66795,-0.03407,-0.08097,-0.07825,0.70658,0.69861,
1560025178503474176,-0.77294,-7.65290,-0.03392,-0.08633,-0.08435,0.70575,0.69810,
1560025178603474432,-0.78006,-7.64316,-0.03355,-0.09068,-0.08908,0.70486,0.69787,
1560025178703474432,-0.78922,-7.63051,-0.03373,-0.09630,-0.09519,0.70392,0.69725,
1560025178803531776,-0.80091,-7.61479,-0.03391,-0.10327,-0.10266,0.70242,0.69671,
1560025178903532288,-0.81450,-7.59630,-0.03389,-0.11194,-0.11152,0.70079,0.69565,
1560025179003532288,-0.83070,-7.57603,-0.03361,-0.12190,-0.12178,0.69872,0.69433,
1560025179103532800,-0.84864,-7.55440,-0.03307,-0.13326,-0.13324,0.69643,0.69244,
1560025179303504384,-0.89133,-7.51249,-0.03370,-0.15955,-0.16003,0.69134,0.68628,
1560025179403504640,-0.91502,-7.49422,-0.03416,-0.17439,-0.17516,0.68797,0.68235,
1560025179503504896,-0.94009,-7.47782,-0.03453,-0.19011,-0.19120,0.68390,0.67793,
1560025179703505152,-0.98630,-7.44606,-0.03530,-0.21668,-0.21835,0.67635,0.66927,
1560025179803458048,-1.00530,-7.42845,-0.03553,-0.22484,-0.22654,0.67373,0.66649,
1560025180003458560,-1.04113,-7.38600,-0.03619,-0.22993,-0.23156,0.67196,0.66482,
1560025180103458560,-1.06010,-7.36274,-0.03614,-0.23002,-0.23175,0.67190,0.66478,
1560025180236792320,-1.08436,-7.33256,-0.03636,-0.22968,-0.23180,0.67188,0.66490,
1560025180403450880,-1.11229,-7.29435,-0.03646,-0.22931,-0.23044,0.67230,0.66507,
1560025180603451392,-1.14649,-7.25014,-0.03626,-0.22991,-0.23018,0.67252,0.66474,
1560025180803392768,-1.18199,-7.20444,-0.03684,-0.22992,-0.22970,0.67320,0.66421,
1560025181003393536,-1.21808,-7.15916,-0.03696,-0.22955,-0.22941,0.67373,0.66390,
1560025181203393536,-1.25168,-7.11579,-0.03643,-0.23009,-0.22936,0.67373,0.66373,
1560025181403367168,-1.28432,-7.07234,-0.03649,-0.22955,-0.22825,0.67403,0.66399,
1560025181603367168,-1.31578,-7.02806,-0.03695,-0.22692,-0.22509,0.67543,0.66456,
1560025181703367424,-1.33118,-7.00531,-0.03737,-0.22477,-0.22286,0.67651,0.66494,
1560025181903440640,-1.35989,-6.95752,-0.03793,-0.21606,-0.21460,0.67944,0.66755,
1560025182203441408,-1.39417,-6.87911,-0.03886,-0.19494,-0.19313,0.68658,0.67328,
1560025182403355648,-1.41435,-6.82780,-0.03890,-0.17976,-0.17843,0.69064,0.67740,
1560025182603355904,-1.42934,-6.78047,-0.03830,-0.16694,-0.16484,0.69319,0.68151,
1560025182903329024,-1.45001,-6.71019,-0.03823,-0.14756,-0.14569,0.69723,0.68620,
1560025183103329536,-1.46218,-6.66513,-0.03736,-0.13589,-0.13435,0.69926,0.68886,
1560025183403303680,-1.47321,-6.60431,-0.03615,-0.12009,-0.11732,0.70124,0.69287,
1560025183803279616,-1.48962,-6.52884,-0.03513,-0.10699,-0.10327,0.70255,0.69593,
1560025184003279872,-1.49797,-6.49028,-0.03450,-0.10150,-0.09742,0.70278,0.69736,
1560025184203280128,-1.50788,-6.44685,-0.03481,-0.09700,-0.09256,0.70389,0.69754,
1560025184403286272,-1.52003,-6.39829,-0.03554,-0.09471,-0.08980,0.70551,0.69658,
1560025184836538368,-1.54447,-6.28696,-0.03560,-0.08687,-0.08200,0.70619,0.69787,
1560025185003205376,-1.54985,-6.24138,-0.03580,-0.08022,-0.07514,0.70718,0.69844,
1560025185303172608,-1.55882,-6.16217,-0.03711,-0.06519,-0.06111,0.70877,0.69976,
1560025185503173120,-1.56252,-6.10597,-0.03841,-0.05402,-0.05090,0.70981,0.70047,
1560025185803284224,-1.56287,-6.00862,-0.03849,-0.03563,-0.03267,0.71093,0.70160,
1560025186003284480,-1.56226,-5.93419,-0.03852,-0.02356,-0.02016,0.71150,0.70201,
1560025186303121920,-1.55665,-5.80970,-0.03855,-0.00369,-0.00030,0.71181,0.70237,
1560025186603122944,-1.54679,-5.67551,-0.03911,0.01152,0.01606,0.71055,0.70337,
1560025186803156992,-1.54135,-5.58500,-0.04007,0.01813,0.02294,0.71025,0.70334,
1560025187103157760,-1.53322,-5.44501,-0.04015,0.02655,0.02968,0.71013,0.70294,
1560025187403141376,-1.51809,-5.29841,-0.03988,0.03820,0.03968,0.71036,0.70168,
1560025187703142144,-1.49454,-5.14416,-0.04023,0.04914,0.05056,0.71031,0.70034,
1560025187903180544,-1.47595,-5.03544,-0.04096,0.05566,0.05785,0.70979,0.69982,
1560025188203181312,-1.44144,-4.86485,-0.04230,0.06467,0.06888,0.70926,0.69859,
1560025188503090432,-1.39723,-4.68289,-0.04321,0.07385,0.08046,0.70853,0.69718,
1560025188803033344,-1.34869,-4.50242,-0.04156,0.09104,0.09543,0.70489,0.69694,
1560025189103034368,-1.28474,-4.32366,-0.04148,0.11000,0.11506,0.70222,0.69394,
1560025189303045888,-1.23737,-4.21273,-0.04121,0.12447,0.12967,0.69962,0.69153,
1560025189603046400,-1.15419,-4.05114,-0.04198,0.14856,0.15410,0.69561,0.68579,
1560025189802981888,-1.08251,-3.95132,-0.04209,0.17516,0.18132,0.68948,0.67902,
1560025190102982656,-0.95074,-3.81111,-0.04268,0.22368,0.22967,0.67513,0.66439,
1560025190302988032,-0.85212,-3.72016,-0.04364,0.25093,0.25756,0.66505,0.65452,
1560025190602988544,-0.71212,-3.58712,-0.04386,0.27346,0.27882,0.65527,0.64661,
1560025190803032320,-0.62501,-3.49595,-0.04448,0.27595,0.27980,0.65429,0.64612,
1560025191003033088,-0.54531,-3.40019,-0.04586,0.26740,0.27093,0.65793,0.64979,
1560025191203033344,-0.46725,-3.29692,-0.04657,0.25137,0.25661,0.66435,0.65544,
1560025191402976000,-0.39543,-3.18786,-0.04572,0.23539,0.23994,0.67007,0.66184,
1560025191602976256,-0.33016,-3.07725,-0.04323,0.21635,0.22107,0.67522,0.66962,
1560025191802976768,-0.28051,-2.96425,-0.04344,0.19259,0.19740,0.68229,0.67706,
1560025192002156800,-0.24287,-2.84559,-0.04399,0.16333,0.16914,0.69101,0.68354,
1560025192102156800,-0.23124,-2.78491,-0.04402,0.14551,0.15127,0.69471,0.68799,
1560025192302157056,-0.22320,-2.66073,-0.04441,0.10638,0.11002,0.70151,0.69604,
1560025192502914048,-0.22835,-2.53535,-0.04584,0.06878,0.06960,0.70748,0.69993,
1560025192602914048,-0.23198,-2.47446,-0.04664,0.05226,0.05233,0.70954,0.70077,
1560025192802914560,-0.23977,-2.35138,-0.04643,0.02433,0.02490,0.71138,0.70195,
1560025192902844672,-0.24532,-2.29075,-0.04629,0.01459,0.01468,0.71157,0.70231,
1560025193102845184,-0.25689,-2.16957,-0.04662,-0.00298,-0.00215,0.71168,0.70249,
1560025193302845696,-0.27115,-2.04452,-0.04664,-0.01291,-0.01247,0.71154,0.70242,
1560025193502813184,-0.29317,-1.91714,-0.04663,-0.02401,-0.02421,0.71136,0.70200,
1560025193702813184,-0.31706,-1.79171,-0.04605,-0.03423,-0.03505,0.71039,0.70210,
1560025193902814976,-0.33502,-1.66794,-0.04411,-0.04099,-0.03989,0.70887,0.70301,
1560025194102815488,-0.35417,-1.54113,-0.04244,-0.04370,-0.04200,0.70840,0.70320,
1560025194302815744,-0.37320,-1.41490,-0.04224,-0.04447,-0.04304,0.70933,0.70215,
1560025194502864640,-0.39047,-1.29297,-0.04236,-0.04335,-0.04165,0.70964,0.70200,
1560025194702864896,-0.40637,-1.16750,-0.04255,-0.04135,-0.03917,0.71008,0.70182,
1560025194802865152,-0.41452,-1.10604,-0.04263,-0.04024,-0.03785,0.71042,0.70161,
1560025195002811648,-0.42969,-0.98061,-0.04235,-0.03838,-0.03563,0.71115,0.70109,
1560025195102812160,-0.43740,-0.91570,-0.04198,-0.03707,-0.03420,0.71139,0.70098,
1560025195302812672,-0.45148,-0.78274,-0.04122,-0.03448,-0.03124,0.71168,0.70096,
1560025195502770944,-0.46414,-0.65183,-0.04021,-0.03097,-0.02826,0.71116,0.70178,
1560025195602771200,-0.47127,-0.58660,-0.04138,-0.02925,-0.02721,0.71166,0.70138,
1560025195702771456,-0.47692,-0.52631,-0.04017,-0.02869,-0.02659,0.71074,0.70237,
1560025195802771456,-0.48507,-0.46576,-0.04028,-0.02565,-0.02623,0.71083,0.70241,
1560025195902767872,-0.48717,-0.40543,-0.04005,-0.02563,-0.02448,0.71045,0.70286,
1560025196002768128,-0.49152,-0.34699,-0.03974,-0.02661,-0.02441,0.70967,0.70360,
1560025196202768640,-0.50284,-0.22896,-0.04073,-0.02767,-0.02533,0.71081,0.70238,
1560025196302768384,-0.50670,-0.17226,-0.04086,-0.02970,-0.02576,0.71111,0.70198,
1560025196402653184,-0.51208,-0.11849,-0.04120,-0.03141,-0.02652,0.71101,0.70198,
1560025196502653952,-0.51841,-0.06709,-0.04134,-0.03245,-0.02725,0.71146,0.70145,
1560025196702654208,-0.53024,0.02824,-0.03908,-0.03275,-0.02776,0.71008,0.70281,
1560025196802654208,-0.53463,0.07344,-0.03912,-0.03336,-0.02771,0.71017,0.70269,
1560025196902712064,-0.53859,0.11520,-0.03892,-0.03496,-0.02792,0.71012,0.70265,
1560025197002712576,-0.54332,0.15445,-0.03897,-0.03620,-0.02864,0.71029,0.70239,
1560025197102712320,-0.54800,0.18783,-0.03840,-0.03693,-0.02929,0.70999,0.70263,
1560025197302712832,-0.55670,0.23860,-0.03657,-0.03725,-0.03059,0.70898,0.70358,
1560025197402725632,-0.55953,0.25497,-0.03631,-0.03817,-0.03154,0.70868,0.70379,
1560025197602725888,-0.56272,0.27488,-0.03621,-0.03859,-0.03222,0.70860,0.70382,
