1403638149745096960,0.31759,0.06459,0.32819,-0.00838,0.81446,0.02696,0.57953,0.20530,0.13372,-0.01136,
1403638149845096960,0.34704,0.07656,0.34120,-0.01170,0.81507,0.03158,0.57838,0.21102,0.14285,-0.03228,
1403638149945096960,0.36839,0.08518,0.34267,-0.01418,0.81531,0.03509,0.57779,0.21109,0.15182,-0.06554,
1403638150045097216,0.37709,0.09970,0.33793,-0.01176,0.81509,0.04075,0.57778,0.19849,0.15205,-0.10971,
1403638150145096960,0.38486,0.11392,0.33190,-0.00574,0.81511,0.04802,0.57728,0.19345,0.18015,-0.16367,
1403638150245096960,0.39223,0.13511,0.32109,0.00006,0.81469,0.05357,0.57742,0.18380,0.22523,-0.18636,
1403638150345096960,0.40529,0.16313,0.30936,-0.00035,0.81793,0.05381,0.57280,0.17140,0.28533,-0.23730,
1403638150445096960,0.41981,0.19699,0.29888,-0.00899,0.82437,0.05294,0.56350,0.18759,0.35020,-0.17484,
1403638150545097216,0.43945,0.23771,0.29469,-0.01909,0.82872,0.05643,0.55648,0.21090,0.39285,-0.08218,
1403638150645096960,0.46297,0.28056,0.30125,-0.02687,0.83054,0.06102,0.55295,0.24284,0.41792,0.02687,
1403638150745096960,0.49364,0.32553,0.31214,-0.03194,0.82944,0.06613,0.55375,0.30396,0.43715,0.09906,
1403638150845096960,0.53007,0.37239,0.32558,-0.03632,0.82687,0.07466,0.55624,0.33794,0.46153,0.14647,
1403638150945096960,0.57157,0.42369,0.33631,-0.04024,0.82302,0.08315,0.56045,0.36284,0.47813,0.10418,
1403638151045097216,0.61159,0.47657,0.34279,-0.04575,0.81908,0.09258,0.56431,0.37061,0.50274,0.03570,
1403638151145096960,0.65552,0.53739,0.34281,-0.05279,0.81473,0.10764,0.56731,0.37907,0.54963,-0.01176,
1403638151245096960,0.69385,0.59456,0.33756,-0.06561,0.81259,0.12590,0.56529,0.37360,0.57716,-0.07861,
1403638151345096960,0.73783,0.66537,0.33069,-0.07960,0.81056,0.14573,0.56163,0.37027,0.61928,-0.08468,
1403638151445096960,0.76758,0.71565,0.32346,-0.09681,0.80699,0.16494,0.55874,0.35945,0.63334,-0.02108,
1403638151545097216,0.80247,0.77819,0.32209,-0.11118,0.80290,0.18357,0.55613,0.34120,0.63795,0.02537,
1403638151645096960,0.83764,0.84275,0.32580,-0.12189,0.79949,0.19805,0.55384,0.34953,0.65599,0.07361,
1403638151745096960,0.87304,0.90845,0.33680,-0.12866,0.79703,0.20857,0.55199,0.34872,0.66084,0.17348,
1403638151845096960,0.90690,0.97473,0.35707,-0.13303,0.79605,0.21540,0.54974,0.34415,0.67125,0.24930,
1403638151945096960,0.94215,1.04435,0.38295,-0.13380,0.79554,0.21989,0.54850,0.35722,0.70139,0.28517,
1403638152045097216,0.97758,1.11752,0.40898,-0.13446,0.79570,0.22163,0.54742,0.36030,0.72274,0.24608,
1403638152145096960,1.01231,1.19131,0.43129,-0.13359,0.79545,0.22287,0.54748,0.35732,0.74322,0.19072,
1403638152245096960,1.04243,1.26831,0.44715,-0.13240,0.79516,0.22343,0.54797,0.35047,0.77073,0.11934,
1403638152345096960,1.07224,1.34409,0.45698,-0.12960,0.79436,0.22463,0.54931,0.34681,0.79650,0.05438,
1403638152445096960,1.10336,1.42465,0.45814,-0.12645,0.79459,0.22533,0.54942,0.33473,0.83117,-0.03316,
1403638152545097216,1.12334,1.50645,0.45339,-0.12460,0.79413,0.22609,0.55019,0.31137,0.86879,-0.06173,
1403638152645096960,1.15009,1.59631,0.44539,-0.12712,0.79559,0.22445,0.54818,0.29223,0.91430,-0.09502,
1403638152745096960,1.17758,1.69061,0.44018,-0.13326,0.79556,0.22593,0.54615,0.29886,0.96554,-0.01406,
1403638152845096960,1.20776,1.79060,0.44361,-0.14364,0.79260,0.23008,0.54609,0.31387,1.00637,0.07741,
1403638152945096960,1.23160,1.89216,0.45403,-0.15540,0.78637,0.23812,0.54842,0.30063,1.00792,0.13353,
1403638153045097216,1.25587,1.99304,0.47156,-0.16503,0.78368,0.25050,0.54394,0.29574,1.01762,0.19937,
1403638153145096960,1.27842,2.08900,0.49336,-0.17185,0.78363,0.26178,0.53653,0.29611,1.01312,0.19871,
1403638153245096960,1.30129,2.18464,0.51301,-0.17626,0.78265,0.27036,0.53225,0.31587,1.01132,0.15093,
1403638153345096960,1.32586,2.28021,0.52726,-0.18119,0.78041,0.27997,0.52892,0.31757,1.02128,0.09945,
1403638153445096960,1.35356,2.38122,0.53625,-0.18661,0.77636,0.29317,0.52583,0.32303,1.03154,0.08499,
1403638153545097216,1.38191,2.48468,0.54883,-0.18740,0.77052,0.31194,0.52333,0.32239,1.07202,0.15442,
1403638153645096960,1.40669,2.58827,0.56832,-0.19321,0.76381,0.32989,0.52003,0.30419,1.11872,0.20414,
1403638153745096960,1.43053,2.69175,0.58913,-0.20735,0.75611,0.34396,0.51672,0.29850,1.15310,0.17602,
1403638153845096960,1.45332,2.80568,0.60720,-0.21874,0.74892,0.35575,0.51451,0.27614,1.18310,0.11945,
1403638153945096960,1.47575,2.92261,0.61968,-0.22987,0.74192,0.36198,0.51545,0.25898,1.20339,0.05699,
1403638154045097216,1.49664,3.03980,0.62555,-0.23843,0.73795,0.36501,0.51512,0.23906,1.19457,-0.00578,
1403638154145096960,1.51576,3.15638,0.62596,-0.24292,0.73288,0.36751,0.51847,0.21631,1.19681,-0.03453,
1403638154245096960,1.53418,3.27629,0.62325,-0.24479,0.72772,0.36886,0.52388,0.18637,1.19672,-0.07457,
1403638154345096960,1.54876,3.39425,0.61630,-0.24756,0.72396,0.36766,0.52860,0.14605,1.18208,-0.09672,
1403638154445096960,1.55835,3.50811,0.60458,-0.25145,0.71895,0.36467,0.53563,0.09677,1.15221,-0.14937,
1403638154545097216,1.56376,3.62441,0.59448,-0.25327,0.71806,0.36296,0.53712,0.03618,1.13141,-0.10357,
1403638154645096960,1.56106,3.73452,0.58989,-0.25593,0.71956,0.36544,0.53216,-0.03689,1.09730,-0.03173,
1403638154745096960,1.55424,3.84162,0.59031,-0.25716,0.72103,0.37352,0.52389,-0.08283,1.06493,0.03229,
1403638154845096960,1.54453,3.95019,0.59984,-0.25563,0.71986,0.38354,0.51900,-0.11806,1.05510,0.09270,
1403638154945096960,1.53185,4.05772,0.61646,-0.25536,0.71663,0.39286,0.51662,-0.16420,1.05862,0.19416,
1403638155045097216,1.51281,4.16497,0.63965,-0.26017,0.71095,0.40168,0.51529,-0.22613,1.06121,0.26564,
1403638155145096960,1.48950,4.28025,0.66648,-0.26730,0.70449,0.41048,0.51357,-0.26894,1.06977,0.26087,
1403638155245096960,1.46119,4.39260,0.68870,-0.27562,0.69866,0.41558,0.51303,-0.31005,1.06685,0.19384,
1403638155345096960,1.42724,4.50215,0.70419,-0.28103,0.69184,0.42060,0.51525,-0.36405,1.05977,0.13084,
1403638155445096960,1.38674,4.60955,0.71394,-0.28631,0.68368,0.42835,0.51684,-0.42091,1.04649,0.06434,
1403638155545097216,1.33888,4.71166,0.71658,-0.29598,0.67735,0.43611,0.51324,-0.49445,1.01935,0.00142,
1403638155645096960,1.28514,4.81284,0.71461,-0.31215,0.67021,0.44253,0.50749,-0.56296,0.98580,-0.03262,
1403638155745096960,1.22570,4.90836,0.70873,-0.32882,0.66051,0.45210,0.50121,-0.60810,0.93490,-0.08019,
1403638155845096960,1.16189,5.00061,0.69774,-0.34231,0.65168,0.46572,0.49117,-0.65156,0.87824,-0.12123,
1403638155945096960,1.09542,5.08349,0.68316,-0.35212,0.64509,0.48441,0.47457,-0.68709,0.80795,-0.10927,
1403638156045097216,1.02772,5.16276,0.67416,-0.35946,0.63830,0.50653,0.45475,-0.69545,0.77302,-0.02565,
1403638156145096960,0.95980,5.23916,0.67420,-0.36837,0.62968,0.52582,0.43740,-0.69365,0.75258,0.06716,
1403638156245096960,0.89309,5.31533,0.68259,-0.37807,0.62066,0.54045,0.42397,-0.67401,0.75783,0.12951,
1403638156345096960,0.82829,5.39267,0.69410,-0.38333,0.61379,0.55479,0.41053,-0.64738,0.76319,0.11193,
1403638156445096960,0.76588,5.47056,0.70191,-0.38774,0.60924,0.56378,0.40079,-0.61411,0.77125,0.05028,
1403638156545097216,0.70698,5.55041,0.70296,-0.39066,0.60595,0.56913,0.39535,-0.58294,0.80218,-0.00535,
1403638156645096960,0.65113,5.63202,0.69810,-0.39230,0.60378,0.57187,0.39308,-0.54835,0.83179,-0.06876,
1403638156745096960,0.59844,5.71612,0.68683,-0.39268,0.60282,0.57318,0.39228,-0.52640,0.87835,-0.11765,
1403638156845096960,0.54750,5.80593,0.67271,-0.39165,0.60344,0.57330,0.39217,-0.50304,0.92215,-0.14682,
1403638156945096960,0.49954,5.89761,0.65680,-0.38987,0.60458,0.57286,0.39283,-0.46565,0.92622,-0.13163,
1403638157045097216,0.45319,5.99358,0.64764,-0.38786,0.60707,0.57161,0.39281,-0.44164,0.99530,-0.04685,
1403638157145096960,0.40887,6.09589,0.64635,-0.38446,0.61047,0.57135,0.39124,-0.41834,1.03549,0.01354,
1403638157245096960,0.36591,6.20303,0.65091,-0.38220,0.61328,0.57054,0.39026,-0.41260,1.07909,0.07318,
1403638157345096960,0.32519,6.31489,0.66322,-0.38280,0.61035,0.57174,0.39249,-0.40133,1.13806,0.14145,
1403638157445096960,0.28757,6.43027,0.67563,-0.38231,0.60522,0.57438,0.39704,-0.39284,1.17709,0.10055,
1403638157545097216,0.24882,6.55096,0.68268,-0.38681,0.59826,0.57697,0.39946,-0.40589,1.21123,0.05259,
1403638157645096960,0.21331,6.66983,0.68471,-0.39414,0.58658,0.58257,0.40149,-0.41173,1.22903,0.01124,
1403638157745096960,0.17563,6.79167,0.68539,-0.40134,0.57099,0.59275,0.40193,-0.42727,1.23473,0.05568,
1403638157845096960,0.13560,6.91393,0.69231,-0.41107,0.55657,0.60442,0.39487,-0.45489,1.23352,0.14035,
1403638157945096960,0.09396,7.03221,0.70739,-0.42242,0.54342,0.61526,0.38432,-0.47678,1.21482,0.20957,
1403638158045097216,0.04899,7.15186,0.72594,-0.42994,0.53435,0.62496,0.37289,-0.47772,1.19183,0.17522,
1403638158145096960,0.00330,7.27304,0.73953,-0.43838,0.52932,0.63005,0.36150,-0.46022,1.19175,0.12322,
1403638158245096960,-0.04115,7.39565,0.74679,-0.44416,0.52574,0.63322,0.35406,-0.43367,1.18981,0.06056,
1403638158345096960,-0.08370,7.52506,0.74957,-0.44409,0.52103,0.63746,0.35349,-0.41229,1.18945,0.02001,
1403638158445096960,-0.12316,7.65069,0.74842,-0.44260,0.51694,0.64031,0.35620,-0.39908,1.18083,-0.02175,
1403638158545097216,-0.16266,7.76932,0.74363,-0.44110,0.51306,0.64194,0.36071,-0.40185,1.17172,-0.05547,
1403638158645096960,-0.20162,7.88160,0.73494,-0.44037,0.51177,0.64178,0.36370,-0.42055,1.15219,-0.07344,
1403638158745096960,-0.24544,7.99725,0.72741,-0.44199,0.51464,0.63956,0.36160,-0.44407,1.13376,-0.06322,
1403638158845096960,-0.28794,8.10862,0.72127,-0.44145,0.52098,0.63847,0.35505,-0.43985,1.12012,-0.01233,
1403638158945096960,-0.33212,8.22172,0.72443,-0.44010,0.52654,0.63795,0.34942,-0.43727,1.13227,0.06613,
1403638159045097216,-0.37242,8.32524,0.73654,-0.43466,0.53187,0.64043,0.34356,-0.42744,1.12806,0.14682,
1403638159145096960,-0.41458,8.43887,0.75361,-0.42559,0.53866,0.64504,0.33561,-0.42423,1.16255,0.15014,
1403638159245096960,-0.45327,8.55223,0.76821,-0.41794,0.54246,0.64902,0.33143,-0.41508,1.23968,0.13220,
1403638159345096960,-0.49262,8.67463,0.77982,-0.42817,0.53966,0.64137,0.33777,-0.40442,1.29966,0.10054,
1403638159445096960,-0.53227,8.80711,0.78817,-0.44532,0.53246,0.62901,0.35004,-0.37631,1.32762,0.10303,
1403638159545097216,-0.56777,8.93767,0.80085,-0.46570,0.52768,0.61418,0.35702,-0.34075,1.29560,0.16214,
1403638159645096960,-0.59599,9.06116,0.81989,-0.48311,0.52835,0.60139,0.35464,-0.26378,1.23810,0.23143,
1403638159745096960,-0.61296,9.17803,0.84720,-0.49232,0.52987,0.59484,0.35075,-0.15658,1.19297,0.31081,
1403638159845096960,-0.61957,9.29075,0.88313,-0.49116,0.52504,0.59614,0.35737,-0.04361,1.11381,0.41007,
1403638159945096960,-0.61623,9.39736,0.92762,-0.48069,0.51771,0.60445,0.36817,0.04769,1.01603,0.48371,
1403638160045097216,-0.60433,9.48471,0.98031,-0.47359,0.51291,0.61080,0.37358,0.09946,0.90312,0.56474,
1403638160145096960,-0.58708,9.55249,1.03913,-0.46634,0.51330,0.61732,0.37144,0.12722,0.82997,0.64618,
1403638160245096960,-0.57198,9.62353,1.10833,-0.45319,0.51892,0.62800,0.36188,0.13904,0.78612,0.74319,
1403638160345096960,-0.55512,9.69123,1.18514,-0.44262,0.52352,0.63638,0.35360,0.14141,0.77448,0.81643,
1403638160445096960,-0.53442,9.75037,1.26261,-0.43773,0.52576,0.64029,0.34927,0.15182,0.76539,0.79016,
1403638160545097216,-0.51304,9.81303,1.33521,-0.43591,0.52672,0.64166,0.34759,0.14575,0.78160,0.74333,
1403638160645096960,-0.49708,9.88834,1.40619,-0.43541,0.52794,0.64191,0.34591,0.13564,0.81316,0.69632,
1403638160745096960,-0.48130,9.96646,1.47266,-0.43963,0.52730,0.63904,0.34686,0.12729,0.83001,0.66055,
1403638160845096960,-0.46532,10.04552,1.53667,-0.45060,0.52864,0.62821,0.35051,0.16215,0.84209,0.64297,
1403638160945096960,-0.43783,10.11741,1.59237,-0.45989,0.53265,0.61278,0.35957,0.22242,0.79679,0.58754,
1403638161045097216,-0.40521,10.19735,1.64366,-0.45956,0.54007,0.59986,0.37055,0.28477,0.76205,0.55610,
1403638161145096960,-0.37025,10.26851,1.69293,-0.45164,0.55133,0.58903,0.38092,0.33814,0.68354,0.50151,
1403638161245096960,-0.33242,10.33488,1.73975,-0.43723,0.56695,0.57832,0.39109,0.37783,0.66302,0.46857,
1403638161345096960,-0.29231,10.39723,1.78753,-0.42222,0.58427,0.56529,0.40100,0.39637,0.61567,0.47159,
1403638161445096960,-0.25071,10.45515,1.83285,-0.40566,0.60081,0.55744,0.40465,0.40968,0.59790,0.43810,
1403638161545097216,-0.20742,10.51518,1.87493,-0.39194,0.61273,0.55285,0.40658,0.42142,0.60177,0.39660,
1403638161645096960,-0.16431,10.57598,1.91195,-0.38510,0.62154,0.54696,0.40770,0.43348,0.61174,0.33967,
1403638161745096960,-0.12055,10.63766,1.94312,-0.38504,0.62744,0.54002,0.40798,0.45287,0.61724,0.28714,
1403638161845096960,-0.07308,10.70050,1.97048,-0.38525,0.62993,0.53275,0.41347,0.48449,0.63155,0.25838,
1403638161945096960,-0.02311,10.76318,1.99273,-0.38363,0.63305,0.52421,0.42104,0.51500,0.62400,0.21419,
1403638162045097216,0.02913,10.82298,2.01360,-0.38053,0.63728,0.51790,0.42525,0.53312,0.61789,0.24112,
1403638162145096960,0.08437,10.88212,2.03948,-0.37769,0.64188,0.51408,0.42552,0.55982,0.60934,0.31638,
1403638162245096960,0.14264,10.93854,2.07078,-0.37600,0.64729,0.51115,0.42234,0.59032,0.60172,0.34951,
1403638162345096960,0.20551,10.99730,2.10247,-0.37645,0.65122,0.50805,0.41962,0.64394,0.61092,0.30302,
1403638162445096960,0.27557,11.05418,2.12467,-0.37925,0.65165,0.50467,0.42051,0.69674,0.60188,0.25789,
1403638162545097216,0.34841,11.11162,2.14886,-0.37826,0.64981,0.50485,0.42403,0.74438,0.58721,0.26368,
1403638162645096960,0.42502,11.16562,2.17578,-0.37435,0.64735,0.50821,0.42723,0.77883,0.56864,0.31530,
1403638162745096960,0.50163,11.20873,2.19754,-0.37008,0.64565,0.51233,0.42860,0.80380,0.54954,0.38176,
1403638162845096960,0.58519,11.26378,2.24050,-0.36947,0.64945,0.50974,0.42646,0.83572,0.53451,0.45498,
1403638162945096960,0.66916,11.30913,2.27483,-0.37468,0.65274,0.50063,0.42769,0.87113,0.51448,0.50310,
1403638163045097216,0.76066,11.36203,2.32730,-0.37996,0.65066,0.49151,0.43669,0.91977,0.50793,0.45284,
1403638163145096960,0.85274,11.40890,2.35382,-0.38027,0.65257,0.48327,0.44272,0.95544,0.46301,0.24881,
1403638163245096960,0.94869,11.45389,2.36444,-0.37058,0.65776,0.47853,0.44837,0.99000,0.42490,0.09964,
1403638163345096960,1.05118,11.49738,2.36792,-0.35841,0.66389,0.47190,0.45619,1.01898,0.39581,0.04728,
1403638163445096960,1.15658,11.53879,2.36935,-0.34718,0.67065,0.46207,0.46495,1.02543,0.37158,0.01705,
1403638163545097216,1.26302,11.57751,2.37356,-0.33926,0.67715,0.45292,0.47035,1.02664,0.33169,0.07270,
1403638163645096960,1.36368,11.60839,2.38272,-0.33343,0.68216,0.44724,0.47272,1.02688,0.32528,0.17391,
1403638163745096960,1.46557,11.64047,2.40370,-0.32956,0.68479,0.44344,0.47520,1.01885,0.30347,0.26399,
1403638163845096960,1.56426,11.66682,2.43472,-0.32913,0.68567,0.44017,0.47726,0.99812,0.25586,0.32854,
1403638163945096960,1.66624,11.69140,2.47263,-0.33022,0.68750,0.43809,0.47579,0.99536,0.23255,0.40536,
1403638164045097216,1.76985,11.71316,2.51678,-0.33413,0.69028,0.43553,0.47136,1.01539,0.20938,0.47056,
1403638164145096960,1.87391,11.73306,2.56739,-0.33846,0.69072,0.43379,0.46923,1.03725,0.17998,0.52054,
1403638164245096960,1.98403,11.74789,2.61821,-0.34280,0.68958,0.43243,0.46901,1.07361,0.14010,0.48460,
1403638164345096960,2.09439,11.75983,2.66356,-0.34700,0.68809,0.43115,0.46928,1.09976,0.09652,0.42301,
1403638164445096960,2.20750,11.76324,2.70144,-0.34875,0.68642,0.43187,0.46977,1.13018,0.04629,0.35257,
1403638164545097216,2.32265,11.76645,2.73506,-0.35172,0.68711,0.43082,0.46751,1.16250,0.00258,0.31497,
1403638164645096960,2.43908,11.75844,2.76245,-0.35299,0.68896,0.42833,0.46612,1.20510,-0.06201,0.26153,
1403638164745096960,2.56270,11.74895,2.78648,-0.34722,0.69014,0.42545,0.47132,1.25228,-0.11308,0.21987,
1403638164845096960,2.68655,11.73006,2.80626,-0.33471,0.68515,0.42791,0.48521,1.27069,-0.16557,0.20447,
1403638164945096960,2.80509,11.70589,2.82242,-0.32473,0.68116,0.42902,0.49649,1.23131,-0.21596,0.14875,
1403638165045097216,2.92060,11.67925,2.83406,-0.32961,0.68156,0.41902,0.50125,1.18543,-0.26901,0.08631,
1403638165145096960,3.03802,11.64752,2.84016,-0.33246,0.68837,0.40781,0.49930,1.16066,-0.32888,0.02790,
1403638165245096960,3.15017,11.60972,2.84087,-0.32445,0.69827,0.40602,0.49223,1.14793,-0.38775,-0.02703,
1403638165345096960,3.26489,11.56877,2.83636,-0.31929,0.70901,0.40319,0.48249,1.14744,-0.42650,-0.06639,
1403638165445096960,3.38003,11.52601,2.82794,-0.31845,0.71245,0.39877,0.48165,1.17778,-0.43816,-0.08495,
1403638165545097216,3.49636,11.47931,2.81780,-0.31841,0.70666,0.39450,0.49357,1.18909,-0.47979,-0.10797,
1403638165645096960,3.61037,11.43035,2.80200,-0.31831,0.69733,0.39151,0.50906,1.17397,-0.53158,-0.15308,
1403638165745096960,3.72176,11.37450,2.78047,-0.31704,0.69026,0.39030,0.52029,1.13108,-0.60454,-0.22339,
1403638165845096960,3.82914,11.31168,2.75388,-0.31160,0.69239,0.39385,0.51806,1.07351,-0.67955,-0.24955,
1403638165945096960,3.93233,11.24308,2.73082,-0.30550,0.69811,0.39858,0.51034,1.03080,-0.73133,-0.18696,
1403638166045097216,4.03630,11.17048,2.71615,-0.30069,0.70492,0.40312,0.50016,1.01131,-0.74183,-0.08320,
1403638166145096960,4.13682,11.09684,2.71250,-0.29308,0.70692,0.40993,0.49631,0.98479,-0.74684,0.03835,
1403638166245096960,4.23482,11.02480,2.72574,-0.29077,0.70695,0.41420,0.49407,0.95933,-0.71608,0.24416,
1403638166345096960,4.33017,10.95518,2.75934,-0.28903,0.70549,0.41802,0.49397,0.92845,-0.71283,0.43935,
1403638166445096960,4.41545,10.89017,2.80837,-0.28737,0.70500,0.42070,0.49337,0.88293,-0.70773,0.50850,
1403638166545097216,4.49300,10.83071,2.85823,-0.28847,0.70456,0.42143,0.49272,0.84439,-0.67414,0.45938,
1403638166645096960,4.57228,10.77055,2.90120,-0.28982,0.70422,0.42185,0.49205,0.81879,-0.64370,0.37799,
1403638166745096960,4.65189,10.71168,2.93600,-0.29466,0.70629,0.41959,0.48814,0.79329,-0.61671,0.29065,
1403638166845096960,4.72931,10.65297,2.96034,-0.30169,0.71471,0.41551,0.47489,0.78925,-0.59727,0.18927,
1403638166945096960,4.81051,10.60273,2.97635,-0.30311,0.72553,0.41491,0.45780,0.83227,-0.56276,0.12966,
1403638167045097216,4.89625,10.55479,2.99009,-0.29774,0.73080,0.41858,0.44953,0.89739,-0.49992,0.14202,
1403638167145096960,4.99102,10.51300,3.00796,-0.29170,0.73069,0.42315,0.44939,0.97516,-0.40966,0.22025,
1403638167245096960,5.09250,10.48114,3.03346,-0.28685,0.72788,0.42691,0.45349,1.03206,-0.31631,0.30564,
1403638167345096960,5.19978,10.45634,3.06555,-0.28527,0.72511,0.42806,0.45783,1.07783,-0.21840,0.35997,
1403638167445096960,5.31181,10.43841,3.09991,-0.28664,0.72389,0.42645,0.46039,1.09910,-0.14749,0.33370,
1403638167545097216,5.42905,10.42473,3.12975,-0.29121,0.72132,0.42259,0.46509,1.13260,-0.09907,0.26964,
1403638167645096960,5.54756,10.41487,3.15336,-0.30065,0.72097,0.41342,0.46786,1.15999,-0.07834,0.20271,
1403638167745096960,5.67378,10.40119,3.17171,-0.30531,0.72374,0.40188,0.47061,1.21151,-0.07859,0.14141,
1403638167845096960,5.80317,10.38857,3.18315,-0.30656,0.72998,0.38776,0.47200,1.28232,-0.08250,0.09627,
1403638167945096960,5.93866,10.37384,3.19154,-0.30264,0.73572,0.37378,0.47689,1.33922,-0.10647,0.05518,
1403638168045097216,6.07783,10.35882,3.19802,-0.29532,0.74122,0.36128,0.48256,1.39392,-0.11525,0.08817,
1403638168145096960,6.22234,10.34155,3.21168,-0.28876,0.74554,0.35103,0.48741,1.43906,-0.17933,0.17283,
1403638168245096960,6.36889,10.31827,3.23294,-0.27818,0.74975,0.34176,0.49365,1.47954,-0.23967,0.24549,
1403638168345096960,6.51668,10.29216,3.26047,-0.26572,0.75430,0.33159,0.50047,1.52072,-0.26046,0.31063,
1403638168445096960,6.67336,10.26207,3.29527,-0.25269,0.75805,0.32175,0.50792,1.53675,-0.28655,0.34363,
1403638168545097216,6.83186,10.23111,3.32665,-0.23423,0.76308,0.32075,0.50987,1.54807,-0.28173,0.27088,
1403638168645096960,6.98871,10.20186,3.34937,-0.21674,0.76797,0.32292,0.50888,1.54812,-0.25394,0.19074,
1403638168745096960,7.14480,10.17836,3.36441,-0.20566,0.77072,0.32441,0.50839,1.53939,-0.19762,0.11961,
1403638168845096960,7.30039,10.15874,3.37238,-0.20100,0.77269,0.32468,0.50707,1.53078,-0.13540,0.05650,
1403638168945096960,7.45213,10.14808,3.37530,-0.19895,0.77360,0.32545,0.50601,1.52656,-0.05549,0.00978,
1403638169045097216,7.59939,10.14734,3.37391,-0.20075,0.77019,0.32663,0.50973,1.52180,0.01923,-0.03099,
1403638169145096960,7.75033,10.15253,3.36766,-0.21139,0.76500,0.32294,0.51556,1.50272,0.07057,-0.09195,
1403638169245096960,7.89348,10.16316,3.35556,-0.22448,0.76307,0.31644,0.51691,1.48495,0.08978,-0.15235,
1403638169345096960,8.03944,10.17566,3.33932,-0.24044,0.76258,0.30056,0.51993,1.49503,0.08843,-0.19362,
1403638169445096960,8.18666,10.18391,3.31792,-0.25098,0.76254,0.28105,0.52587,1.51159,0.02104,-0.20125,
1403638169545097216,8.34218,10.18446,3.30213,-0.24979,0.76383,0.26423,0.53325,1.52861,-0.06904,-0.13758,
1403638169645096960,8.49399,10.17157,3.29458,-0.23725,0.76735,0.25094,0.54028,1.52086,-0.19228,-0.06757,
1403638169745096960,8.64927,10.14774,3.29185,-0.21667,0.77285,0.24024,0.54593,1.50540,-0.29180,0.00341,
1403638169845096960,8.79972,10.11604,3.29675,-0.18843,0.77711,0.23168,0.55400,1.46894,-0.34778,0.10227,
1403638169945096960,8.95182,10.08091,3.30933,-0.16154,0.77824,0.22038,0.56541,1.42040,-0.36583,0.17152,
1403638170045097216,9.09563,10.04478,3.32846,-0.14429,0.77622,0.20205,0.57952,1.34699,-0.36632,0.20175,
1403638170145096960,9.23330,10.00802,3.34470,-0.13368,0.77862,0.17868,0.58648,1.25756,-0.37704,0.12958,
1403638170245096960,9.35459,9.97100,3.35393,-0.12494,0.78391,0.15336,0.58853,1.16648,-0.39413,0.06212,
1403638170345096960,9.46913,9.93225,3.35616,-0.11681,0.79051,0.12781,0.58747,1.09825,-0.41984,-0.00645,
1403638170445096960,9.58624,9.89161,3.35081,-0.10525,0.79792,0.10480,0.58418,1.04797,-0.45592,-0.05757,
1403638170545097216,9.69542,9.84935,3.34526,-0.10034,0.80179,0.07913,0.58378,1.01874,-0.49061,-0.00784,
1403638170645096960,9.80472,9.80053,3.34748,-0.09341,0.80108,0.05570,0.58859,0.99670,-0.55486,0.08651,
1403638170745096960,9.90207,9.74473,3.35866,-0.08296,0.80083,0.03579,0.59203,0.91989,-0.63086,0.15311,
1403638170845096960,9.99505,9.67854,3.37445,-0.07039,0.80128,0.01794,0.59386,0.87052,-0.69960,0.17756,
1403638170945096960,10.07589,9.60545,3.38721,-0.05529,0.80240,0.00156,0.59422,0.79308,-0.77198,0.10868,
1403638171045097216,10.15045,9.52556,3.39401,-0.04176,0.80134,-0.01538,0.59655,0.73175,-0.82122,0.05761,
1403638171145096960,10.21975,9.44011,3.39683,-0.03214,0.79995,-0.02950,0.59849,0.66427,-0.87193,0.02981,
1403638171245096960,10.27819,9.34876,3.39592,-0.02724,0.79839,-0.04106,0.60012,0.58564,-0.92265,-0.00626,
1403638171345096960,10.30467,9.26097,3.39228,-0.02301,0.79697,-0.04843,0.60164,0.46818,-0.96463,-0.01414,
1403638171445096960,10.32745,9.16606,3.38806,-0.01935,0.79502,-0.05543,0.60374,0.36492,-1.02210,-0.03251,
1403638171545097216,10.34154,9.06683,3.38193,-0.01867,0.79247,-0.06320,0.60634,0.25731,-1.06869,-0.05995,
1403638171645096960,10.35388,8.95865,3.37357,-0.01619,0.78991,-0.07130,0.60885,0.15277,-1.13807,-0.07811,
1403638171745096960,10.35936,8.84294,3.36403,-0.01357,0.78741,-0.08261,0.61072,0.05276,-1.20522,-0.09442,
1403638171845096960,10.35717,8.71943,3.35611,-0.01113,0.78470,-0.09320,0.61272,-0.07017,-1.27664,-0.04847,
1403638171945096960,10.34372,8.58776,3.35322,-0.00667,0.77996,-0.10085,0.61761,-0.19391,-1.36983,0.01638,
1403638172045097216,10.31635,8.44900,3.35638,0.00176,0.77845,-0.10367,0.61908,-0.32257,-1.44206,0.07409,
1403638172145096960,10.27644,8.30438,3.36260,0.00845,0.77846,-0.10471,0.61884,-0.44490,-1.48408,0.04353,
1403638172245096960,10.22676,8.15418,3.36281,0.01192,0.77954,-0.10552,0.61728,-0.55890,-1.51702,-0.04798,
1403638172345096960,10.16642,7.99972,3.35304,0.01454,0.77999,-0.10489,0.61676,-0.66274,-1.54678,-0.15594,
1403638172445096960,10.09685,7.84234,3.33336,0.01417,0.77903,-0.10444,0.61807,-0.73205,-1.58789,-0.25877,
1403638172545097216,10.02022,7.68188,3.30318,0.01113,0.77673,-0.10485,0.62095,-0.79567,-1.61801,-0.34379,
1403638172645096960,9.93503,7.51665,3.26497,0.00691,0.77507,-0.10475,0.62310,-0.90839,-1.66039,-0.42844,
1403638172745096960,9.83656,7.34816,3.22058,0.00405,0.77557,-0.10349,0.62271,-1.02093,-1.70756,-0.47375,
1403638172845096960,9.72629,7.17476,3.17236,-0.00060,0.77525,-0.10313,0.62318,-1.13361,-1.75909,-0.51788,
1403638172945096960,9.60383,6.99526,3.12134,-0.00502,0.77704,-0.10208,0.62109,-1.25057,-1.81427,-0.55220,
1403638173045097216,9.47025,6.80918,3.06598,-0.01064,0.78085,-0.10164,0.61631,-1.35491,-1.87635,-0.61101,
1403638173145096960,9.32795,6.61488,3.00453,-0.01572,0.78595,-0.10108,0.60976,-1.42154,-1.95981,-0.66478,
1403638173245096960,9.17708,6.41018,2.93727,-0.01282,0.78990,-0.09616,0.60551,-1.50003,-2.04168,-0.73015,
1403638173345096960,9.02089,6.19828,2.86451,-0.00573,0.79396,-0.08958,0.60131,-1.54605,-2.10498,-0.77398,
1403638173445096960,8.86052,5.98153,2.78506,0.01010,0.79593,-0.07883,0.60015,-1.57976,-2.13264,-0.89851,
1403638173545097216,8.69978,5.76508,2.69436,0.02145,0.79856,-0.07134,0.59729,-1.58067,-2.13975,-0.94651,
1403638173645096960,8.54020,5.55014,2.60066,0.02591,0.79930,-0.06893,0.59640,-1.58672,-2.12151,-0.97338,
1403638173745096960,8.37847,5.33852,2.50226,0.02692,0.79974,-0.06895,0.59577,-1.60845,-2.09620,-0.99927,
1403638173845096960,8.21560,5.12931,2.40326,0.02664,0.80078,-0.07071,0.59417,-1.63190,-2.06253,-0.98510,
1403638173945096960,8.04874,4.92321,2.31097,0.02806,0.80057,-0.07046,0.59442,-1.67164,-2.03535,-0.90186,
1403638174045097216,7.87678,4.72123,2.22459,0.02833,0.80211,-0.07089,0.59228,-1.73537,-1.99328,-0.84251,
1403638174145096960,7.70040,4.52208,2.14376,0.02938,0.80235,-0.07041,0.59196,-1.76537,-1.96909,-0.80592,
1403638174245096960,7.52238,4.32565,2.06195,0.03021,0.80680,-0.06974,0.58592,-1.78486,-1.93956,-0.85929,
1403638174345096960,7.34599,4.13216,1.97394,0.02977,0.81187,-0.06942,0.57893,-1.74463,-1.91188,-0.91237,
1403638174445096960,7.17244,3.93877,1.88244,0.02947,0.81558,-0.06881,0.57379,-1.71133,-1.89263,-0.90257,
1403638174545097216,7.00502,3.74960,1.79417,0.02688,0.81844,-0.06961,0.56973,-1.63812,-1.87547,-0.86280,
1403638174645096960,6.84320,3.56043,1.71236,0.03055,0.82266,-0.06649,0.56380,-1.59579,-1.85722,-0.78967,
1403638174745096960,6.68741,3.37542,1.63615,0.03297,0.82695,-0.06441,0.55761,-1.54576,-1.82884,-0.72586,
1403638174845096960,6.53598,3.19319,1.56931,0.03397,0.83002,-0.06332,0.55309,-1.46305,-1.78706,-0.64840,
1403638174945096960,6.39342,3.01761,1.50784,0.03573,0.83132,-0.06252,0.55112,-1.38936,-1.73793,-0.57038,
1403638175045097216,6.26042,2.84616,1.45270,0.03748,0.83054,-0.06195,0.55223,-1.28589,-1.68909,-0.53176,
1403638175145096960,6.13643,2.67877,1.40321,0.03960,0.83008,-0.06255,0.55270,-1.18923,-1.65343,-0.45233,
1403638175245096960,6.02252,2.51447,1.35982,0.04208,0.83054,-0.06245,0.55184,-1.09601,-1.61814,-0.39659,
1403638175345096960,5.91796,2.35384,1.32344,0.04356,0.83479,-0.06332,0.54517,-1.01620,-1.57510,-0.32754,
1403638175445096960,5.81831,2.19805,1.29433,0.04809,0.84027,-0.06149,0.53652,-0.90350,-1.53263,-0.26965,
1403638175545097216,5.72644,2.04374,1.27127,0.05283,0.84720,-0.05877,0.52536,-0.78201,-1.48169,-0.16635,
1403638175645096960,5.64960,1.89418,1.25579,0.05168,0.85465,-0.05981,0.51315,-0.65643,-1.42734,-0.10738,
1403638175745096960,5.58564,1.74796,1.24583,0.04967,0.85996,-0.06019,0.50436,-0.50569,-1.38758,-0.08134,
1403638175845096960,5.53428,1.60377,1.23112,0.05055,0.86340,-0.05857,0.49856,-0.36829,-1.35969,-0.19967,
1403638175945096960,5.50088,1.46579,1.20578,0.05470,0.86350,-0.05423,0.49843,-0.21138,-1.32507,-0.28765,
1403638176045097216,5.48475,1.33480,1.17837,0.06147,0.85811,-0.04755,0.50754,-0.04470,-1.26642,-0.29937,
1403638176145096960,5.48390,1.20931,1.15228,0.06788,0.84543,-0.04096,0.52817,0.09982,-1.17821,-0.25477,
1403638176245096960,5.49113,1.08948,1.13133,0.06231,0.83041,-0.04417,0.55189,0.16501,-1.09292,-0.18638,
1403638176345096960,5.50332,0.98075,1.11548,0.06148,0.82145,-0.04470,0.56519,0.16720,-1.01126,-0.14750,
1403638176445096960,5.51718,0.87987,1.10415,0.06301,0.81910,-0.04449,0.56844,0.18045,-0.92966,-0.09052,
1403638176545097216,5.53318,0.78791,1.09911,0.06429,0.81918,-0.04458,0.56817,0.17830,-0.84029,-0.04029,
1403638176645096960,5.55050,0.70299,1.09792,0.06540,0.82061,-0.04448,0.56598,0.20119,-0.76252,0.02070,
1403638176745096960,5.57147,0.62831,1.10393,0.06554,0.82092,-0.04468,0.56551,0.23438,-0.67346,0.10633,
1403638176845096960,5.59021,0.55497,1.11776,0.06151,0.82104,-0.04747,0.56556,0.22266,-0.59579,0.14945,
1403638176945096960,5.61171,0.49177,1.13194,0.05919,0.82170,-0.04936,0.56469,0.23588,-0.54205,0.14338,
1403638177045097216,5.63044,0.42161,1.14215,0.06090,0.82287,-0.04795,0.56292,0.24604,-0.50105,0.08807,
1403638177145096960,5.65713,0.37047,1.14503,0.06443,0.82319,-0.04609,0.56221,0.26851,-0.43836,0.00248,
1403638177245096960,5.68578,0.32449,1.14017,0.06702,0.82333,-0.04446,0.56184,0.28296,-0.37853,-0.06664,
1403638177345096960,5.71156,0.27104,1.13055,0.06770,0.82318,-0.04384,0.56203,0.30177,-0.31751,-0.12610,
1403638177445096960,5.74346,0.24068,1.11590,0.06737,0.82379,-0.04504,0.56107,0.31895,-0.24202,-0.17297,
1403638177545097216,5.77687,0.21166,1.09768,0.05854,0.82318,-0.05233,0.56233,0.34055,-0.18241,-0.20283,
1403638177645096960,5.81387,0.17441,1.07719,0.04639,0.82255,-0.06154,0.56345,0.35820,-0.17531,-0.24392,
1403638177745096960,5.85108,0.15138,1.05160,0.03709,0.82114,-0.07122,0.56504,0.36924,-0.18327,-0.27358,
1403638177845096960,5.89547,0.11852,1.02363,0.03057,0.81514,-0.07946,0.57298,0.38275,-0.21019,-0.27237,
1403638177945096960,5.93300,0.09397,0.99829,0.02878,0.80841,-0.08400,0.58188,0.34739,-0.24170,-0.21445,
1403638178045097216,5.97078,0.06203,0.97887,0.03267,0.80376,-0.08497,0.58795,0.29910,-0.29639,-0.14468,
1403638178145096960,6.00372,0.02822,0.96716,0.04211,0.80142,-0.08898,0.58994,0.25304,-0.33058,-0.06826,
1403638178245096960,6.02412,-0.00412,0.96313,0.05056,0.79758,-0.10077,0.59258,0.18342,-0.35339,0.00946,
1403638178345096960,6.04318,-0.04483,0.96647,0.06065,0.79393,-0.11701,0.59356,0.10744,-0.36921,0.09516,
1403638178445096960,6.05374,-0.08489,0.97208,0.07216,0.79136,-0.13736,0.59134,0.02544,-0.37546,0.04489,
1403638178545097216,6.05629,-0.12271,0.97417,0.08413,0.79172,-0.16061,0.58336,-0.04023,-0.39353,-0.01496,
1403638178645096960,6.05137,-0.16248,0.97210,0.09421,0.79160,-0.18489,0.57473,-0.08499,-0.41680,-0.04934,
1403638178745096960,6.04399,-0.20622,0.96754,0.10593,0.78812,-0.20701,0.56991,-0.12488,-0.43785,-0.07477,
1403638178845096960,6.03216,-0.25207,0.95865,0.11937,0.78584,-0.22578,0.56322,-0.15957,-0.46420,-0.12472,
1403638178945096960,6.01881,-0.30162,0.94647,0.12940,0.78621,-0.23997,0.55457,-0.17454,-0.48610,-0.15477,
1403638179045097216,6.00534,-0.35564,0.93056,0.13691,0.78932,-0.24931,0.54412,-0.17152,-0.52499,-0.19113,
1403638179145096960,5.99125,-0.41226,0.91213,0.14510,0.79174,-0.25484,0.53586,-0.16545,-0.56533,-0.22469,
1403638179245096960,5.97947,-0.47364,0.89019,0.15538,0.79324,-0.25973,0.52837,-0.12893,-0.60774,-0.25594,
1403638179345096960,5.97232,-0.53919,0.86447,0.16554,0.79321,-0.26756,0.52137,-0.08797,-0.65266,-0.26328,
1403638179445096960,5.96919,-0.60894,0.83844,0.17543,0.78453,-0.28056,0.52443,-0.03776,-0.68006,-0.26580,
1403638179545097216,5.96846,-0.68091,0.81016,0.18650,0.77114,-0.29691,0.53141,-0.02959,-0.70783,-0.30155,
1403638179645096960,5.96781,-0.75390,0.78019,0.19864,0.76019,-0.31500,0.53239,-0.04296,-0.71624,-0.28084,
1403638179745096960,5.96514,-0.82660,0.75528,0.21291,0.74997,-0.33309,0.53035,-0.05914,-0.71985,-0.20083,
1403638179845096960,5.96187,-0.89840,0.73773,0.22725,0.74038,-0.35104,0.52628,-0.07979,-0.72248,-0.13057,
1403638179945096960,5.95756,-0.97122,0.72588,0.23741,0.73462,-0.36893,0.51755,-0.07677,-0.72660,-0.10181,
1403638180045097216,5.95373,-1.04443,0.71830,0.24212,0.73314,-0.38407,0.50633,-0.06062,-0.73872,-0.06533,
1403638180145096960,5.95054,-1.11923,0.71503,0.24539,0.72958,-0.39497,0.50149,-0.05531,-0.75952,-0.02930,
1403638180245096960,5.94763,-1.19659,0.71209,0.25012,0.72722,-0.39971,0.49882,-0.05144,-0.78445,-0.05905,
1403638180345096960,5.94425,-1.27731,0.70350,0.25029,0.72661,-0.40376,0.49636,-0.04204,-0.81581,-0.11666,
1403638180445096960,5.94047,-1.36151,0.68935,0.25313,0.72800,-0.40346,0.49312,-0.03272,-0.85181,-0.16867,
1403638180545097216,5.93758,-1.44815,0.67206,0.25724,0.72870,-0.40045,0.49241,-0.02535,-0.87876,-0.19215,
1403638180645096960,5.93654,-1.53704,0.65324,0.25895,0.73145,-0.39798,0.48943,-0.00543,-0.90084,-0.16245,
1403638180745096960,5.93713,-1.62898,0.63973,0.25706,0.73617,-0.39664,0.48441,0.02196,-0.93063,-0.09252,
1403638180845096960,5.94106,-1.72578,0.63322,0.25323,0.73895,-0.39593,0.48277,0.06736,-0.96960,-0.01660,
1403638180945096960,5.94873,-1.82647,0.63301,0.24992,0.73949,-0.39457,0.48478,0.10365,-1.01153,-0.01640,
1403638181045097216,5.95721,-1.93526,0.62803,0.24672,0.73815,-0.39336,0.48942,0.12322,-1.04407,-0.07631,
1403638181145096960,5.97023,-2.04322,0.61702,0.24307,0.73717,-0.39332,0.49274,0.14483,-1.08794,-0.12561,
1403638181245096960,5.98110,-2.16159,0.59956,0.24189,0.73257,-0.39257,0.50072,0.13556,-1.12569,-0.17561,
1403638181345096960,5.99460,-2.27391,0.58070,0.24345,0.72291,-0.39775,0.50983,0.10754,-1.15662,-0.21742,
1403638181445096960,5.99865,-2.39697,0.55562,0.24586,0.71136,-0.41011,0.51510,0.04746,-1.17090,-0.27332,
1403638181545097216,5.99541,-2.52224,0.52996,0.25474,0.69341,-0.42489,0.52322,-0.03954,-1.18724,-0.27344,
1403638181645096960,5.98569,-2.64214,0.50541,0.27161,0.67755,-0.43777,0.52490,-0.13987,-1.16569,-0.25560,
1403638181745096960,5.96686,-2.76479,0.48590,0.28852,0.67060,-0.45118,0.51331,-0.22019,-1.14192,-0.16886,
1403638181845096960,5.94086,-2.88579,0.47578,0.30562,0.66559,-0.46460,0.49773,-0.29110,-1.10783,-0.07260,
1403638181945096960,5.91033,-3.00237,0.47454,0.31891,0.66163,-0.47844,0.48128,-0.32430,-1.07868,-0.01649,
1403638182045097216,5.88139,-3.11962,0.47903,0.32324,0.65911,-0.49185,0.46816,-0.33021,-1.06786,0.06223,
1403638182145096960,5.85091,-3.23198,0.49117,0.32528,0.65693,-0.50237,0.45853,-0.33276,-1.07753,0.10829,
1403638182245096960,5.81998,-3.34301,0.50416,0.32334,0.65435,-0.51184,0.45310,-0.32657,-1.09394,0.07265,
1403638182345096960,5.78883,-3.45498,0.51300,0.31870,0.65180,-0.51930,0.45157,-0.33531,-1.12634,0.03891,
1403638182445096960,5.75585,-3.57000,0.52202,0.31781,0.65351,-0.52147,0.44721,-0.35817,-1.16809,0.08358,
1403638182545097216,5.72050,-3.68605,0.53882,0.32300,0.65956,-0.51738,0.43929,-0.36944,-1.21436,0.17901,
1403638182645096960,5.68594,-3.81087,0.56258,0.32705,0.66480,-0.51271,0.43383,-0.34775,-1.25763,0.24978,
1403638182745096960,5.65380,-3.93478,0.59174,0.32647,0.66676,-0.51031,0.43408,-0.32008,-1.28883,0.26975,
1403638182845096960,5.62437,-4.06850,0.61833,0.32614,0.66689,-0.50802,0.43682,-0.28883,-1.33313,0.23859,
1403638182945096960,5.59700,-4.20296,0.64003,0.32677,0.66470,-0.50528,0.44282,-0.26669,-1.36290,0.17327,
1403638183045097216,5.56930,-4.34032,0.65648,0.33024,0.66104,-0.50069,0.45085,-0.25987,-1.38032,0.13472,
1403638183145096960,5.54234,-4.47762,0.66858,0.33673,0.66028,-0.49434,0.45417,-0.25579,-1.37743,0.08357,
1403638183245096960,5.51623,-4.61875,0.67458,0.33895,0.66293,-0.49118,0.45209,-0.24270,-1.36937,0.02308,
1403638183345096960,5.49259,-4.75514,0.67577,0.33532,0.66750,-0.49302,0.44603,-0.21756,-1.35156,-0.01357,
1403638183445096960,5.47051,-4.89542,0.67431,0.33086,0.67271,-0.49559,0.43862,-0.18951,-1.37488,-0.04339,
1403638183545097216,5.45329,-5.03766,0.66969,0.33001,0.67704,-0.49578,0.43233,-0.15171,-1.40193,-0.07512,
1403638183645096960,5.44092,-5.18171,0.66283,0.32997,0.67595,-0.49591,0.43392,-0.09333,-1.43188,-0.06258,
1403638183745096960,5.43295,-5.32890,0.66197,0.33716,0.67074,-0.49088,0.44212,-0.05413,-1.45382,0.01531,
1403638183845096960,5.42776,-5.47418,0.66773,0.34614,0.66629,-0.48441,0.44898,-0.01838,-1.42567,0.07292,
1403638183945096960,5.42515,-5.61517,0.68020,0.34934,0.66313,-0.48252,0.45321,0.00603,-1.38268,0.14101,
1403638184045097216,5.42612,-5.74917,0.69890,0.34759,0.66345,-0.48432,0.45216,0.03679,-1.33347,0.18776,
1403638184145096960,5.43084,-5.88012,0.72053,0.34311,0.66789,-0.48804,0.44497,0.06866,-1.30545,0.18875,
1403638184245096960,5.43898,-6.01048,0.73603,0.33747,0.67097,-0.49286,0.43932,0.09953,-1.30350,0.12621,
1403638184345096960,5.45184,-6.13772,0.74919,0.33812,0.67078,-0.49331,0.43860,0.13565,-1.30661,0.09540,
1403638184445096960,5.46660,-6.27012,0.75597,0.34112,0.66766,-0.49163,0.44291,0.16960,-1.30995,0.05451,
1403638184545097216,5.48795,-6.39388,0.76317,0.34427,0.66550,-0.49009,0.44542,0.20776,-1.28547,0.04284,
1403638184645096960,5.51195,-6.51742,0.76913,0.34559,0.66347,-0.48966,0.44789,0.23815,-1.25620,0.04449,
1403638184745096960,5.53740,-6.64297,0.77314,0.34506,0.66282,-0.49055,0.44830,0.27479,-1.24636,0.04932,
1403638184845096960,5.56746,-6.76126,0.78041,0.34503,0.66262,-0.49114,0.44795,0.29941,-1.22075,0.05818,
1403638184945096960,5.59860,-6.88249,0.78730,0.34809,0.66190,-0.48930,0.44867,0.31864,-1.20552,0.07443,
1403638185045097216,5.63321,-7.00012,0.79875,0.34677,0.66111,-0.49045,0.44960,0.34836,-1.18122,0.09562,
1403638185145096960,5.66781,-7.12009,0.80828,0.34722,0.66297,-0.48989,0.44712,0.37735,-1.16525,0.10883,
1403638185245096960,5.70561,-7.23930,0.82208,0.35030,0.66502,-0.48740,0.44440,0.39919,-1.15004,0.11028,
1403638185345096960,5.74694,-7.35279,0.83236,0.35348,0.66601,-0.48482,0.44320,0.43989,-1.13016,0.11126,
1403638185445096960,5.79278,-7.47395,0.84707,0.35672,0.66732,-0.47774,0.44632,0.49572,-1.10148,0.11705,
1403638185545097216,5.84394,-7.58507,0.85972,0.35727,0.67171,-0.46598,0.45169,0.54813,-1.06353,0.13322,
1403638185645096960,5.90251,-7.69951,0.87624,0.35401,0.67733,-0.45396,0.45806,0.61073,-1.01962,0.13541,
1403638185745096960,5.96554,-7.81582,0.89422,0.34546,0.67926,-0.44767,0.46782,0.65222,-0.97471,0.13546,
1403638185845096960,6.03382,-7.93280,0.91025,0.32492,0.67942,-0.45306,0.47703,0.66939,-0.93632,0.09897,
1403638185945096960,6.09949,-8.04621,0.92233,0.30373,0.67951,-0.46105,0.48317,0.65129,-0.93739,0.05767,
1403638186045097216,6.16280,-8.15569,0.92808,0.29792,0.68218,-0.46108,0.48300,0.60705,-0.96038,0.01599,
1403638186145096960,6.22277,-8.26330,0.92826,0.30120,0.68664,-0.45700,0.47848,0.57236,-0.97403,-0.03130,
1403638186245096960,6.27937,-8.35865,0.92660,0.30486,0.68963,-0.45371,0.47499,0.56210,-0.96907,0.00802,
1403638186345096960,6.33607,-8.45848,0.93107,0.30826,0.69165,-0.45106,0.47238,0.56261,-0.98077,0.08902,
1403638186445096960,6.39199,-8.55282,0.94149,0.30942,0.69190,-0.45056,0.47173,0.55273,-0.94681,0.11748,
1403638186545097216,6.44771,-8.64392,0.95606,0.31231,0.69200,-0.44966,0.47053,0.55736,-0.93426,0.14140,
1403638186645096960,6.50442,-8.73693,0.96717,0.31529,0.69315,-0.44858,0.46788,0.58194,-0.93511,0.07441,
1403638186745096960,6.56537,-8.83523,0.97252,0.32135,0.69527,-0.44388,0.46508,0.61935,-0.93012,0.01340,
1403638186845096960,6.62929,-8.92520,0.97143,0.32495,0.69995,-0.43499,0.46396,0.66427,-0.91094,-0.02954,
1403638186945096960,6.69892,-9.01520,0.96698,0.32109,0.70723,-0.42491,0.46495,0.73102,-0.88243,-0.04971,
1403638187045097216,6.77938,-9.10868,0.96664,0.30836,0.71400,-0.41266,0.47417,0.81294,-0.86110,0.01582,
1403638187145096960,6.86607,-9.20377,0.97508,0.29228,0.71895,-0.39549,0.49119,0.86177,-0.84392,0.10401,
1403638187245096960,6.95247,-9.28641,0.99016,0.27470,0.72383,-0.37537,0.50962,0.86472,-0.80473,0.18169,
1403638187345096960,7.03826,-9.36457,1.01283,0.26127,0.72889,-0.35305,0.52518,0.84280,-0.75669,0.25424,
1403638187445096960,7.12087,-9.44041,1.04261,0.25185,0.73223,-0.33404,0.53744,0.81457,-0.70986,0.29222,
1403638187545097216,7.19953,-9.51041,1.07444,0.24277,0.73788,-0.32248,0.54093,0.75273,-0.64780,0.28088,
1403638187645096960,7.27137,-9.57048,1.10330,0.23397,0.74586,-0.31765,0.53671,0.71187,-0.60197,0.26113,
1403638187745096960,7.34311,-9.63275,1.12907,0.23162,0.75136,-0.31347,0.53250,0.70063,-0.57365,0.21724,
1403638187845096960,7.41098,-9.68901,1.15015,0.23357,0.75387,-0.30952,0.53040,0.68656,-0.53985,0.17033,
1403638187945096960,7.47890,-9.73717,1.16579,0.24029,0.75436,-0.30467,0.52951,0.69320,-0.47934,0.13903,
1403638188045097216,7.54302,-9.77535,1.18284,0.24909,0.75184,-0.30012,0.53161,0.69045,-0.39986,0.11060,
1403638188145096960,7.61249,-9.81169,1.19056,0.25835,0.74982,-0.29589,0.53243,0.69215,-0.31593,0.05496,
1403638188245096960,7.67683,-9.83029,1.19748,0.26158,0.74336,-0.29587,0.53987,0.68845,-0.20999,0.00694,
1403638188345096960,7.74760,-9.85008,1.19673,0.25836,0.73045,-0.29908,0.55700,0.67019,-0.11151,-0.02576,
1403638188445096960,7.81612,-9.86114,1.19599,0.25740,0.71880,-0.30118,0.57128,0.60495,0.00282,-0.06712,
1403638188545097216,7.87804,-9.86160,1.19153,0.25591,0.71040,-0.30309,0.58135,0.52057,0.11725,-0.08105,
1403638188645096960,7.93078,-9.84785,1.18842,0.25286,0.71042,-0.30213,0.58316,0.41727,0.25626,-0.02491,
1403638188745096960,7.96790,-9.81646,1.19109,0.24540,0.71707,-0.29928,0.57968,0.29427,0.39839,0.05098,
1403638188845096960,8.00008,-9.77822,1.20342,0.23858,0.72654,-0.29609,0.57233,0.24213,0.46547,0.16224,
1403638188945096960,8.03536,-9.74160,1.22991,0.23257,0.73297,-0.29375,0.56779,0.20193,0.51330,0.28450,
1403638189045097216,8.05840,-9.69137,1.26407,0.22671,0.73804,-0.29013,0.56543,0.14001,0.60260,0.35881,
1403638189145096960,8.07412,-9.63184,1.29950,0.21816,0.74188,-0.28260,0.56759,0.09090,0.65853,0.33992,
1403638189245096960,8.08429,-9.56554,1.32947,0.20513,0.74759,-0.27232,0.56998,0.03565,0.70703,0.28146,
1403638189345096960,8.08549,-9.49072,1.35264,0.19098,0.75708,-0.25951,0.56834,-0.02604,0.74021,0.21254,
1403638189445096960,8.07953,-9.41294,1.37016,0.17777,0.77187,-0.24920,0.55724,-0.06526,0.75692,0.21416,
1403638189545097216,8.07238,-9.33442,1.39137,0.16696,0.78312,-0.24176,0.54809,-0.08563,0.75625,0.28783,
1403638189645096960,8.06689,-9.25594,1.42087,0.15944,0.78930,-0.23693,0.54356,-0.05247,0.73069,0.34991,
1403638189745096960,8.06429,-9.18069,1.44921,0.15065,0.79547,-0.23712,0.53694,-0.03813,0.69804,0.29956,
1403638189845096960,8.06242,-9.10875,1.47126,0.14587,0.80048,-0.23768,0.53052,-0.00740,0.65459,0.23297,
1403638189945096960,8.06522,-9.04187,1.48726,0.14495,0.80475,-0.23745,0.52439,0.04384,0.60483,0.18072,
1403638190045097216,8.07305,-8.98023,1.49861,0.14798,0.80206,-0.23633,0.52815,0.09651,0.55414,0.12917,
1403638190145096960,8.08573,-8.92708,1.50935,0.15290,0.79498,-0.23406,0.53837,0.13547,0.50836,0.07998,
1403638190245096960,8.09948,-8.87627,1.51341,0.16164,0.78684,-0.22921,0.54974,0.14717,0.50187,0.04036,
1403638190345096960,8.11646,-8.82108,1.50502,0.17545,0.78204,-0.21488,0.55808,0.15508,0.53799,-0.03052,
1403638190445096960,8.13297,-8.76409,1.48981,0.18485,0.78088,-0.19831,0.56279,0.14575,0.59870,-0.08484,
1403638190545097216,8.14807,-8.70143,1.46966,0.18266,0.78268,-0.19040,0.56373,0.13989,0.68524,-0.15499,
1403638190645096960,8.16273,-8.63340,1.44744,0.17641,0.78533,-0.18673,0.56327,0.13707,0.75081,-0.16790,
1403638190745096960,8.17593,-8.55893,1.42806,0.17006,0.78646,-0.18486,0.56425,0.11398,0.82783,-0.12107,
1403638190845096960,8.18842,-8.47531,1.41292,0.15791,0.78679,-0.18909,0.56593,0.10198,0.87136,-0.08411,
1403638190945096960,8.20142,-8.38644,1.40804,0.15048,0.78782,-0.19121,0.56581,0.06971,0.89852,-0.00972,
1403638191045097216,8.21004,-8.29368,1.41129,0.14652,0.78519,-0.19208,0.57019,0.03115,0.92607,0.06368,
1403638191145096960,8.21487,-8.19920,1.42134,0.14533,0.78517,-0.19230,0.57044,0.00100,0.93974,0.10863,
1403638191245096960,8.21794,-8.10693,1.43707,0.14289,0.79163,-0.19420,0.56141,-0.01899,0.94821,0.17577,
1403638191345096960,8.21243,-8.01231,1.45671,0.14060,0.79810,-0.19595,0.55216,-0.02863,0.94906,0.21442,
1403638191445096960,8.21542,-7.92181,1.47929,0.14105,0.80122,-0.19707,0.54710,-0.01114,0.94100,0.16171,
1403638191545097216,8.22165,-7.83497,1.49840,0.14137,0.80170,-0.19817,0.54591,0.02113,0.91562,0.11229,
1403638191645096960,8.22436,-7.74247,1.50547,0.14397,0.80162,-0.19754,0.54557,0.04707,0.90279,0.04862,
1403638191745096960,8.23130,-7.65125,1.50696,0.14988,0.80293,-0.19427,0.54323,0.07954,0.89650,-0.00975,
1403638191845096960,8.25123,-7.56846,1.51089,0.15466,0.80413,-0.19147,0.54111,0.13059,0.90360,-0.04825,
1403638191945096960,8.26565,-7.47543,1.50353,0.15501,0.80375,-0.19188,0.54142,0.16944,0.91689,-0.05794,
1403638192045097216,8.28515,-7.38212,1.50026,0.15599,0.80344,-0.19107,0.54189,0.20876,0.93091,0.01331,
1403638192145096960,8.33051,-7.30200,1.51635,0.15477,0.80320,-0.19190,0.54230,0.29235,0.93063,0.11644,
1403638192245096960,8.35638,-7.20840,1.53220,0.15295,0.80057,-0.19260,0.54645,0.33232,0.94264,0.23531,
1403638192345096960,8.40567,-7.13417,1.56918,0.15053,0.79512,-0.19355,0.55468,0.38161,0.92518,0.32571,
1403638192445096960,8.44114,-7.04179,1.60293,0.14944,0.79265,-0.19382,0.55840,0.37475,0.94089,0.38197,
1403638192545097216,8.49135,-6.96238,1.64774,0.14958,0.78999,-0.19361,0.56220,0.37447,0.94355,0.44804,
1403638192645096960,8.53633,-6.86924,1.69462,0.15197,0.78384,-0.19220,0.57058,0.37231,0.95426,0.44200,
1403638192745096960,8.57713,-6.77627,1.73682,0.15182,0.77708,-0.19288,0.57957,0.33246,0.97265,0.38226,
1403638192845096960,8.61107,-6.67478,1.77124,0.14976,0.77036,-0.19433,0.58852,0.27119,1.00187,0.33336,
1403638192945096960,8.63869,-6.56699,1.80149,0.14250,0.75844,-0.19872,0.60413,0.18858,1.02786,0.30211,
1403638193045097216,8.65237,-6.45660,1.82737,0.13278,0.74993,-0.20194,0.61579,0.05330,1.04735,0.28742,
1403638193145096960,8.65112,-6.34548,1.85622,0.12648,0.75485,-0.19699,0.61270,-0.09001,1.05702,0.33001,
1403638193245096960,8.63903,-6.23032,1.89150,0.12458,0.76452,-0.18854,0.60368,-0.21458,1.06832,0.41927,
1403638193345096960,8.61255,-6.11529,1.93724,0.12562,0.77199,-0.17974,0.59662,-0.32768,1.07757,0.53133,
1403638193445096960,8.57372,-6.00052,1.99190,0.12934,0.77456,-0.17101,0.59505,-0.39533,1.08103,0.56238,
1403638193545097216,8.52590,-5.88943,2.04446,0.12927,0.77452,-0.16627,0.59646,-0.47489,1.10400,0.49408,
1403638193645096960,8.47496,-5.77786,2.09010,0.12734,0.77930,-0.16495,0.59099,-0.53322,1.12902,0.41906,
1403638193745096960,8.41053,-5.66581,2.12458,0.12216,0.78774,-0.16679,0.58028,-0.59094,1.13680,0.34504,
1403638193845096960,8.34135,-5.55701,2.15173,0.12036,0.79358,-0.16750,0.57245,-0.63141,1.12732,0.28016,
1403638193945096960,8.27234,-5.44648,2.17471,0.11930,0.79728,-0.16849,0.56721,-0.64395,1.11884,0.23317,
1403638194045097216,8.20366,-5.33772,2.19277,0.11801,0.79798,-0.16952,0.56619,-0.63884,1.09785,0.19197,
1403638194145096960,8.13982,-5.22901,2.20871,0.12079,0.79307,-0.16883,0.57267,-0.63199,1.09110,0.13345,
1403638194245096960,8.06877,-5.12420,2.21528,0.12293,0.78781,-0.16823,0.57961,-0.66552,1.09009,0.06912,
1403638194345096960,8.00035,-5.01729,2.21934,0.12191,0.78898,-0.16943,0.57787,-0.69472,1.07878,0.02507,
1403638194445096960,7.92088,-4.91981,2.22023,0.11927,0.79300,-0.17168,0.57224,-0.73157,1.07350,0.08244,
1403638194545097216,7.84691,-4.81311,2.23396,0.11859,0.79699,-0.17320,0.56634,-0.75093,1.06340,0.15813,
1403638194645096960,7.76477,-4.71712,2.24624,0.11739,0.80140,-0.17464,0.55989,-0.74574,1.03539,0.18425,
1403638194745096960,7.68653,-4.61940,2.26195,0.11663,0.80654,-0.17613,0.55216,-0.72322,1.00608,0.15972,
1403638194845096960,7.61579,-4.51890,2.27588,0.11687,0.81036,-0.17709,0.54617,-0.68951,0.97659,0.10559,
1403638194945096960,7.54476,-4.42078,2.28418,0.11864,0.81254,-0.17667,0.54267,-0.64368,0.94942,0.04723,
1403638195045097216,7.48197,-4.32758,2.28671,0.11860,0.81390,-0.17716,0.54047,-0.59594,0.92159,-0.01584,
1403638195145096960,7.42134,-4.23445,2.28522,0.11855,0.81552,-0.17716,0.53803,-0.54475,0.88388,-0.06667,
1403638195245096960,7.36980,-4.14952,2.27289,0.11471,0.82187,-0.18003,0.52817,-0.48331,0.85550,-0.12729,
1403638195345096960,7.32345,-4.06448,2.25989,0.11106,0.82845,-0.18264,0.51767,-0.38993,0.79898,-0.14883,
1403638195445096960,7.28930,-3.98755,2.24499,0.11215,0.82502,-0.18211,0.52306,-0.27914,0.73454,-0.13079,
1403638195545097216,7.26484,-3.91964,2.22783,0.11435,0.81449,-0.18044,0.53942,-0.22180,0.69541,-0.17519,
1403638195645096960,7.24453,-3.85271,2.20741,0.11698,0.80736,-0.17818,0.55022,-0.18503,0.66953,-0.21649,
1403638195745096960,7.22646,-3.79075,2.18673,0.11633,0.80764,-0.17815,0.54995,-0.15942,0.63622,-0.16919,
1403638195845096960,7.20764,-3.73065,2.17193,0.11466,0.81104,-0.17872,0.54509,-0.11931,0.60610,-0.10307,
1403638195945096960,7.19583,-3.66962,2.16525,0.11332,0.81635,-0.17895,0.53731,-0.06235,0.55905,-0.04941,
1403638196045097216,7.18441,-3.61205,2.16547,0.11230,0.81896,-0.17921,0.53346,0.00866,0.51668,0.04611,
1403638196145096960,7.18196,-3.55545,2.17564,0.11396,0.81678,-0.17802,0.53683,0.09873,0.47579,0.16175,
1403638196245096960,7.18938,-3.50313,2.19261,0.11603,0.81060,-0.17618,0.54628,0.11450,0.45500,0.20411,
1403638196345096960,7.19922,-3.45250,2.20985,0.11828,0.80676,-0.17465,0.55195,0.13466,0.44887,0.16282,
1403638196445096960,7.19468,-3.38545,2.21906,0.11659,0.80678,-0.17598,0.55185,0.13384,0.45215,0.07931,
1403638196545097216,7.20829,-3.34102,2.22450,0.11475,0.80816,-0.17806,0.54955,0.15017,0.43873,0.00496,
1403638196645096960,7.21941,-3.30535,2.22273,0.11282,0.81393,-0.17985,0.54078,0.16850,0.40173,-0.07459,
1403638196745096960,7.23914,-3.26892,2.21513,0.11025,0.81838,-0.18235,0.53372,0.21893,0.35579,-0.10906,
1403638196845096960,7.26012,-3.23593,2.20757,0.11005,0.81900,-0.18266,0.53269,0.27684,0.31417,-0.12306,
1403638196945096960,7.29163,-3.20588,2.19613,0.11240,0.81427,-0.18131,0.53987,0.33461,0.27123,-0.09076,
1403638197045097216,7.32462,-3.18025,2.19099,0.11417,0.80908,-0.18011,0.54765,0.34563,0.24584,-0.02009,
1403638197145096960,7.36108,-3.15779,2.19019,0.11604,0.80656,-0.17906,0.55130,0.35506,0.21805,0.01316,
1403638197245096960,7.39710,-3.13418,2.19830,0.12001,0.80539,-0.17609,0.55312,0.39478,0.20393,0.10190,
1403638197345096960,7.43687,-3.11331,2.21327,0.13042,0.80208,-0.16890,0.55779,0.38761,0.22210,0.16171,
1403638197445096960,7.47645,-3.09137,2.23362,0.13683,0.79945,-0.16466,0.56129,0.40057,0.24695,0.23723,
1403638197545097216,7.51112,-3.06753,2.26372,0.13590,0.79758,-0.16471,0.56416,0.38559,0.28658,0.30701,
1403638197645096960,7.54727,-3.03869,2.29668,0.13644,0.79684,-0.16408,0.56525,0.37653,0.31952,0.35411,
1403638197745096960,7.58051,-3.00475,2.33431,0.13625,0.79748,-0.16362,0.56453,0.35847,0.34113,0.33351,
1403638197845096960,7.61609,-2.96970,2.36390,0.13338,0.79575,-0.16525,0.56716,0.35304,0.37295,0.26338,
1403638197945096960,7.65044,-2.93245,2.38826,0.12973,0.78933,-0.16689,0.57644,0.33687,0.38834,0.18325,
1403638198045097216,7.67979,-2.89153,2.40063,0.12839,0.78151,-0.16740,0.58714,0.29793,0.40755,-0.00888,
1403638198145096960,7.70628,-2.84707,2.39317,0.12599,0.78326,-0.16909,0.58484,0.23201,0.43544,-0.21385,
1403638198245096960,7.73065,-2.79763,2.36913,0.12472,0.78697,-0.17022,0.57978,0.17626,0.46656,-0.33716,
1403638198345096960,7.75104,-2.74659,2.33536,0.12553,0.78947,-0.16959,0.57638,0.14173,0.48433,-0.38626,
1403638198445096960,7.77421,-2.69241,2.29827,0.12975,0.79442,-0.16671,0.56945,0.12061,0.49701,-0.42409,
1403638198545097216,7.78962,-2.63727,2.25597,0.13752,0.79707,-0.16080,0.56561,0.10979,0.53515,-0.45095,
1403638198645096960,7.81578,-2.57572,2.21280,0.15515,0.79655,-0.14861,0.56511,0.12430,0.59420,-0.45054,
1403638198745096960,7.83015,-2.51168,2.16934,0.17113,0.79489,-0.13659,0.56587,0.12868,0.69702,-0.39803,
1403638198845096960,7.85270,-2.43407,2.13526,0.17830,0.79280,-0.13070,0.56797,0.11569,0.84806,-0.30604,
1403638198945096960,7.86284,-2.34096,2.10936,0.17815,0.79338,-0.13068,0.56722,0.11870,0.99401,-0.22950,
1403638199045097216,7.88275,-2.23259,2.09184,0.17507,0.79441,-0.13327,0.56613,0.12947,1.13625,-0.12309,
1403638199145096960,7.89629,-2.11352,2.08578,0.17252,0.79447,-0.13581,0.56622,0.14782,1.25910,-0.01305,
1403638199245096960,7.92149,-1.98175,2.09053,0.16887,0.79241,-0.13869,0.56951,0.16499,1.38042,0.11075,
1403638199345096960,7.93707,-1.83899,2.10464,0.16836,0.78942,-0.13921,0.57366,0.15538,1.48738,0.16108,
1403638199445096960,7.96044,-1.68441,2.12340,0.17320,0.78995,-0.13653,0.57214,0.13594,1.60354,0.23130,
1403638199545097216,7.98026,-1.51751,2.14977,0.17737,0.79385,-0.13372,0.56609,0.15556,1.72464,0.29020,
1403638199645096960,7.99485,-1.33907,2.18277,0.17329,0.79679,-0.12916,0.56428,0.17191,1.84612,0.34198,
1403638199745096960,8.01526,-1.15108,2.22035,0.15843,0.79871,-0.12764,0.56628,0.17619,1.94637,0.36312,
1403638199845096960,8.03662,-0.95485,2.25500,0.13937,0.80193,-0.13166,0.56581,0.17906,1.99939,0.31201,
1403638199945096960,8.05638,-0.75553,2.28392,0.12667,0.80413,-0.13285,0.56540,0.18601,2.02584,0.26017,
1403638200045097216,8.07591,-0.55272,2.30931,0.11838,0.80524,-0.12881,0.56655,0.18782,2.03897,0.21003,
1403638200145096960,8.09624,-0.34968,2.33249,0.11648,0.80674,-0.11481,0.56783,0.18689,2.05816,0.20704,
1403638200245096960,8.11555,-0.14362,2.35893,0.11199,0.80344,-0.09799,0.57649,0.19218,2.09946,0.26719,
1403638200345096960,8.13236,0.06878,2.39091,0.10298,0.80052,-0.08168,0.58471,0.17609,2.14792,0.32615,
1403638200445096960,8.14661,0.28432,2.43028,0.09858,0.80063,-0.06372,0.58755,0.13906,2.19724,0.39178,
1403638200545097216,8.15895,0.50393,2.47817,0.09802,0.80227,-0.04720,0.58697,0.11988,2.24929,0.47715,
1403638200645096960,8.16812,0.73117,2.53162,0.09513,0.80410,-0.03044,0.58604,0.09594,2.32658,0.54031,
1403638200745096960,8.17532,0.96814,2.58827,0.09280,0.80663,-0.01423,0.58355,0.08054,2.40780,0.55877,
1403638200845096960,8.17972,1.21358,2.64133,0.08713,0.81004,-0.00564,0.57983,0.05389,2.49155,0.50729,
1403638200945096960,8.18260,1.46702,2.68753,0.07398,0.81239,-0.00702,0.57836,0.05104,2.56733,0.43349,
1403638201045097216,8.18516,1.72630,2.72698,0.05865,0.81254,-0.01326,0.57980,0.03097,2.60769,0.35721,
1403638201145096960,8.18613,1.98810,2.75838,0.05129,0.81292,-0.01686,0.57987,0.01832,2.62914,0.28913,
1403638201245096960,8.18584,2.25055,2.78381,0.04612,0.81126,-0.02152,0.58247,0.00972,2.63106,0.20728,
1403638201345096960,8.18455,2.51587,2.80007,0.04732,0.81231,-0.02272,0.58085,-0.00300,2.63157,0.15459,
1403638201445096960,8.17953,2.77920,2.81020,0.04983,0.81163,-0.02338,0.58158,-0.01989,2.63202,0.08011,
1403638201545097216,8.17271,3.04210,2.81216,0.05159,0.81020,-0.02462,0.58336,-0.04111,2.62573,0.01160,
1403638201645096960,8.16171,3.30475,2.80753,0.05328,0.80832,-0.02573,0.58576,-0.07003,2.63583,-0.08200,
1403638201745096960,8.14727,3.56493,2.79338,0.05328,0.80790,-0.02783,0.58625,-0.10623,2.62917,-0.16523,
1403638201845096960,8.13006,3.82357,2.77072,0.05243,0.80711,-0.02953,0.58732,-0.13679,2.63521,-0.22947,
1403638201945096960,8.11134,4.08596,2.74625,0.05167,0.80830,-0.02773,0.58585,-0.18864,2.64611,-0.22558,
1403638202045097216,8.08425,4.34681,2.72437,0.04503,0.80902,-0.02234,0.58563,-0.26546,2.64745,-0.18227,
1403638202145096960,8.05241,4.60824,2.70627,0.03284,0.81235,-0.02156,0.58184,-0.30138,2.63813,-0.12834,
1403638202245096960,8.01524,4.86770,2.69478,0.02221,0.81622,-0.02189,0.57690,-0.35530,2.59975,-0.06446,
1403638202345096960,7.97882,5.12471,2.69112,0.01565,0.81917,-0.02086,0.57295,-0.33518,2.54530,0.00756,
1403638202445096960,7.94450,5.37643,2.68913,0.01399,0.82060,-0.01848,0.57104,-0.30678,2.50545,-0.03752,
1403638202545097216,7.90990,5.62248,2.67917,0.01097,0.82144,-0.01855,0.56989,-0.29578,2.45421,-0.11694,
1403638202645096960,7.87977,5.86497,2.66320,0.00882,0.82284,-0.01949,0.56787,-0.27782,2.39522,-0.16712,
1403638202745096960,7.85337,6.10164,2.64238,0.00885,0.82285,-0.01977,0.56784,-0.26128,2.32892,-0.23544,
1403638202845096960,7.82738,6.33063,2.61649,0.01044,0.82169,-0.01933,0.56952,-0.24326,2.27655,-0.25129,
1403638202945096960,7.80403,6.55330,2.58886,0.01086,0.82089,-0.01990,0.57063,-0.25006,2.22080,-0.22949,
1403638203045097216,7.77879,6.77016,2.56489,0.00968,0.81958,-0.02109,0.57250,-0.24455,2.16820,-0.19231,
1403638203145096960,7.75443,6.98084,2.54715,0.01136,0.81854,-0.02036,0.57398,-0.25187,2.10475,-0.09799,
1403638203245096960,7.72949,7.18590,2.53671,0.01478,0.81514,-0.01795,0.57880,-0.25314,2.06416,-0.02640,
1403638203345096960,7.70131,7.38545,2.52994,0.01296,0.81350,-0.01903,0.58111,-0.29303,2.00871,-0.03127,
1403638203445096960,7.67288,7.58117,2.52002,0.01075,0.81191,-0.02007,0.58334,-0.30469,1.95942,-0.09064,
1403638203545097216,7.64424,7.77212,2.50366,0.00911,0.81270,-0.02120,0.58223,-0.31640,1.91494,-0.14202,
1403638203645096960,7.61494,7.95746,2.48673,0.00784,0.81435,-0.02208,0.57991,-0.31318,1.85923,-0.09122,
1403638203745096960,7.58311,8.13781,2.47680,0.00688,0.81383,-0.02257,0.58063,-0.34931,1.79507,-0.02331,
1403638203845096960,7.55064,8.31602,2.47454,0.00798,0.81374,-0.02137,0.58078,-0.34820,1.74045,0.03425,
1403638203945096960,7.51651,8.49001,2.47878,0.00810,0.81407,-0.02040,0.58036,-0.37152,1.68929,0.09106,
1403638204045097216,7.48025,8.65853,2.48956,0.00601,0.81533,-0.02047,0.57860,-0.40290,1.64936,0.15974,
1403638204145096960,7.44258,8.82412,2.50718,0.00331,0.81789,-0.02098,0.57498,-0.39745,1.60143,0.22755,
1403638204245096960,7.40497,8.98399,2.53235,-0.00296,0.82081,-0.02505,0.57064,-0.37932,1.54732,0.29016,
1403638204345096960,7.36747,9.13353,2.56224,-0.01443,0.82524,-0.03359,0.56359,-0.36175,1.46768,0.31009,
1403638204445096960,7.33307,9.27462,2.59352,-0.02152,0.82882,-0.03994,0.55768,-0.32541,1.36182,0.29309,
1403638204545097216,7.30113,9.40739,2.62089,-0.02336,0.82894,-0.04257,0.55723,-0.28323,1.26738,0.26136,
1403638204645096960,7.26946,9.53245,2.64213,-0.02505,0.82727,-0.03979,0.55984,-0.25290,1.17422,0.17941,
1403638204745096960,7.24241,9.65019,2.65568,-0.02347,0.82718,-0.02710,0.56080,-0.22392,1.09587,0.11643,
1403638204845096960,7.21873,9.76098,2.66239,-0.01986,0.82608,-0.00513,0.56319,-0.20410,1.04565,0.04138,
1403638204945096960,7.19755,9.86753,2.66021,-0.02128,0.82351,0.02350,0.56642,-0.19360,1.03666,-0.02633,
1403638205045097216,7.17739,9.97216,2.65143,-0.03176,0.82064,0.05557,0.56785,-0.17472,1.04632,-0.08798,
1403638205145096960,7.15912,10.07500,2.63894,-0.05195,0.81754,0.09098,0.56626,-0.18091,1.05940,-0.08480,
1403638205245096960,7.14211,10.17680,2.63123,-0.07827,0.81106,0.12994,0.56496,-0.17800,1.07085,-0.00382,
1403638205345096960,7.12523,10.28020,2.63047,-0.10757,0.80141,0.16919,0.56351,-0.17869,1.07611,0.05887,
1403638205445096960,7.10824,10.38022,2.63777,-0.13253,0.78876,0.20815,0.56300,-0.18121,1.05293,0.14112,
1403638205545097216,7.08962,10.47866,2.65185,-0.14434,0.77555,0.24355,0.56425,-0.22448,1.02449,0.20078,
1403638205645096960,7.06490,10.57833,2.67306,-0.14840,0.76196,0.27023,0.56954,-0.28074,1.02718,0.26522,
1403638205745096960,7.03342,10.68180,2.70072,-0.15198,0.75048,0.28897,0.57460,-0.36430,1.06141,0.31374,
1403638205845096960,6.99084,10.79200,2.73197,-0.16145,0.74380,0.30463,0.57263,-0.49300,1.09989,0.34817,
1403638205945096960,6.93762,10.90570,2.76714,-0.17506,0.73883,0.32089,0.56614,-0.58230,1.15954,0.37195,
1403638206045097216,6.87479,11.02458,2.80825,-0.19281,0.73386,0.33698,0.55742,-0.69018,1.18394,0.45037,
1403638206145096960,6.80234,11.14093,2.85453,-0.20991,0.72572,0.35333,0.55175,-0.77011,1.18894,0.48370,
1403638206245096960,6.72117,11.25954,2.90053,-0.22516,0.71706,0.36901,0.54677,-0.84257,1.18650,0.44029,
1403638206345096960,6.63339,11.37593,2.94148,-0.24591,0.71071,0.37823,0.53977,-0.89984,1.16818,0.37084,
1403638206445096960,6.53909,11.48972,2.97561,-0.26189,0.70696,0.38244,0.53419,-0.94456,1.12338,0.30602,
1403638206545097216,6.44158,11.59785,3.00402,-0.27288,0.70344,0.38428,0.53202,-0.97940,1.06888,0.23695,
1403638206645096960,6.34157,11.70163,3.02643,-0.27896,0.70042,0.38602,0.53159,-1.01267,1.01121,0.17515,
1403638206745096960,6.23886,11.79893,3.04369,-0.28524,0.69732,0.39176,0.52812,-1.04718,0.94827,0.09716,
1403638206845096960,6.13335,11.89209,3.05550,-0.29067,0.69434,0.39798,0.52443,-1.05760,0.88593,0.04089,
1403638206945096960,6.02680,11.97950,3.06093,-0.29686,0.69050,0.40069,0.52395,-1.06893,0.83175,-0.00141,
1403638207045097216,5.91795,12.05951,3.06028,-0.30229,0.68721,0.40157,0.52450,-1.08731,0.76418,-0.05856,
1403638207145096960,5.80690,12.13091,3.05208,-0.30476,0.68477,0.40249,0.52557,-1.10623,0.68124,-0.14995,
1403638207245096960,5.69230,12.19711,3.03532,-0.30877,0.68207,0.40476,0.52498,-1.13669,0.61105,-0.22344,
1403638207345096960,5.57230,12.26087,3.01322,-0.31614,0.67628,0.41047,0.52366,-1.17208,0.53990,-0.27917,
1403638207445096960,5.44903,12.31495,2.98871,-0.32585,0.66706,0.42079,0.52133,-1.20663,0.45528,-0.24514,
1403638207545097216,5.32255,12.35456,2.97014,-0.33704,0.65848,0.43480,0.51358,-1.24103,0.34691,-0.17375,
1403638207645096960,5.19209,12.38429,2.95743,-0.34347,0.65601,0.44905,0.50003,-1.26211,0.22780,-0.12660,
1403638207745096960,5.06290,12.40745,2.95087,-0.34776,0.65714,0.45966,0.48575,-1.24367,0.16039,-0.03786,
1403638207845096960,4.93702,12.41925,2.95258,-0.35021,0.65891,0.46690,0.47455,-1.20863,0.10265,0.05343,
1403638207945096960,4.81631,12.42770,2.96147,-0.34946,0.66221,0.47235,0.46502,-1.15873,0.06820,0.12364,
1403638208045097216,4.70003,12.43391,2.97377,-0.34863,0.66291,0.47458,0.46236,-1.12455,0.03004,0.11875,
1403638208145096960,4.58269,12.44071,2.98302,-0.35228,0.66091,0.47144,0.46566,-1.08970,0.00937,0.06137,
1403638208245096960,4.46919,12.44433,2.98530,-0.35416,0.65794,0.46843,0.47145,-1.05857,-0.02772,-0.02158,
1403638208345096960,4.35943,12.44309,2.97872,-0.35148,0.65957,0.46831,0.47128,-1.03545,-0.05615,-0.09775,
1403638208445096960,4.25194,12.43865,2.96546,-0.34767,0.66222,0.47003,0.46868,-1.01944,-0.08626,-0.13539,
1403638208545097216,4.14956,12.42929,2.95521,-0.34911,0.66179,0.47441,0.46378,-1.00492,-0.11561,-0.08081,
1403638208645096960,4.04361,12.41962,2.95090,-0.35322,0.65630,0.48318,0.45939,-0.97627,-0.12839,-0.01284,
1403638208745096960,3.94057,12.40909,2.95358,-0.36018,0.65170,0.48912,0.45423,-0.95003,-0.14502,0.06705,
1403638208845096960,3.84148,12.39570,2.96055,-0.36577,0.64639,0.49423,0.45180,-0.90789,-0.16662,0.07176,
1403638208945096960,3.74608,12.37993,2.96488,-0.36819,0.64109,0.49956,0.45154,-0.87956,-0.18479,0.02245,
1403638209045097216,3.65517,12.36223,2.96272,-0.37031,0.63827,0.50257,0.45045,-0.85592,-0.21320,-0.04265,
1403638209145096960,3.56754,12.34205,2.95379,-0.37187,0.63690,0.50455,0.44889,-0.82611,-0.24282,-0.12674,
1403638209245096960,3.48126,12.31985,2.93902,-0.37275,0.63649,0.50536,0.44784,-0.79566,-0.26003,-0.18513,
1403638209345096960,3.39399,12.29787,2.91777,-0.37360,0.63749,0.50522,0.44585,-0.77320,-0.27009,-0.24046,
1403638209445096960,3.31158,12.27193,2.89070,-0.37485,0.63777,0.50476,0.44491,-0.74068,-0.27568,-0.30419,
1403638209545097216,3.22442,12.24850,2.85612,-0.37705,0.63606,0.50252,0.44804,-0.71922,-0.27891,-0.41368,
1403638209645096960,3.14783,12.21931,2.80443,-0.37819,0.63662,0.50070,0.44831,-0.69463,-0.29550,-0.61430,
1403638209745096960,3.05592,12.18878,2.73436,-0.37618,0.63791,0.50059,0.44830,-0.67983,-0.31803,-0.79794,
1403638209845096960,2.98041,12.15469,2.64676,-0.37305,0.63590,0.50214,0.45202,-0.66557,-0.33383,-0.93924,
1403638209945096960,2.88806,12.11547,2.54944,-0.37320,0.63282,0.50096,0.45748,-0.67079,-0.36594,-0.99630,
1403638210045097216,2.81749,12.07548,2.44845,-0.37579,0.62857,0.49872,0.46364,-0.66200,-0.40799,-0.99340,
1403638210145096960,2.73397,12.02728,2.35205,-0.38013,0.62553,0.49510,0.46807,-0.67725,-0.47081,-0.92347,
1403638210245096960,2.66675,11.97768,2.26205,-0.38294,0.62390,0.49296,0.47022,-0.67216,-0.55720,-0.87686,
1403638210345096960,2.59926,11.91718,2.17717,-0.38154,0.62346,0.49378,0.47106,-0.67226,-0.65322,-0.84677,
1403638210445096960,2.52620,11.84249,2.09234,-0.38126,0.62454,0.49382,0.46983,-0.66727,-0.71753,-0.87196,
1403638210545097216,2.45858,11.76632,2.00264,-0.38255,0.62454,0.49248,0.47018,-0.65614,-0.78113,-0.92616,
1403638210645096960,2.38810,11.67989,1.90772,-0.38377,0.62395,0.49102,0.47149,-0.66010,-0.84620,-0.97874,
1403638210745096960,2.32056,11.59188,1.81117,-0.38494,0.62465,0.48964,0.47105,-0.65351,-0.93398,-0.94376,
1403638210845096960,2.25008,11.48812,1.72096,-0.38445,0.62598,0.48970,0.46963,-0.65944,-1.02698,-0.87879,
1403638210945096960,2.18534,11.38483,1.63719,-0.38210,0.62959,0.49164,0.46465,-0.62977,-1.07132,-0.79462,
1403638211045097216,2.12073,11.26772,1.56164,-0.38109,0.63276,0.49290,0.45982,-0.62136,-1.14150,-0.72464,
1403638211145096960,2.05807,11.14712,1.49647,-0.37928,0.63543,0.49464,0.45575,-0.59840,-1.15836,-0.62583,
1403638211245096960,1.99936,11.02652,1.43839,-0.37865,0.63742,0.49544,0.45261,-0.55466,-1.15731,-0.56116,
1403638211345096960,1.94619,10.90828,1.38870,-0.37651,0.63961,0.49424,0.45263,-0.50668,-1.17673,-0.50926,
1403638211445096960,1.89813,10.78822,1.33754,-0.37191,0.64502,0.48812,0.45538,-0.47777,-1.20767,-0.55513,
1403638211545097216,1.85178,10.66562,1.27990,-0.36560,0.65268,0.47829,0.45998,-0.44838,-1.23605,-0.61175,
1403638211645096960,1.80914,10.53900,1.21810,-0.36009,0.66285,0.46284,0.46557,-0.41278,-1.27620,-0.66647,
1403638211745096960,1.76934,10.41000,1.15030,-0.35101,0.67578,0.44411,0.47210,-0.36905,-1.29054,-0.69652,
1403638211845096960,1.73245,10.27805,1.08247,-0.34143,0.69142,0.42154,0.47714,-0.32144,-1.31139,-0.66592,
1403638211945096960,1.70222,10.14328,1.02031,-0.32932,0.70482,0.39971,0.48478,-0.26359,-1.35202,-0.59377,
1403638212045097216,1.67857,10.00476,0.96794,-0.31620,0.71695,0.37908,0.49223,-0.20216,-1.38323,-0.51937,
1403638212145096960,1.65962,9.86304,0.92291,-0.29997,0.72663,0.36102,0.50169,-0.14546,-1.40363,-0.41677,
1403638212245096960,1.64442,9.71861,0.88677,-0.28332,0.73529,0.34260,0.51157,-0.13309,-1.45263,-0.33488,
1403638212345096960,1.63119,9.57090,0.85969,-0.26780,0.74425,0.32406,0.51900,-0.10656,-1.47963,-0.26041,
1403638212445096960,1.62020,9.42096,0.83796,-0.25119,0.75194,0.30567,0.52732,-0.08082,-1.50494,-0.15761,
1403638212545097216,1.60848,9.26424,0.82481,-0.23915,0.75961,0.28397,0.53401,-0.08003,-1.54489,-0.09430,
1403638212645096960,1.59704,9.10316,0.81726,-0.22521,0.76794,0.26297,0.53888,-0.07837,-1.58307,-0.02678,
1403638212745096960,1.58648,8.93688,0.81518,-0.20756,0.77595,0.24385,0.54346,-0.07202,-1.61635,0.05050,
1403638212845096960,1.57710,8.76769,0.81974,-0.19255,0.78234,0.22113,0.54952,-0.07336,-1.65182,0.08786,
1403638212945096960,1.56927,8.59540,0.82749,-0.17700,0.78950,0.19695,0.55369,-0.06874,-1.68688,0.13556,
1403638213045097216,1.56443,8.42319,0.84231,-0.15951,0.79644,0.17209,0.55734,-0.04955,-1.70307,0.19421,
1403638213145096960,1.56070,8.25109,0.86055,-0.14421,0.80375,0.14484,0.55876,-0.03853,-1.72143,0.17855,
1403638213245096960,1.55834,8.07834,0.87422,-0.13056,0.81413,0.11618,0.55377,-0.01869,-1.74330,0.09386,
1403638213345096960,1.55870,7.90138,0.87914,-0.11957,0.82484,0.08545,0.54593,0.02190,-1.76622,0.03867,
1403638213445096960,1.56475,7.72234,0.87936,-0.11026,0.83290,0.05383,0.53964,0.08970,-1.81514,-0.01091,
1403638213545097216,1.58083,7.53820,0.87530,-0.09846,0.83580,0.02594,0.53951,0.17145,-1.87905,-0.05345,
1403638213645096960,1.60499,7.34841,0.87141,-0.07613,0.82965,0.01373,0.55290,0.23750,-1.92676,-0.02262,
1403638213745096960,1.63455,7.15630,0.87294,-0.05508,0.82129,0.01034,0.56776,0.26762,-1.94989,0.02510,
1403638213845096960,1.66657,6.96519,0.88126,-0.03938,0.81655,0.00997,0.57584,0.29329,-1.94101,0.10249,
1403638213945096960,1.69750,6.77386,0.89439,-0.03095,0.81572,0.01030,0.57753,0.28593,-1.92944,0.13825,
1403638214045097216,1.72748,6.58416,0.91145,-0.02922,0.81847,0.01059,0.57371,0.26803,-1.90710,0.17558,
1403638214145096960,1.75605,6.39466,0.93245,-0.02819,0.82488,0.01291,0.56446,0.28495,-1.87595,0.23577,
1403638214245096960,1.78693,6.20752,0.95587,-0.02871,0.83128,0.01653,0.55487,0.32074,-1.84393,0.20373,
1403638214345096960,1.82096,6.02250,0.97390,-0.03060,0.83578,0.01988,0.54785,0.37076,-1.82112,0.14838,
1403638214445096960,1.86018,5.83747,0.98476,-0.03171,0.83706,0.02450,0.54565,0.42245,-1.79877,0.09033,
1403638214545097216,1.90504,5.65460,0.99013,-0.03350,0.83161,0.02837,0.55362,0.47474,-1.78340,0.05160,
1403638214645096960,1.95385,5.47600,0.99000,-0.03525,0.82499,0.03167,0.56315,0.49608,-1.75029,-0.01030,
1403638214745096960,2.00316,5.30100,0.98494,-0.03697,0.81846,0.03492,0.57230,0.48980,-1.72458,-0.06642,
1403638214845096960,2.05164,5.12913,0.97366,-0.03875,0.81429,0.03774,0.57793,0.45159,-1.70399,-0.12756,
1403638214945096960,2.09798,4.95912,0.95677,-0.03984,0.81170,0.03996,0.58134,0.43857,-1.67862,-0.18660,
1403638215045097216,2.14310,4.79218,0.93492,-0.04106,0.81088,0.04115,0.58231,0.42146,-1.64880,-0.23062,
1403638215145096960,2.18560,4.62722,0.90889,-0.04046,0.81106,0.04300,0.58197,0.38711,-1.62488,-0.27464,
1403638215245096960,2.22642,4.46519,0.87943,-0.03864,0.81306,0.04457,0.57919,0.36979,-1.59192,-0.30316,
1403638215345096960,2.26416,4.30376,0.84945,-0.03449,0.81456,0.04730,0.57712,0.35768,-1.55773,-0.31537,
1403638215445096960,2.30501,4.14502,0.82098,-0.02927,0.81388,0.05111,0.57804,0.35551,-1.50914,-0.23602,
1403638215545097216,2.34480,3.99293,0.80099,-0.02825,0.81415,0.05172,0.57766,0.33538,-1.45389,-0.15681,
1403638215645096960,2.38152,3.84757,0.78914,-0.02888,0.81215,0.05157,0.58044,0.31097,-1.39724,-0.09704,
1403638215745096960,2.41512,3.70678,0.78319,-0.03316,0.81189,0.04852,0.58084,0.29929,-1.34487,-0.06061,
1403638215845096960,2.44535,3.57069,0.77474,-0.03395,0.81228,0.04283,0.58071,0.26750,-1.32275,-0.11805,
1403638215945096960,2.47056,3.43983,0.76024,-0.03150,0.81235,0.03822,0.58107,0.23270,-1.28683,-0.16470,
1403638216045097216,2.49804,3.30734,0.74115,-0.03010,0.81253,0.03431,0.58112,0.21510,-1.26183,-0.20570,
1403638216145096960,2.52241,3.17656,0.72118,-0.02689,0.81262,0.03271,0.58125,0.18696,-1.23307,-0.15992,
1403638216245096960,2.54257,3.05169,0.70701,-0.02406,0.81143,0.03186,0.58308,0.16447,-1.19579,-0.09005,
1403638216345096960,2.55948,2.93008,0.69973,-0.02196,0.81056,0.03130,0.58440,0.13386,-1.15590,-0.02817,
1403638216445096960,2.57299,2.81286,0.69904,-0.02059,0.80945,0.03075,0.58602,0.09855,-1.11073,0.02268,
1403638216545097216,2.58284,2.70208,0.70050,-0.01976,0.80984,0.03064,0.58552,0.07006,-1.06753,-0.02152,
1403638216645096960,2.58899,2.59515,0.69475,-0.01629,0.81118,0.03223,0.58367,0.04303,-1.03067,-0.10510,
1403638216745096960,2.59232,2.49420,0.68066,-0.01364,0.81237,0.03414,0.58198,0.02815,-0.98831,-0.16587,
1403638216845096960,2.59446,2.39332,0.66290,-0.01026,0.80892,0.03251,0.58693,0.00831,-0.94025,-0.20962,
1403638216945096960,2.59414,2.29977,0.64078,-0.00599,0.80696,0.02517,0.59004,-0.02701,-0.89791,-0.23022,
1403638217045097216,2.59102,2.20359,0.61587,-0.00316,0.80811,0.01182,0.58890,-0.06946,-0.87004,-0.27049,
1403638217145096960,2.58172,2.11388,0.58868,0.00263,0.81112,-0.00340,0.58486,-0.10722,-0.84231,-0.29344,
1403638217245096960,2.57098,2.02657,0.56034,0.00999,0.81335,-0.01472,0.58150,-0.10922,-0.80280,-0.26694,
1403638217345096960,2.55953,1.94037,0.53778,0.01604,0.81459,-0.02225,0.57938,-0.12256,-0.76953,-0.18732,
1403638217445096960,2.54508,1.86271,0.52579,0.02029,0.81576,-0.02765,0.57737,-0.15054,-0.72883,-0.09195,
1403638217545097216,2.52878,1.79181,0.52148,0.02743,0.81660,-0.02834,0.57586,-0.15463,-0.69435,0.00663,
1403638217645096960,2.51129,1.72256,0.52495,0.03479,0.81719,-0.02570,0.57475,-0.16447,-0.64537,0.07493,
1403638217745096960,2.49431,1.65384,0.53388,0.04232,0.81773,-0.02135,0.57365,-0.17142,-0.57910,0.16031,
1403638217845096960,2.47595,1.59195,0.54846,0.04750,0.81898,-0.01721,0.57159,-0.17955,-0.49762,0.19840,
1403638217945096960,2.45940,1.54084,0.56642,0.04958,0.81741,-0.01426,0.57374,-0.17117,-0.42033,0.15763,
1403638218045097216,2.44346,1.49015,0.57492,0.04840,0.81549,-0.01246,0.57661,-0.16807,-0.35485,0.09271,
1403638218145096960,2.42798,1.45204,0.57938,0.04622,0.81401,-0.01207,0.57888,-0.17130,-0.27681,0.03245,
1403638218245096960,2.41124,1.42231,0.57842,0.04449,0.81118,-0.01075,0.58300,-0.18764,-0.20256,-0.01468,
1403638218345096960,2.39775,1.39163,0.57074,0.03927,0.80751,-0.01130,0.58844,-0.19258,-0.14052,-0.01701,
1403638218445096960,2.37708,1.37674,0.57251,0.03293,0.80726,-0.01298,0.58913,-0.24162,-0.07667,0.05148,
1403638218545097216,2.35770,1.35920,0.57830,0.02992,0.80821,-0.01330,0.58798,-0.27333,-0.02017,0.13962,
1403638218645096960,2.32907,1.35311,0.59353,0.02706,0.81024,-0.01414,0.58530,-0.30677,0.01409,0.16342,
1403638218745096960,2.29771,1.35326,0.60859,0.02775,0.81519,-0.01737,0.57827,-0.32472,0.02656,0.12777,
1403638218845096960,2.26637,1.36070,0.62048,0.03233,0.81897,-0.02429,0.57242,-0.32566,0.06399,0.07996,
1403638218945096960,2.24011,1.36835,0.62371,0.02911,0.82009,-0.03611,0.57036,-0.30428,0.09882,0.01667,
1403638219045097216,2.21425,1.37943,0.62385,0.01968,0.81915,-0.05044,0.57102,-0.29322,0.10739,-0.02407,
1403638219145096960,2.18618,1.38982,0.62212,0.01713,0.81715,-0.05833,0.57321,-0.28513,0.07979,-0.03476,
1403638219245096960,2.16050,1.39757,0.61678,0.02517,0.81288,-0.05654,0.57913,-0.29681,0.06396,-0.05421,
1403638219345096960,2.13128,1.40515,0.60819,0.03326,0.80646,-0.05348,0.58792,-0.31111,0.07101,-0.06275,
1403638219445096960,2.10390,1.41452,0.60046,0.03720,0.79875,-0.05190,0.59827,-0.34280,0.08663,-0.03289,
1403638219545097216,2.07218,1.42372,0.59746,0.03799,0.79668,-0.05150,0.60100,-0.37855,0.10605,0.00366,
1403638219645096960,2.03455,1.43423,0.59845,0.03426,0.79925,-0.05375,0.59762,-0.42901,0.12502,0.02711,
1403638219745096960,1.98712,1.44532,0.60280,0.02781,0.80227,-0.05779,0.59351,-0.47826,0.12648,-0.00317,
1403638219845096960,1.93591,1.45472,0.60233,0.01918,0.80588,-0.06336,0.58836,-0.50943,0.10261,-0.05660,
1403638219945096960,1.88208,1.46104,0.59562,0.01126,0.80847,-0.06879,0.58439,-0.53285,0.06498,-0.10281,
1403638220045097216,1.82674,1.46385,0.58257,0.00633,0.81109,-0.07210,0.58043,-0.55170,0.00536,-0.14808,
1403638220145096960,1.77052,1.45860,0.56992,0.00868,0.81318,-0.07026,0.57769,-0.54752,-0.06546,-0.11274,
1403638220245096960,1.71741,1.44954,0.56273,0.02263,0.81468,-0.06092,0.57626,-0.54237,-0.10973,-0.03331,
1403638220345096960,1.66290,1.43657,0.56468,0.03462,0.81606,-0.05248,0.57454,-0.55007,-0.11008,0.05281,
1403638220445096960,1.60544,1.42564,0.57303,0.03976,0.81645,-0.04924,0.57394,-0.56114,-0.08464,0.10808,
1403638220545097216,1.54919,1.41771,0.58657,0.04144,0.81591,-0.04872,0.57463,-0.55855,-0.06504,0.14146,
1403638220645096960,1.49288,1.41071,0.59782,0.04295,0.81562,-0.04909,0.57489,-0.55356,-0.04242,0.10125,
1403638220745096960,1.43868,1.40682,0.60406,0.04318,0.81559,-0.05059,0.57479,-0.54748,-0.01922,0.03133,
1403638220845096960,1.38428,1.40458,0.60371,0.04238,0.81520,-0.05240,0.57525,-0.54502,-0.00769,-0.03887,
1403638220945096960,1.33013,1.40430,0.59590,0.04215,0.81598,-0.05418,0.57399,-0.54006,0.01037,-0.10709,
1403638221045097216,1.27746,1.40524,0.58248,0.04243,0.81662,-0.05469,0.57301,-0.52810,0.03074,-0.15315,
1403638221145096960,1.22171,1.40547,0.56681,0.04299,0.81743,-0.05539,0.57175,-0.52101,0.04661,-0.13340,
1403638221245096960,1.17068,1.41013,0.55803,0.04250,0.81892,-0.05637,0.56955,-0.51467,0.06413,-0.05734,
1403638221345096960,1.11940,1.41545,0.55592,0.04069,0.82050,-0.05822,0.56722,-0.51069,0.07057,0.00106,
1403638221445096960,1.06564,1.41645,0.55835,0.03792,0.82121,-0.06068,0.56612,-0.49397,0.06618,-0.01332,
1403638221545097216,1.01850,1.42174,0.55643,0.03566,0.82126,-0.06272,0.56597,-0.47499,0.05802,-0.06549,
1403638221645096960,0.97276,1.42628,0.54891,0.03534,0.82023,-0.06363,0.56738,-0.45010,0.04855,-0.09678,
1403638221745096960,0.92968,1.43024,0.53949,0.03326,0.81772,-0.06541,0.57092,-0.43455,0.03830,-0.09578,
1403638221845096960,0.88936,1.42815,0.53751,0.03224,0.81666,-0.06521,0.57251,-0.41892,0.02213,-0.02120,
1403638221945096960,0.84710,1.42934,0.53839,0.03608,0.81515,-0.06184,0.57481,-0.42300,0.00954,0.05380,
1403638222045097216,0.80686,1.42971,0.54754,0.03941,0.81531,-0.05928,0.57464,-0.41549,0.00972,0.11618,
1403638222145096960,0.76834,1.43056,0.55887,0.04120,0.81847,-0.05794,0.57014,-0.41254,0.02118,0.07956,
1403638222245096960,0.72899,1.43250,0.56533,0.04135,0.82216,-0.05825,0.56475,-0.39744,0.03263,0.02615,
1403638222345096960,0.69127,1.43586,0.56618,0.04076,0.82558,-0.05890,0.55973,-0.36383,0.03435,-0.01759,
1403638222445096960,0.66368,1.43634,0.56333,0.04036,0.82836,-0.05943,0.55557,-0.31410,0.03775,-0.06124,
1403638222545097216,0.63385,1.43966,0.55427,0.04008,0.82798,-0.05957,0.55614,-0.26340,0.03055,-0.08099,
1403638222645096960,0.61628,1.44087,0.54341,0.03922,0.82240,-0.05994,0.56438,-0.22264,0.02784,-0.11249,
1403638222745096960,0.59388,1.44415,0.52917,0.03955,0.81871,-0.05980,0.56972,-0.21403,0.02733,-0.14621,
1403638222845096960,0.57392,1.44755,0.51304,0.04005,0.81609,-0.05935,0.57347,-0.19881,0.03628,-0.14845,
1403638222945096960,0.56136,1.44999,0.49518,0.03959,0.80851,-0.05917,0.58416,-0.20721,0.04769,-0.17374,
1403638223045097216,0.53739,1.45473,0.47888,0.03892,0.80809,-0.05909,0.58479,-0.22858,0.05238,-0.12045,
1403638223145096960,0.51183,1.45953,0.46905,0.03993,0.81392,-0.05870,0.57662,-0.28114,0.06434,-0.07283,
1403638223245096960,0.48326,1.46570,0.46269,0.03455,0.82412,-0.06302,0.56184,-0.27648,0.06573,-0.06139,
1403638223345096960,0.45558,1.46945,0.45879,0.03170,0.82650,-0.06521,0.55824,-0.24539,0.05141,-0.04748,
1403638223445096960,0.43011,1.47255,0.45305,0.02485,0.82324,-0.07006,0.56280,-0.21893,0.03406,-0.07665,
1403638223545097216,0.40992,1.47346,0.44420,0.01596,0.81904,-0.07639,0.56841,-0.20320,-0.01782,-0.10050,
1403638223645096960,0.39067,1.46937,0.43403,0.02319,0.81772,-0.07160,0.57067,-0.19613,-0.06964,-0.11618,
1403638223745096960,0.36992,1.46206,0.42256,0.03480,0.81786,-0.06365,0.57083,-0.18900,-0.08936,-0.12415,
1403638223845096960,0.34994,1.45447,0.40820,0.04242,0.81853,-0.05838,0.56992,-0.19223,-0.07590,-0.14588,
1403638223945096960,0.33272,1.44861,0.39281,0.04758,0.81853,-0.05475,0.56987,-0.17110,-0.05475,-0.15506,
1403638224045097216,0.31545,1.44411,0.37520,0.04913,0.82064,-0.05362,0.56679,-0.16526,-0.03550,-0.18130,
1403638224145096960,0.29832,1.44155,0.35594,0.04715,0.82635,-0.05460,0.55852,-0.14812,-0.01276,-0.20818,
1403638224245096960,0.28855,1.44095,0.33791,0.04564,0.82979,-0.05570,0.55340,-0.09559,0.01011,-0.16356,
1403638224345096960,0.28253,1.44204,0.32428,0.04528,0.82556,-0.05591,0.55972,-0.04825,0.02842,-0.13564,
1403638224445096960,0.27919,1.44561,0.30969,0.03853,0.81960,-0.06105,0.56837,-0.01942,0.04148,-0.14211,
1403638224545097216,0.27660,1.45004,0.29563,0.03803,0.81229,-0.06129,0.57877,-0.02713,0.04387,-0.13809,
1403638224645096960,0.27337,1.45517,0.28061,0.03977,0.81452,-0.05989,0.57566,-0.05317,0.04832,-0.17001,
1403638224745096960,0.26868,1.45984,0.26406,0.03978,0.82476,-0.06001,0.56089,-0.05006,0.05539,-0.15180,
1403638224845096960,0.26580,1.46629,0.25424,0.03919,0.82756,-0.06038,0.55674,0.00213,0.07481,-0.06385,
1403638224945096960,0.26110,1.47779,0.25240,0.03168,0.82052,-0.06529,0.56699,0.02691,0.07815,-0.02156,
1403638225045097216,0.26626,1.48329,0.25170,0.02488,0.81423,-0.06889,0.57591,0.02624,0.04652,-0.00495,
1403638225145096960,0.26938,1.48606,0.25376,0.02909,0.81330,-0.06513,0.57746,0.01301,0.01619,0.01625,
1403638225245096960,0.29141,1.48281,0.27765,0.03384,0.81978,-0.06066,0.56845,0.02206,0.00407,0.04040,
1403638225345096960,0.29390,1.48150,0.28477,0.03696,0.82339,-0.05812,0.56328,0.04122,0.00534,0.04645,
1403638225445096960,0.29822,1.47994,0.28951,0.03834,0.81926,-0.05688,0.56930,0.06806,0.00357,-0.00068,
1403638225545097216,0.30267,1.47941,0.28682,0.04021,0.80882,-0.05551,0.58405,0.05960,0.00011,-0.05819,
1403638225645096960,0.30535,1.48085,0.27532,0.04159,0.79829,-0.05437,0.59837,0.01531,0.01753,-0.14520,
1403638225745096960,0.30337,1.48320,0.25419,0.04252,0.80050,-0.05354,0.59542,-0.04512,0.03146,-0.26003,
1403638225845096960,0.29616,1.48722,0.22400,0.04207,0.81190,-0.05397,0.57977,-0.07678,0.04730,-0.34030,
1403638225945096960,0.28850,1.49250,0.18906,0.04145,0.82215,-0.05436,0.56515,-0.06766,0.06134,-0.35630,
1403638226045097216,0.28500,1.50130,0.16398,0.03787,0.83237,-0.05390,0.55029,0.09584,0.09592,0.26545,
1403638226145096960,0.29238,1.51032,0.17770,0.01458,0.83121,-0.06810,0.55158,0.09203,0.06902,0.07778,
1403638226245096960,0.30118,1.51588,0.17173,0.04128,0.83515,-0.05207,0.54600,0.01775,0.03199,-0.04315,
1403638226345096960,0.29905,1.51974,0.17808,0.03849,0.83130,-0.05303,0.55194,-0.01700,-0.03946,0.12605,
1403638226445096960,0.29900,1.51651,0.18767,0.03840,0.83104,-0.05322,0.55232,0.00513,-0.01888,0.11652,
1403638226545097216,0.29663,1.51276,0.19733,0.03823,0.83037,-0.05265,0.55341,-0.01099,-0.01473,0.10105,
1403638226645096960,0.29636,1.50992,0.20791,0.03794,0.83039,-0.05319,0.55333,-0.01037,-0.03507,0.09984,
1403638226745096960,0.29476,1.50619,0.21887,0.03758,0.83088,-0.05361,0.55258,-0.01369,-0.02707,0.10295,
1403638226845096960,0.29273,1.50275,0.22970,0.03776,0.83061,-0.05334,0.55301,-0.02005,-0.03470,0.11186,
1403638226945096960,0.29070,1.49891,0.24088,0.03824,0.83078,-0.05316,0.55274,-0.02400,-0.02967,0.11349,
1403638227045097216,0.28769,1.49543,0.25184,0.03874,0.83070,-0.05272,0.55287,-0.03248,-0.02770,0.11156,
1403638227145096960,0.28452,1.49203,0.26331,0.03852,0.83084,-0.05300,0.55265,-0.03324,-0.03365,0.11600,
1403638227245096960,0.28073,1.48880,0.27463,0.03823,0.83086,-0.05308,0.55262,-0.03598,-0.03540,0.11556,
1403638227345096960,0.27690,1.48575,0.28627,0.03782,0.83089,-0.05345,0.55257,-0.04257,-0.03410,0.11759,
1403638227445096960,0.27273,1.48271,0.29805,0.03783,0.83092,-0.05347,0.55252,-0.04225,-0.03310,0.12169,
1403638227545097216,0.26821,1.47957,0.31014,0.03792,0.83091,-0.05331,0.55255,-0.04807,-0.02985,0.12101,
1403638227645096960,0.26331,1.47643,0.32256,0.03805,0.83091,-0.05324,0.55255,-0.05030,-0.02956,0.12487,
1403638227745096960,0.25796,1.47346,0.33501,0.03795,0.83094,-0.05333,0.55250,-0.05438,-0.02909,0.12545,
1403638227845096960,0.25260,1.47063,0.34762,0.03788,0.83101,-0.05339,0.55240,-0.05487,-0.02742,0.12664,
1403638227945096960,0.24697,1.46796,0.36037,0.03774,0.83102,-0.05351,0.55237,-0.05685,-0.02775,0.12951,
1403638228045097216,0.24108,1.46528,0.37330,0.03770,0.83104,-0.05358,0.55234,-0.06016,-0.02666,0.12980,
1403638228145096960,0.23498,1.46255,0.38648,0.03770,0.83103,-0.05358,0.55235,-0.06081,-0.02611,0.13410,
1403638228245096960,0.22869,1.45979,0.39990,0.03771,0.83105,-0.05358,0.55233,-0.06372,-0.02614,0.13503,
1403638228345096960,0.22241,1.45690,0.41349,0.03765,0.83106,-0.05366,0.55231,-0.06383,-0.02767,0.13525,
1403638228445096960,0.21569,1.45398,0.42708,0.03762,0.83109,-0.05367,0.55226,-0.06816,-0.02790,0.13709,
1403638228545097216,0.20873,1.45107,0.44092,0.03751,0.83109,-0.05371,0.55226,-0.07137,-0.02816,0.13903,
1403638228645096960,0.20144,1.44821,0.45489,0.03752,0.83114,-0.05373,0.55219,-0.07383,-0.02792,0.14095,
1403638228745096960,0.19396,1.44533,0.46908,0.03747,0.83115,-0.05379,0.55217,-0.07493,-0.02886,0.14342,
1403638228845096960,0.18625,1.44242,0.48361,0.03746,0.83116,-0.05383,0.55215,-0.07904,-0.02946,0.14700,
