1403638151145096960,0.65649,0.53824,0.34316,-0.05285,0.81482,0.10770,0.56716,
1403638151245096960,0.69629,0.59134,0.35311,-0.06557,0.81280,0.12595,0.56497,
1403638151345096960,0.74213,0.63205,0.33983,-0.07982,0.81048,0.14587,0.56167,
1403638151445096960,0.77962,0.69103,0.33225,-0.09691,0.80705,0.16503,0.55860,
1403638151545097216,0.82350,0.75112,0.33672,-0.11123,0.80297,0.18365,0.55600,
1403638151645096960,0.85353,0.81204,0.33557,-0.12194,0.79956,0.19812,0.55370,
1403638151745096960,0.89109,0.87330,0.34691,-0.12872,0.79705,0.20864,0.55191,
1403638151845096960,0.92731,0.93771,0.36620,-0.13302,0.79607,0.21545,0.54969,
1403638152045097216,0.99876,1.07614,0.41847,-0.13457,0.79565,0.22171,0.54742,
1403638152345096960,1.09261,1.29791,0.46515,-0.12994,0.79417,0.22485,0.54940,
1403638152745096960,1.20138,1.64248,0.44711,-0.13380,0.79538,0.22628,0.54614,
1403638152845096960,1.22709,1.73830,0.44895,-0.14412,0.79233,0.23040,0.54623,
1403638152945096960,1.25399,1.83538,0.46044,-0.15606,0.78610,0.23854,0.54844,
1403638153045097216,1.27851,1.92809,0.47750,-0.16589,0.78337,0.25104,0.54386,
1403638153145096960,1.30179,2.02023,0.49890,-0.17283,0.78331,0.26239,0.53639,
1403638153245096960,1.32682,2.11151,0.51759,-0.17714,0.78238,0.27093,0.53207,
1403638153345096960,1.35596,2.20772,0.52953,-0.18193,0.78020,0.28050,0.52868,
1403638153445096960,1.38538,2.30543,0.53832,-0.18730,0.77617,0.29366,0.52559,
1403638153545097216,1.41275,2.40106,0.55036,-0.18818,0.77029,0.31248,0.52306,
1403638153645096960,1.43978,2.49672,0.56876,-0.19415,0.76353,0.33057,0.51967,
1403638153745096960,1.46512,2.60390,0.59098,-0.20808,0.75587,0.34447,0.51644,
1403638153845096960,1.49075,2.71474,0.60763,-0.21950,0.74867,0.35626,0.51418,
1403638153945096960,1.51519,2.82773,0.61962,-0.23064,0.74167,0.36247,0.51512,
1403638154045097216,1.53808,2.94100,0.62400,-0.23916,0.73772,0.36547,0.51479,
1403638154145096960,1.56037,3.05716,0.62389,-0.24344,0.73273,0.36785,0.51821,
1403638154345096960,1.59387,3.28832,0.61043,-0.24802,0.72381,0.36796,0.52839,
1403638154445096960,1.60613,3.40318,0.60112,-0.25186,0.71881,0.36498,0.53541,
1403638154645096960,1.61132,3.62350,0.58273,-0.25633,0.71945,0.36568,0.53194,
1403638154745096960,1.60711,3.73043,0.58405,-0.25740,0.72096,0.37378,0.52368,
1403638154845096960,1.59911,3.83388,0.59208,-0.25587,0.71979,0.38379,0.51879,
1403638154945096960,1.58754,3.93749,0.60636,-0.25554,0.71658,0.39307,0.51644,
1403638155045097216,1.57130,4.04836,0.62872,-0.26018,0.71098,0.40177,0.51517,
1403638155145096960,1.54831,4.15683,0.65417,-0.26730,0.70451,0.41053,0.51350,
1403638155245096960,1.52060,4.26349,0.67498,-0.27566,0.69867,0.41565,0.51294,
1403638155345096960,1.48746,4.36849,0.69021,-0.28112,0.69181,0.42066,0.51518,
1403638155445096960,1.44790,4.46892,0.69882,-0.28655,0.68358,0.42847,0.51674,
1403638155545097216,1.40257,4.56948,0.70101,-0.29615,0.67727,0.43624,0.51313,
1403638155645096960,1.35035,4.66561,0.69816,-0.31234,0.67011,0.44269,0.50736,
1403638155745096960,1.29247,4.75947,0.69075,-0.32894,0.66044,0.45225,0.50109,
1403638155845096960,1.23149,4.84526,0.67730,-0.34252,0.65158,0.46593,0.49096,
1403638155945096960,1.16753,4.92640,0.66243,-0.35233,0.64500,0.48463,0.47431,
1403638156045097216,1.10148,5.00211,0.65263,-0.35962,0.63823,0.50674,0.45448,
1403638156145096960,1.03505,5.07518,0.65178,-0.36849,0.62963,0.52600,0.43716,
1403638156245096960,0.96943,5.14810,0.65968,-0.37815,0.62063,0.54058,0.42379,
1403638156345096960,0.90566,5.22197,0.67088,-0.38336,0.61375,0.55488,0.41042,
1403638156445096960,0.84478,5.29580,0.67744,-0.38777,0.60919,0.56389,0.40068,
1403638156545097216,0.78734,5.37074,0.67784,-0.39074,0.60587,0.56926,0.39522,
1403638156745096960,0.67978,5.53294,0.66126,-0.39274,0.60275,0.57324,0.39222,
1403638157145096960,0.48997,5.91043,0.62069,-0.38449,0.61043,0.57137,0.39126,
1403638157445096960,0.37287,6.24137,0.64846,-0.38231,0.60520,0.57442,0.39700,
1403638157545097216,0.33956,6.35368,0.65400,-0.38691,0.59819,0.57709,0.39930,
1403638157645096960,0.30455,6.47144,0.65393,-0.39416,0.58655,0.58266,0.40137,
1403638157745096960,0.26856,6.58965,0.65386,-0.40135,0.57099,0.59284,0.40179,
1403638157845096960,0.23101,6.70551,0.65986,-0.41110,0.55655,0.60450,0.39474,
1403638157945096960,0.18824,6.82330,0.67533,-0.42239,0.54342,0.61532,0.38425,
1403638158045097216,0.14352,6.94197,0.69266,-0.42987,0.53438,0.62500,0.37286,
1403638158145096960,0.09842,7.06122,0.70511,-0.43830,0.52935,0.63008,0.36150,
1403638158245096960,0.05515,7.18623,0.71194,-0.44397,0.52585,0.63323,0.35411,
1403638158445096960,-0.02495,7.42898,0.71321,-0.44253,0.51696,0.64032,0.35624,
1403638158645096960,-0.10231,7.65630,0.69921,-0.44034,0.51177,0.64180,0.36372,
1403638158845096960,-0.18655,7.87885,0.68523,-0.44148,0.52092,0.63852,0.35502,
1403638159045097216,-0.26960,8.09049,0.69976,-0.43473,0.53177,0.64050,0.34348,
1403638159145096960,-0.30768,8.19557,0.71679,-0.42578,0.53850,0.64518,0.33539,
1403638159345096960,-0.38752,8.43445,0.74012,-0.42819,0.53960,0.64142,0.33774,
1403638159445096960,-0.42435,8.56128,0.74787,-0.44538,0.53239,0.62908,0.34994,
1403638159545097216,-0.45704,8.68648,0.75939,-0.46581,0.52758,0.61427,0.35687,
1403638159645096960,-0.48182,8.80386,0.77818,-0.48330,0.52820,0.60150,0.35444,
1403638159745096960,-0.49886,8.92074,0.80442,-0.49246,0.52975,0.59492,0.35059,
1403638159845096960,-0.50422,9.03168,0.83969,-0.49131,0.52492,0.59623,0.35720,
1403638159945096960,-0.49738,9.12703,0.88185,-0.48097,0.51750,0.60456,0.36794,
1403638160245096960,-0.45357,9.34778,1.06216,-0.45345,0.51870,0.62812,0.36166,
1403638160345096960,-0.43185,9.40449,1.13561,-0.44301,0.52321,0.63649,0.35337,
1403638160745096960,-0.36100,9.68857,1.42509,-0.43976,0.52717,0.63911,0.34677,
1403638160845096960,-0.33655,9.75861,1.48333,-0.45097,0.52832,0.62835,0.35025,
1403638160945096960,-0.30879,9.83817,1.53880,-0.46015,0.53241,0.61296,0.35930,
1403638161045097216,-0.27783,9.91218,1.59091,-0.45969,0.53993,0.59993,0.37045,
1403638161145096960,-0.24334,9.97999,1.64136,-0.45170,0.55125,0.58907,0.38091,
1403638161245096960,-0.20474,10.04084,1.68877,-0.43730,0.56687,0.57834,0.39109,
1403638161345096960,-0.16302,10.10004,1.73566,-0.42226,0.58422,0.56531,0.40102,
1403638161445096960,-0.11966,10.15700,1.78011,-0.40565,0.60078,0.55747,0.40465,
1403638161545097216,-0.07638,10.21362,1.82175,-0.39195,0.61268,0.55291,0.40656,
1403638161645096960,-0.02969,10.26873,1.85586,-0.38514,0.62147,0.54704,0.40767,
1403638161845096960,0.05960,10.39205,1.91478,-0.38529,0.62986,0.53282,0.41343,
1403638161945096960,0.11053,10.44986,1.93608,-0.38370,0.63298,0.52426,0.42103,
1403638162045097216,0.16390,10.50567,1.95504,-0.38060,0.63722,0.51792,0.42527,
1403638162245096960,0.27916,10.61929,2.01381,-0.37608,0.64721,0.51116,0.42237,
1403638162545097216,0.48425,10.78766,2.09049,-0.37835,0.64972,0.50485,0.42408,
1403638162745096960,0.63952,10.88662,2.14218,-0.37013,0.64558,0.51238,0.42859,
1403638162945096960,0.80758,10.98410,2.22025,-0.37476,0.65266,0.50071,0.42766,
1403638163045097216,0.89648,11.03141,2.26160,-0.38010,0.65055,0.49166,0.43656,
1403638163145096960,0.98963,11.07807,2.29089,-0.38043,0.65246,0.48346,0.44254,
1403638163245096960,1.08924,11.12122,2.30374,-0.37077,0.65764,0.47873,0.44817,
1403638163345096960,1.19311,11.16250,2.30845,-0.35864,0.66375,0.47213,0.45597,
1403638163445096960,1.29982,11.20075,2.31056,-0.34742,0.67051,0.46231,0.46475,
1403638163545097216,1.40170,11.23164,2.31201,-0.33939,0.67703,0.45305,0.47030,
1403638163645096960,1.50438,11.26278,2.32266,-0.33352,0.68207,0.44740,0.47263,
1403638163745096960,1.60573,11.28922,2.34435,-0.32961,0.68470,0.44353,0.47520,
1403638163845096960,1.70863,11.31459,2.37509,-0.32924,0.68556,0.44030,0.47721,
1403638164045097216,1.91330,11.35825,2.45645,-0.33422,0.69019,0.43566,0.47131,
1403638164245096960,2.12846,11.39034,2.55604,-0.34288,0.68949,0.43253,0.46899,
1403638164445096960,2.35789,11.40245,2.64334,-0.34880,0.68635,0.43198,0.46973,
1403638164645096960,2.57992,11.39415,2.69984,-0.35307,0.68887,0.42844,0.46608,
1403638164745096960,2.69954,11.37801,2.72190,-0.34733,0.69001,0.42555,0.47134,
1403638164845096960,2.81621,11.35269,2.73806,-0.33473,0.68506,0.42796,0.48528,
1403638164945096960,2.93639,11.33138,2.75746,-0.32471,0.68110,0.42908,0.49654,
1403638165045097216,3.05480,11.30319,2.76919,-0.32961,0.68149,0.41910,0.50128,
1403638165145096960,3.16711,11.26920,2.77494,-0.33249,0.68830,0.40792,0.49930,
1403638165245096960,3.28104,11.23050,2.77478,-0.32449,0.69822,0.40613,0.49220,
1403638165345096960,3.39305,11.18801,2.76913,-0.31937,0.70893,0.40334,0.48243,
1403638165445096960,3.50501,11.14218,2.76035,-0.31853,0.71236,0.39892,0.48161,
1403638165545097216,3.61760,11.09549,2.74822,-0.31844,0.70662,0.39462,0.49351,
1403638165645096960,3.73045,11.04420,2.73228,-0.31835,0.69727,0.39163,0.50900,
1403638165745096960,3.84132,10.98682,2.71137,-0.31714,0.69019,0.39046,0.52020,
1403638165845096960,3.94795,10.92254,2.68466,-0.31169,0.69233,0.39402,0.51796,
1403638165945096960,4.05352,10.85135,2.66170,-0.30573,0.69799,0.39885,0.51015,
1403638166045097216,4.15435,10.77653,2.64655,-0.30085,0.70482,0.40336,0.50002,
1403638166145096960,4.25303,10.70045,2.64306,-0.29324,0.70682,0.41017,0.49617,
1403638166245096960,4.34951,10.62703,2.65625,-0.29092,0.70686,0.41445,0.49390,
1403638166345096960,4.43768,10.55917,2.68983,-0.28897,0.70553,0.41815,0.49384,
1403638166445096960,4.51792,10.49489,2.73957,-0.28713,0.70516,0.42073,0.49326,
1403638166545097216,4.59810,10.43004,2.78903,-0.28845,0.70460,0.42156,0.49257,
1403638166745096960,4.75758,10.30535,2.86583,-0.29479,0.70619,0.41982,0.48801,
1403638166845096960,4.83516,10.25019,2.88996,-0.30183,0.71466,0.41582,0.47461,
1403638166945096960,4.91384,10.19549,2.90631,-0.30329,0.72544,0.41523,0.45754,
1403638167045097216,4.99954,10.14451,2.91881,-0.29792,0.73069,0.41890,0.44929,
1403638167145096960,5.09241,10.10045,2.93530,-0.29188,0.73056,0.42345,0.44919,
1403638167245096960,5.19292,10.06395,2.96031,-0.28706,0.72773,0.42720,0.45334,
1403638167345096960,5.30007,10.03587,2.99222,-0.28553,0.72493,0.42835,0.45768,
1403638167445096960,5.41250,10.01438,3.02663,-0.28687,0.72372,0.42672,0.46026,
1403638167545097216,5.52678,9.99861,3.05685,-0.29142,0.72116,0.42285,0.46498,
1403638167645096960,5.64689,9.98212,3.08145,-0.30081,0.72082,0.41362,0.46781,
1403638167745096960,5.76885,9.96764,3.09779,-0.30543,0.72361,0.40206,0.47059,
1403638167845096960,5.89623,9.95240,3.10920,-0.30668,0.72984,0.38795,0.47199,
1403638167945096960,6.02793,9.93739,3.11705,-0.30280,0.73555,0.37399,0.47687,
1403638168045097216,6.16522,9.92023,3.12363,-0.29561,0.74099,0.36154,0.48252,
1403638168145096960,6.30639,9.90137,3.13668,-0.28910,0.74530,0.35131,0.48737,
1403638168245096960,6.44888,9.87793,3.15772,-0.27850,0.74954,0.34204,0.49360,
1403638168345096960,6.60053,9.84806,3.18561,-0.26598,0.75413,0.33188,0.50040,
1403638168445096960,6.75595,9.81625,3.21987,-0.25290,0.75791,0.32203,0.50786,
1403638168545097216,6.91097,9.78366,3.25046,-0.23445,0.76293,0.32103,0.50981,
1403638168645096960,7.06549,9.75352,3.27302,-0.21693,0.76784,0.32321,0.50881,
1403638168745096960,7.22048,9.72632,3.28723,-0.20584,0.77058,0.32468,0.50835,
1403638168845096960,7.37091,9.70641,3.29517,-0.20113,0.77257,0.32494,0.50704,
1403638169045097216,7.66933,9.69414,3.29651,-0.20098,0.77005,0.32697,0.50962,
1403638169145096960,7.81309,9.69933,3.29058,-0.21159,0.76486,0.32327,0.51547,
1403638169345096960,8.10341,9.72055,3.26056,-0.24061,0.76248,0.30088,0.51981,
1403638169445096960,8.25491,9.72693,3.24129,-0.25116,0.76247,0.28141,0.52570,
1403638169545097216,8.40497,9.72392,3.22601,-0.25007,0.76370,0.26464,0.53310,
1403638169645096960,8.55937,9.70807,3.21715,-0.23752,0.76725,0.25134,0.54013,
1403638169745096960,8.71105,9.68316,3.21255,-0.21690,0.77276,0.24062,0.54581,
1403638169845096960,8.86499,9.64943,3.21600,-0.18871,0.77703,0.23211,0.55384,
1403638169945096960,9.01368,9.61154,3.22846,-0.16179,0.77815,0.22078,0.56530,
1403638170045097216,9.15764,9.57307,3.24708,-0.14452,0.77615,0.20242,0.57943,
1403638170145096960,9.28667,9.53559,3.26381,-0.13384,0.77857,0.17902,0.58640,
1403638170245096960,9.40760,9.49701,3.27262,-0.12515,0.78389,0.15372,0.58841,
1403638170345096960,9.52846,9.45750,3.27295,-0.11708,0.79059,0.12829,0.58720,
1403638170445096960,9.64007,9.41615,3.26740,-0.10552,0.79800,0.10528,0.58394,
1403638170545097216,9.74915,9.37041,3.26136,-0.10084,0.80187,0.07974,0.58351,
1403638170645096960,9.85033,9.31972,3.26382,-0.09391,0.80110,0.05626,0.58844,
1403638170745096960,9.94806,9.25881,3.27428,-0.08348,0.80083,0.03633,0.59193,
1403638170845096960,10.03454,9.19072,3.29009,-0.07077,0.80124,0.01835,0.59386,
1403638170945096960,10.11431,9.11526,3.30263,-0.05564,0.80236,0.00195,0.59423,
1403638171045097216,10.18848,9.03248,3.30947,-0.04213,0.80131,-0.01498,0.59657,
1403638171145096960,10.25312,8.94413,3.31105,-0.03251,0.79988,-0.02911,0.59857,
1403638171245096960,10.28884,8.85855,3.30913,-0.02726,0.79818,-0.04097,0.60041,
1403638171345096960,10.32065,8.76680,3.30634,-0.02317,0.79684,-0.04816,0.60182,
1403638171445096960,10.34341,8.67027,3.30172,-0.01956,0.79492,-0.05511,0.60389,
1403638171545097216,10.36399,8.56640,3.29497,-0.01897,0.79243,-0.06278,0.60642,
1403638171645096960,10.37843,8.45525,3.28714,-0.01650,0.78991,-0.07088,0.60889,
1403638171745096960,10.38549,8.33654,3.27755,-0.01391,0.78745,-0.08219,0.61072,
1403638171845096960,10.38223,8.21096,3.26880,-0.01143,0.78475,-0.09280,0.61272,
1403638171945096960,10.36608,8.07802,3.26575,-0.00692,0.78000,-0.10050,0.61762,
1403638172045097216,10.33785,7.93707,3.26873,0.00148,0.77851,-0.10330,0.61907,
1403638172145096960,10.29782,7.78877,3.27527,0.00805,0.77854,-0.10424,0.61883,
1403638172245096960,10.24722,7.63525,3.27549,0.01143,0.77963,-0.10498,0.61728,
1403638172345096960,10.18464,7.47880,3.26612,0.01407,0.78006,-0.10435,0.61678,
1403638172445096960,10.11334,7.31920,3.24602,0.01367,0.77909,-0.10388,0.61809,
1403638172545097216,10.03511,7.15569,3.21575,0.01061,0.77679,-0.10426,0.62098,
1403638172645096960,9.94692,6.98936,3.17739,0.00647,0.77511,-0.10418,0.62314,
1403638172745096960,9.84649,6.81887,3.13281,0.00365,0.77561,-0.10296,0.62275,
1403638172845096960,9.73416,6.64248,3.08528,-0.00101,0.77528,-0.10258,0.62323,
1403638172945096960,9.61005,6.46000,3.03401,-0.00544,0.77707,-0.10151,0.62115,
1403638173045097216,9.47485,6.27026,2.97857,-0.01110,0.78087,-0.10102,0.61637,
1403638173145096960,9.33012,6.07177,2.91707,-0.01627,0.78596,-0.10034,0.60986,
1403638173245096960,9.17853,5.86483,2.84890,-0.01338,0.78992,-0.09544,0.60559,
1403638173345096960,9.02090,5.65094,2.77577,-0.00626,0.79397,-0.08887,0.60139,
1403638173445096960,8.86025,5.43348,2.69543,0.00959,0.79595,-0.07815,0.60022,
1403638173545097216,8.69869,5.21529,2.60405,0.02096,0.79859,-0.07068,0.59735,
1403638173645096960,8.53853,4.99847,2.50978,0.02542,0.79934,-0.06827,0.59645,
1403638173745096960,8.37537,4.78457,2.41090,0.02644,0.79978,-0.06832,0.59581,
1403638173845096960,8.21058,4.57261,2.31170,0.02617,0.80082,-0.07007,0.59422,
1403638173945096960,8.04246,4.36464,2.21889,0.02758,0.80061,-0.06982,0.59447,
1403638174045097216,7.86939,4.15997,2.13188,0.02787,0.80215,-0.07025,0.59232,
1403638174145096960,7.69200,3.95849,2.05059,0.02891,0.80240,-0.06978,0.59199,
1403638174245096960,7.51347,3.75962,1.96834,0.02973,0.80685,-0.06909,0.58594,
1403638174345096960,7.33455,3.56193,1.88034,0.02925,0.81192,-0.06873,0.57897,
1403638174445096960,7.16087,3.36754,1.78826,0.02896,0.81563,-0.06812,0.57382,
1403638174545097216,6.99163,3.17472,1.69993,0.02635,0.81849,-0.06891,0.56976,
1403638174645096960,6.82955,2.98503,1.61733,0.03002,0.82272,-0.06578,0.56383,
1403638174745096960,6.67062,2.79689,1.54153,0.03244,0.82698,-0.06366,0.55767,
1403638174845096960,6.51792,2.61404,1.47395,0.03351,0.83006,-0.06261,0.55314,
1403638174945096960,6.37551,2.43566,1.41192,0.03524,0.83137,-0.06181,0.55114,
1403638175045097216,6.23985,2.26193,1.35629,0.03701,0.83060,-0.06125,0.55226,
1403638175145096960,6.11494,2.09138,1.30640,0.03911,0.83014,-0.06183,0.55273,
1403638175245096960,6.00015,1.92440,1.26289,0.04158,0.83061,-0.06172,0.55186,
1403638175345096960,5.89078,1.76204,1.22685,0.04312,0.83483,-0.06261,0.54523,
1403638175445096960,5.78417,1.60091,1.19512,0.04769,0.84026,-0.06078,0.53664,
1403638175545097216,5.69444,1.44346,1.17210,0.05238,0.84723,-0.05802,0.52545,
1403638175645096960,5.61565,1.29028,1.15681,0.05119,0.85467,-0.05901,0.51326,
1403638175745096960,5.54832,1.14061,1.14609,0.04913,0.85996,-0.05936,0.50451,
1403638175845096960,5.49849,0.99755,1.13217,0.05007,0.86342,-0.05777,0.49866,
1403638175945096960,5.46432,0.85934,1.10855,0.05427,0.86353,-0.05346,0.49851,
1403638176045097216,5.44611,0.72472,1.08045,0.06094,0.85813,-0.04672,0.50766,
1403638176145096960,5.44186,0.59392,1.05342,0.06727,0.84543,-0.04009,0.52832,
1403638176245096960,5.44949,0.47470,1.03194,0.06175,0.83043,-0.04337,0.55199,
1403638176345096960,5.46119,0.36361,1.01614,0.06090,0.82147,-0.04391,0.56528,
1403638176445096960,5.47488,0.26107,1.00463,0.06240,0.81914,-0.04369,0.56852,
1403638176645096960,5.50753,0.08235,0.99645,0.06481,0.82065,-0.04368,0.56605,
1403638176845096960,5.54536,-0.07143,1.01517,0.06087,0.82109,-0.04665,0.56562,
1403638177145096960,5.61332,-0.25656,1.04203,0.06379,0.82325,-0.04525,0.56226,
1403638177445096960,5.69739,-0.39100,1.01435,0.06670,0.82386,-0.04419,0.56111,
1403638177645096960,5.76677,-0.45682,0.97529,0.04577,0.82264,-0.06070,0.56346,
1403638177845096960,5.84719,-0.51130,0.92080,0.02994,0.81523,-0.07861,0.57299,
1403638177945096960,5.88740,-0.54107,0.89413,0.02797,0.80855,-0.08303,0.58187,
1403638178145096960,5.95046,-0.60215,0.86367,0.04151,0.80150,-0.08818,0.59000,
1403638178245096960,5.97422,-0.64249,0.85706,0.04978,0.79772,-0.09982,0.59262,
1403638178345096960,5.99195,-0.68379,0.86068,0.05983,0.79411,-0.11604,0.59359,
1403638178445096960,5.99983,-0.72276,0.86826,0.07146,0.79155,-0.13647,0.59137,
1403638178545097216,5.99897,-0.76320,0.87113,0.08346,0.79192,-0.15974,0.58341,
1403638178645096960,5.99388,-0.80650,0.86921,0.09353,0.79186,-0.18398,0.57478,
1403638178745096960,5.98416,-0.85179,0.86369,0.10528,0.78839,-0.20613,0.56997,
1403638178845096960,5.97143,-0.90114,0.85469,0.11877,0.78613,-0.22496,0.56329,
1403638178945096960,5.95720,-0.95465,0.84221,0.12873,0.78654,-0.23911,0.55463,
1403638179045097216,5.94072,-1.00933,0.82661,0.13626,0.78964,-0.24844,0.54422,
1403638179145096960,5.92548,-1.06856,0.80731,0.14438,0.79209,-0.25391,0.53598,
1403638179245096960,5.91272,-1.13225,0.78427,0.15468,0.79359,-0.25882,0.52849,
1403638179345096960,5.90348,-1.20040,0.75794,0.16480,0.79359,-0.26661,0.52151,
1403638179445096960,5.89829,-1.27155,0.73117,0.17474,0.78491,-0.27965,0.52458,
1403638179545097216,5.89611,-1.34486,0.70235,0.18586,0.77153,-0.29606,0.53156,
1403638179645096960,5.89403,-1.41962,0.67199,0.19803,0.76058,-0.31417,0.53254,
1403638179745096960,5.89110,-1.49388,0.64669,0.21233,0.75039,-0.33231,0.53047,
1403638179845096960,5.88560,-1.56805,0.62966,0.22666,0.74082,-0.35026,0.52644,
1403638179945096960,5.87951,-1.64271,0.61780,0.23681,0.73508,-0.36812,0.51775,
1403638180045097216,5.87354,-1.71764,0.61021,0.24154,0.73361,-0.38326,0.50654,
1403638180145096960,5.86850,-1.79484,0.60604,0.24481,0.73007,-0.39414,0.50172,
1403638180245096960,5.86302,-1.87479,0.60222,0.24949,0.72772,-0.39886,0.49909,
1403638180445096960,5.85331,-2.04118,0.57955,0.25255,0.72848,-0.40259,0.49342,
1403638180645096960,5.84792,-2.21967,0.54220,0.25834,0.73193,-0.39708,0.48976,
1403638180845096960,5.85041,-2.41129,0.52262,0.25261,0.73942,-0.39501,0.48312,
1403638181045097216,5.86610,-2.62273,0.51641,0.24611,0.73864,-0.39244,0.48973,
1403638181245096960,5.89021,-2.84837,0.48866,0.24132,0.73303,-0.39169,0.50101,
1403638181345096960,5.89769,-2.97102,0.46882,0.24266,0.72345,-0.39681,0.51018,
1403638181445096960,5.90001,-3.09625,0.44530,0.24505,0.71193,-0.40916,0.51546,
1403638181545097216,5.89832,-3.21900,0.41963,0.25406,0.69397,-0.42402,0.52351,
1403638181645096960,5.88781,-3.34611,0.39472,0.27087,0.67818,-0.43690,0.52519,
1403638181745096960,5.86818,-3.47194,0.37468,0.28777,0.67127,-0.45029,0.51364,
1403638181845096960,5.84112,-3.59410,0.36485,0.30493,0.66625,-0.46374,0.49807,
1403638181945096960,5.81192,-3.71550,0.36311,0.31818,0.66238,-0.47757,0.48160,
1403638182045097216,5.78079,-3.83031,0.36754,0.32256,0.65983,-0.49098,0.46852,
1403638182145096960,5.74836,-3.94233,0.38016,0.32469,0.65763,-0.50152,0.45889,
1403638182245096960,5.71588,-4.05438,0.39268,0.32275,0.65505,-0.51101,0.45345,
1403638182345096960,5.68323,-4.16790,0.40129,0.31810,0.65250,-0.51846,0.45194,
1403638182445096960,5.64830,-4.28201,0.41017,0.31722,0.65420,-0.52062,0.44760,
1403638182545097216,5.61142,-4.40396,0.42519,0.32238,0.66026,-0.51652,0.43970,
1403638182645096960,5.57557,-4.52709,0.44829,0.32648,0.66546,-0.51184,0.43427,
1403638182745096960,5.54161,-4.65865,0.47625,0.32582,0.66748,-0.50940,0.43454,
1403638182845096960,5.51014,-4.79200,0.50309,0.32551,0.66759,-0.50710,0.43729,
1403638182945096960,5.48034,-4.92945,0.52393,0.32611,0.66541,-0.50434,0.44331,
1403638183045097216,5.45139,-5.06792,0.54051,0.32958,0.66174,-0.49975,0.45136,
1403638183145096960,5.42280,-5.21140,0.55179,0.33603,0.66099,-0.49341,0.45467,
1403638183245096960,5.39597,-5.35189,0.55810,0.33829,0.66362,-0.49025,0.45258,
1403638183345096960,5.36990,-5.49404,0.55976,0.33462,0.66822,-0.49207,0.44652,
1403638183445096960,5.34774,-5.63607,0.55749,0.33019,0.67343,-0.49464,0.43908,
1403638183545097216,5.32950,-5.77959,0.55210,0.32936,0.67777,-0.49481,0.43280,
1403638183645096960,5.31521,-5.92516,0.54457,0.32929,0.67669,-0.49492,0.43441,
1403638183745096960,5.30543,-6.07376,0.54379,0.33644,0.67149,-0.48986,0.44266,
1403638183845096960,5.29891,-6.22127,0.54965,0.34542,0.66704,-0.48341,0.44952,
1403638183945096960,5.29550,-6.36213,0.56160,0.34864,0.66385,-0.48153,0.45374,
1403638184145096960,5.30108,-6.63068,0.60011,0.34245,0.66862,-0.48705,0.44549,
1403638184345096960,5.32072,-6.89138,0.62825,0.33745,0.67152,-0.49229,0.43913,
1403638184445096960,5.33720,-7.01860,0.63749,0.34056,0.66834,-0.49070,0.44335,
1403638184645096960,5.37912,-7.27420,0.64755,0.34492,0.66421,-0.48866,0.44841,
1403638184845096960,5.43393,-7.51953,0.65894,0.34436,0.66337,-0.49014,0.44846,
1403638185045097216,5.49730,-7.76333,0.67658,0.34603,0.66189,-0.48942,0.45015,
1403638185245096960,5.56965,-8.00149,0.69959,0.34960,0.66577,-0.48637,0.44495,
1403638185445096960,5.65480,-8.24121,0.72451,0.35597,0.66808,-0.47668,0.44690,
1403638185545097216,5.70638,-8.36132,0.74032,0.35645,0.67249,-0.46491,0.45227,
1403638185645096960,5.76295,-8.48368,0.75729,0.35315,0.67814,-0.45287,0.45861,
1403638185745096960,5.82664,-8.60657,0.77439,0.34464,0.68004,-0.44665,0.46827,
1403638185845096960,5.89123,-8.72399,0.79012,0.32398,0.68023,-0.45200,0.47751,
1403638185945096960,5.95705,-8.83441,0.80008,0.30284,0.68030,-0.45998,0.48362,
1403638186145096960,6.07817,-9.03724,0.80371,0.30043,0.68738,-0.45589,0.47898,
1403638186545097216,6.30273,-9.42114,0.83187,0.31154,0.69273,-0.44853,0.47105,
1403638186845096960,6.48368,-9.70434,0.84643,0.32420,0.70066,-0.43385,0.46449,
1403638186945096960,6.55477,-9.80201,0.84298,0.32027,0.70796,-0.42372,0.46549,
1403638187045097216,6.63358,-9.90037,0.84273,0.30751,0.71472,-0.41143,0.47469,
1403638187145096960,6.71638,-9.98929,0.85018,0.29140,0.71964,-0.39422,0.49173,
1403638187245096960,6.80121,-10.07267,0.86463,0.27381,0.72447,-0.37409,0.51013,
1403638187345096960,6.88548,-10.15538,0.88818,0.26031,0.72950,-0.35178,0.52565,
1403638187445096960,6.96707,-10.23266,0.91814,0.25092,0.73279,-0.33282,0.53786,
1403638187545097216,7.04258,-10.30046,0.94884,0.24186,0.73841,-0.32124,0.54136,
1403638187645096960,7.11537,-10.36780,0.97758,0.23304,0.74640,-0.31640,0.53710,
1403638187845096960,7.25147,-10.48215,1.02277,0.23266,0.75439,-0.30821,0.53082,
1403638188045097216,7.38379,-10.57304,1.05418,0.24819,0.75236,-0.29884,0.53202,
1403638188245096960,7.51773,-10.63324,1.06922,0.26064,0.74389,-0.29459,0.54029,
1403638188345096960,7.58880,-10.65642,1.07151,0.25740,0.73100,-0.29784,0.55738,
1403638188445096960,7.65671,-10.66998,1.06965,0.25644,0.71936,-0.29997,0.57165,
1403638188645096960,7.76561,-10.65394,1.05957,0.25182,0.71097,-0.30087,0.58360,
1403638188745096960,7.80613,-10.62889,1.06396,0.24444,0.71763,-0.29807,0.58001,
1403638188845096960,7.84290,-10.59915,1.07690,0.23766,0.72712,-0.29492,0.57257,
1403638188945096960,7.86957,-10.55809,1.10097,0.23156,0.73354,-0.29247,0.56812,
1403638189045097216,7.88861,-10.50745,1.13265,0.22571,0.73859,-0.28881,0.56580,
1403638189145096960,7.90220,-10.44883,1.16753,0.21713,0.74242,-0.28124,0.56796,
1403638189245096960,7.90710,-10.38065,1.19638,0.20408,0.74807,-0.27093,0.57038,
1403638189345096960,7.90478,-10.30750,1.21845,0.18994,0.75755,-0.25810,0.56871,
1403638189445096960,7.89837,-10.23212,1.23494,0.17682,0.77230,-0.24783,0.55756,
1403638189545097216,7.89041,-10.15426,1.25550,0.16615,0.78352,-0.24049,0.54833,
1403638189645096960,7.88323,-10.07831,1.28432,0.15863,0.78969,-0.23563,0.54379,
1403638189745096960,7.87735,-10.00462,1.31226,0.14981,0.79587,-0.23574,0.53720,
1403638189845096960,7.87384,-9.93528,1.33403,0.14503,0.80088,-0.23627,0.53078,
1403638190145096960,7.89315,-9.75877,1.37479,0.15187,0.79542,-0.23252,0.53868,
1403638190245096960,7.90740,-9.70716,1.37181,0.16075,0.78725,-0.22782,0.54999,
1403638190345096960,7.92201,-9.65722,1.36221,0.17445,0.78245,-0.21343,0.55837,
1403638190445096960,7.93628,-9.60429,1.34841,0.18377,0.78128,-0.19681,0.56311,
1403638190545097216,7.94915,-9.54577,1.32932,0.18150,0.78308,-0.18885,0.56407,
1403638190645096960,7.96126,-9.48003,1.30823,0.17523,0.78573,-0.18516,0.56359,
1403638190745096960,7.97480,-9.40542,1.29010,0.16898,0.78686,-0.18334,0.56453,
1403638190845096960,7.98630,-9.32174,1.27654,0.15688,0.78717,-0.18758,0.56618,
1403638190945096960,7.99697,-9.23462,1.27212,0.14945,0.78822,-0.18968,0.56603,
1403638191045097216,8.00378,-9.14409,1.27629,0.14552,0.78558,-0.19056,0.57042,
1403638191245096960,8.00351,-8.96091,1.30049,0.14166,0.79203,-0.19252,0.56174,
1403638191345096960,8.00323,-8.87149,1.32345,0.13956,0.79856,-0.19439,0.55230,
1403638191645096960,8.00819,-8.59898,1.36779,0.14290,0.80202,-0.19593,0.54585,
1403638191945096960,8.04650,-8.33413,1.36572,0.15393,0.80415,-0.19024,0.54172,
1403638192145096960,8.10343,-8.16365,1.37707,0.15352,0.80359,-0.19013,0.54270,
1403638192345096960,8.17834,-7.99829,1.42962,0.14928,0.79553,-0.19181,0.55503,
1403638192445096960,8.22631,-7.92126,1.46725,0.14823,0.79316,-0.19220,0.55855,
1403638192545097216,8.26951,-7.83114,1.51032,0.14844,0.79040,-0.19203,0.56246,
1403638192645096960,8.31051,-7.74162,1.55609,0.15076,0.78426,-0.19061,0.57086,
1403638192745096960,8.34769,-7.64473,1.59643,0.15065,0.77747,-0.19131,0.57987,
1403638192845096960,8.38019,-7.54242,1.62971,0.14860,0.77074,-0.19276,0.58883,
1403638192945096960,8.40259,-7.43606,1.65897,0.14131,0.75880,-0.19714,0.60447,
1403638193045097216,8.41357,-7.32862,1.68548,0.13156,0.75030,-0.20037,0.61611,
1403638193145096960,8.41232,-7.21648,1.71328,0.12537,0.75519,-0.19546,0.61299,
1403638193245096960,8.39675,-7.10532,1.74877,0.12345,0.76485,-0.18698,0.60399,
1403638193345096960,8.36403,-6.99267,1.79484,0.12442,0.77229,-0.17810,0.59696,
1403638193545097216,8.27656,-6.77621,1.90240,0.12795,0.77488,-0.16455,0.59675,
1403638193645096960,8.21646,-6.66802,1.94467,0.12586,0.77963,-0.16312,0.59138,
1403638193745096960,8.15002,-6.56136,1.97823,0.12063,0.78811,-0.16488,0.58064,
1403638193845096960,8.08118,-6.45273,2.00612,0.11893,0.79395,-0.16564,0.57277,
1403638194045097216,7.94495,-6.23517,2.04900,0.11673,0.79836,-0.16770,0.56646,
1403638194245096960,7.80781,-6.02564,2.07173,0.12159,0.78819,-0.16642,0.57989,
1403638194445096960,7.65718,-5.82181,2.07786,0.11796,0.79338,-0.16986,0.57252,
1403638194545097216,7.57542,-5.72693,2.08547,0.11705,0.79743,-0.17124,0.56664,
1403638194745096960,7.41867,-5.52588,2.11848,0.11539,0.80693,-0.17429,0.55242,
1403638194945096960,7.27384,-5.33131,2.14045,0.11738,0.81295,-0.17478,0.54295,
1403638195145096960,7.14828,-5.15009,2.13817,0.11729,0.81594,-0.17524,0.53831,
1403638195245096960,7.09229,-5.06323,2.12876,0.11345,0.82228,-0.17814,0.52845,
1403638195345096960,7.04507,-4.98218,2.11371,0.10983,0.82887,-0.18072,0.51793,
1403638195545097216,6.98458,-4.84122,2.08148,0.11305,0.81491,-0.17851,0.53970,
1403638195645096960,6.96175,-4.77854,2.06006,0.11558,0.80778,-0.17623,0.55052,
1403638195845096960,6.92158,-4.65340,2.02622,0.11337,0.81144,-0.17679,0.54539,
1403638195945096960,6.90143,-4.59343,2.01884,0.11193,0.81673,-0.17692,0.53770,
1403638196245096960,6.89812,-4.42748,2.04370,0.11477,0.81098,-0.17427,0.54659,
1403638196445096960,6.90323,-4.31723,2.07292,0.11527,0.80719,-0.17406,0.55214,
1403638196645096960,6.92672,-4.24019,2.07633,0.11150,0.81436,-0.17789,0.54105,
1403638196845096960,6.96617,-4.17070,2.05971,0.10880,0.81945,-0.18072,0.53293,
1403638197045097216,7.02935,-4.11869,2.04207,0.11286,0.80952,-0.17817,0.54790,
1403638197345096960,7.13853,-4.05352,2.06454,0.12907,0.80249,-0.16695,0.55810,
1403638197545097216,7.20919,-4.00969,2.11472,0.13449,0.79797,-0.16276,0.56450,
1403638197845096960,7.31259,-3.91294,2.21539,0.13201,0.79615,-0.16329,0.56749,
1403638197945096960,7.34292,-3.87603,2.24112,0.12831,0.78974,-0.16491,0.57676,
1403638198045097216,7.37308,-3.83570,2.25416,0.12697,0.78190,-0.16547,0.58747,
1403638198245096960,7.42619,-3.74274,2.22095,0.12335,0.78742,-0.16834,0.58002,
1403638198445096960,7.46689,-3.63931,2.14892,0.12843,0.79484,-0.16480,0.56971,
1403638198645096960,7.50415,-3.52819,2.06095,0.15377,0.79693,-0.14664,0.56546,
1403638198845096960,7.53554,-3.38775,1.98444,0.17688,0.79311,-0.12871,0.56843,
1403638199045097216,7.56339,-3.18949,1.94029,0.17362,0.79474,-0.13125,0.56658,
1403638199245096960,7.59882,-2.94043,1.93833,0.16740,0.79275,-0.13667,0.56995,
1403638199345096960,7.62180,-2.79921,1.95161,0.16696,0.78984,-0.13722,0.57398,
1403638199545097216,7.65104,-2.47972,1.99849,0.17591,0.79418,-0.13169,0.56657,
1403638199645096960,7.66741,-2.30556,2.03060,0.17180,0.79716,-0.12707,0.56469,
1403638199745096960,7.68609,-2.11882,2.06785,0.15695,0.79907,-0.12554,0.56665,
1403638199845096960,7.70295,-1.92520,2.10215,0.13786,0.80229,-0.12953,0.56617,
1403638199945096960,7.71919,-1.72675,2.13162,0.12519,0.80449,-0.13076,0.56570,
1403638200045097216,7.73660,-1.52674,2.15772,0.11680,0.80562,-0.12667,0.56683,
1403638200145096960,7.75333,-1.32587,2.18050,0.11487,0.80706,-0.11265,0.56812,
1403638200245096960,7.76841,-1.12045,2.20627,0.11043,0.80369,-0.09588,0.57680,
1403638200345096960,7.78191,-0.91155,2.23849,0.10137,0.80073,-0.07954,0.58500,
1403638200445096960,7.79377,-0.69865,2.27847,0.09690,0.80080,-0.06151,0.58783,
1403638200545097216,7.80288,-0.48075,2.32515,0.09636,0.80238,-0.04500,0.58726,
1403638200645096960,7.80877,-0.25365,2.37640,0.09355,0.80415,-0.02829,0.58634,
1403638200745096960,7.81323,-0.01859,2.43200,0.09123,0.80664,-0.01208,0.58383,
1403638200845096960,7.81420,0.22460,2.48420,0.08557,0.81003,-0.00349,0.58010,
1403638200945096960,7.81447,0.47570,2.53008,0.07243,0.81238,-0.00486,0.57859,
1403638201045097216,7.81395,0.73251,2.56938,0.05709,0.81255,-0.01109,0.57999,
1403638201145096960,7.81186,0.99190,2.60099,0.04972,0.81294,-0.01467,0.58003,
1403638201245096960,7.80877,1.25477,2.62408,0.04461,0.81129,-0.01940,0.58262,
1403638201345096960,7.80235,1.51596,2.64040,0.04576,0.81233,-0.02056,0.58104,
1403638201445096960,7.79369,1.77655,2.64981,0.04827,0.81164,-0.02122,0.58178,
1403638201545097216,7.78204,2.03690,2.65131,0.05001,0.81020,-0.02248,0.58358,
1403638201645096960,7.76788,2.29490,2.64629,0.05161,0.80833,-0.02353,0.58599,
1403638201745096960,7.75110,2.55174,2.63105,0.05156,0.80794,-0.02560,0.58645,
1403638201845096960,7.73349,2.81097,2.60978,0.05078,0.80717,-0.02732,0.58749,
1403638201945096960,7.70971,3.06850,2.58409,0.04992,0.80835,-0.02545,0.58603,
1403638202045097216,7.68021,3.32818,2.56198,0.04334,0.80905,-0.02007,0.58580,
1403638202145096960,7.64522,3.58764,2.54385,0.03116,0.81239,-0.01928,0.58197,
1403638202245096960,7.60589,3.84639,2.53270,0.02059,0.81625,-0.01962,0.57699,
1403638202345096960,7.56645,4.10106,2.52884,0.01404,0.81921,-0.01858,0.57302,
1403638202445096960,7.52747,4.34915,2.52576,0.01233,0.82062,-0.01616,0.57112,
1403638202545097216,7.49257,4.59502,2.51636,0.00938,0.82147,-0.01627,0.56994,
1403638202645096960,7.46080,4.83531,2.50004,0.00725,0.82289,-0.01721,0.56789,
1403638202745096960,7.43052,5.06821,2.47805,0.00723,0.82291,-0.01744,0.56787,
1403638202845096960,7.40302,5.29390,2.45125,0.00879,0.82176,-0.01699,0.56952,
1403638202945096960,7.37506,5.51366,2.42362,0.00918,0.82095,-0.01754,0.57066,
1403638203045097216,7.34824,5.72790,2.39827,0.00799,0.81965,-0.01873,0.57250,
1403638203145096960,7.32108,5.93599,2.37974,0.00966,0.81861,-0.01799,0.57399,
1403638203245096960,7.29192,6.13799,2.36797,0.01302,0.81519,-0.01558,0.57883,
1403638203345096960,7.26293,6.33656,2.36114,0.01124,0.81357,-0.01669,0.58112,
1403638203445096960,7.23262,6.52996,2.35124,0.00903,0.81199,-0.01773,0.58333,
1403638203545097216,7.20153,6.71840,2.33474,0.00738,0.81279,-0.01886,0.58221,
1403638203645096960,7.16888,6.90227,2.31805,0.00613,0.81443,-0.01973,0.57989,
1403638203745096960,7.13493,7.08385,2.30860,0.00525,0.81391,-0.02029,0.58061,
1403638203845096960,7.09990,7.26062,2.30678,0.00637,0.81382,-0.01911,0.58077,
1403638203945096960,7.06260,7.43143,2.31141,0.00647,0.81414,-0.01812,0.58035,
1403638204045097216,7.02397,7.59881,2.32135,0.00442,0.81540,-0.01819,0.57860,
1403638204145096960,6.98300,7.76147,2.33915,0.00172,0.81796,-0.01868,0.57497,
1403638204245096960,6.94088,7.91526,2.36478,-0.00464,0.82088,-0.02266,0.57063,
1403638204345096960,6.90067,8.06346,2.39454,-0.01607,0.82533,-0.03122,0.56356,
1403638204445096960,6.86256,8.20398,2.42503,-0.02311,0.82890,-0.03757,0.55765,
1403638204545097216,6.82465,8.33574,2.45181,-0.02492,0.82899,-0.04020,0.55725,
1403638204645096960,6.79270,8.45967,2.47250,-0.02658,0.82734,-0.03745,0.55982,
1403638204745096960,6.76406,8.57501,2.48540,-0.02500,0.82722,-0.02476,0.56077,
1403638204845096960,6.73871,8.68246,2.49040,-0.02143,0.82606,-0.00277,0.56316,
1403638204945096960,6.71479,8.78478,2.48763,-0.02292,0.82342,0.02589,0.56638,
1403638205045097216,6.69351,8.88429,2.47844,-0.03347,0.82046,0.05801,0.56777,
1403638205145096960,6.67437,8.98245,2.46574,-0.05370,0.81727,0.09344,0.56609,
1403638205245096960,6.65472,9.08290,2.45699,-0.07999,0.81067,0.13236,0.56471,
1403638205345096960,6.63566,9.18126,2.45604,-0.10934,0.80089,0.17163,0.56317,
1403638205445096960,6.61649,9.28001,2.46354,-0.13429,0.78812,0.21055,0.56258,
1403638205545097216,6.59537,9.37915,2.47788,-0.14605,0.77481,0.24590,0.56381,
1403638205645096960,6.56806,9.47768,2.49909,-0.15012,0.76114,0.27253,0.56909,
1403638205745096960,6.53399,9.58163,2.52713,-0.15364,0.74963,0.29120,0.57416,
1403638205845096960,6.48952,9.68848,2.55829,-0.16313,0.74290,0.30684,0.57214,
1403638205945096960,6.43377,9.79999,2.59368,-0.17672,0.73787,0.32309,0.56562,
1403638206045097216,6.36881,9.91355,2.63435,-0.19452,0.73284,0.33919,0.55683,
1403638206145096960,6.29285,10.02900,2.68070,-0.21156,0.72465,0.35551,0.55113,
1403638206245096960,6.20943,10.14332,2.72725,-0.22686,0.71592,0.37120,0.54608,
1403638206345096960,6.11774,10.25804,2.76748,-0.24752,0.70954,0.38036,0.53908,
1403638206445096960,6.02159,10.36828,2.80213,-0.26353,0.70577,0.38458,0.53342,
1403638206545097216,5.92243,10.47517,2.83125,-0.27451,0.70226,0.38643,0.53118,
1403638206645096960,5.82102,10.57536,2.85489,-0.28066,0.69920,0.38823,0.53069,
1403638206745096960,5.71527,10.67213,2.87248,-0.28689,0.69610,0.39394,0.52721,
1403638206845096960,5.60763,10.76227,2.88251,-0.29230,0.69310,0.40013,0.52352,
1403638206945096960,5.49816,10.84591,2.88748,-0.29848,0.68925,0.40282,0.52304,
1403638207045097216,5.38652,10.92214,2.88611,-0.30391,0.68596,0.40368,0.52359,
1403638207145096960,5.27267,10.99301,2.87692,-0.30629,0.68355,0.40453,0.52469,
1403638207245096960,5.15398,11.06091,2.86117,-0.31017,0.68091,0.40671,0.52416,
1403638207345096960,5.03216,11.11958,2.83857,-0.31759,0.67508,0.41243,0.52279,
1403638207445096960,4.90779,11.16676,2.81343,-0.32742,0.66577,0.42278,0.52039,
1403638207545097216,4.77789,11.20468,2.79497,-0.33851,0.65717,0.43672,0.51265,
1403638207645096960,4.64670,11.23422,2.78065,-0.34483,0.65473,0.45095,0.49908,
1403638207745096960,4.51604,11.24965,2.77290,-0.34919,0.65574,0.46162,0.48475,
1403638207845096960,4.38943,11.25928,2.77348,-0.35160,0.65751,0.46887,0.47352,
1403638207945096960,4.26684,11.26574,2.78194,-0.35081,0.66080,0.47432,0.46400,
1403638208045097216,4.14464,11.27294,2.79431,-0.34976,0.66161,0.47641,0.46149,
1403638208145096960,4.02603,11.27632,2.80307,-0.35344,0.65961,0.47327,0.46477,
1403638208245096960,3.91205,11.27549,2.80447,-0.35541,0.65661,0.47029,0.47051,
1403638208445096960,3.69657,11.26419,2.78568,-0.34906,0.66079,0.47204,0.46764,
1403638208545097216,3.58747,11.25395,2.77428,-0.35033,0.66045,0.47625,0.46289,
1403638208645096960,3.48003,11.24167,2.76933,-0.35443,0.65493,0.48503,0.45846,
1403638208745096960,3.37533,11.22774,2.77077,-0.36141,0.65028,0.49098,0.45327,
1403638208845096960,3.27540,11.21133,2.77812,-0.36704,0.64492,0.49611,0.45081,
1403638208945096960,3.17929,11.19355,2.78227,-0.36946,0.63961,0.50146,0.45049,
1403638209045097216,3.08753,11.17255,2.78016,-0.37160,0.63677,0.50449,0.44937,
1403638209145096960,2.99744,11.14994,2.77133,-0.37311,0.63542,0.50644,0.44783,
1403638209345096960,2.82385,11.10382,2.73806,-0.37487,0.63597,0.50713,0.44480,
1403638209545097216,2.64384,11.04604,2.66848,-0.37838,0.63451,0.50444,0.44696,
1403638209745096960,2.48057,10.97998,2.55061,-0.37753,0.63634,0.50251,0.44725,
1403638209945096960,2.31834,10.90416,2.36420,-0.37461,0.63124,0.50291,0.45637,
1403638210245096960,2.10100,10.76356,2.07711,-0.38441,0.62234,0.49492,0.46902,
1403638210445096960,1.96054,10.62308,1.90678,-0.38275,0.62297,0.49578,0.46863,
1403638210645096960,1.82382,10.45869,1.72194,-0.38522,0.62242,0.49297,0.47030,
1403638210845096960,1.68912,10.26312,1.53502,-0.38591,0.62443,0.49168,0.46841,
1403638210945096960,1.62467,10.14977,1.45173,-0.38364,0.62799,0.49364,0.46344,
1403638211045097216,1.56163,10.02900,1.37605,-0.38262,0.63115,0.49490,0.45862,
1403638211145096960,1.49840,9.90828,1.31217,-0.38080,0.63381,0.49667,0.45453,
1403638211245096960,1.44583,9.78416,1.25224,-0.38014,0.63582,0.49746,0.45140,
1403638211445096960,1.34722,9.54372,1.14873,-0.37336,0.64346,0.49016,0.45420,
1403638211545097216,1.30320,9.41607,1.09153,-0.36709,0.65114,0.48036,0.45881,
1403638211645096960,1.26173,9.28655,1.02867,-0.36155,0.66138,0.46491,0.46444,
1403638211745096960,1.22328,9.15325,0.96030,-0.35245,0.67439,0.44618,0.47106,
1403638211845096960,1.18966,9.01679,0.89138,-0.34293,0.69008,0.42370,0.47610,
1403638211945096960,1.16283,8.87822,0.82995,-0.33088,0.70352,0.40193,0.48377,
1403638212045097216,1.14018,8.73517,0.77579,-0.31776,0.71573,0.38131,0.49129,
1403638212145096960,1.12352,8.59044,0.72930,-0.30155,0.72546,0.36329,0.50079,
1403638212245096960,1.11136,8.44323,0.69207,-0.28493,0.73419,0.34491,0.51070,
1403638212345096960,1.09965,8.29128,0.66201,-0.26943,0.74321,0.32639,0.51819,
1403638212445096960,1.08994,8.13521,0.63873,-0.25286,0.75093,0.30802,0.52658,
1403638212545097216,1.08042,7.97386,0.62480,-0.24087,0.75865,0.28635,0.53332,
1403638212645096960,1.07253,7.80808,0.61484,-0.22702,0.76704,0.26544,0.53820,
1403638212745096960,1.06532,7.63843,0.61160,-0.20942,0.77512,0.24638,0.54280,
1403638212845096960,1.05992,7.46589,0.61543,-0.19447,0.78158,0.22373,0.54887,
1403638212945096960,1.05597,7.29251,0.62363,-0.17890,0.78883,0.19957,0.55309,
1403638213045097216,1.05384,7.11853,0.63865,-0.16136,0.79588,0.17470,0.55679,
1403638213145096960,1.05273,6.94410,0.65675,-0.14603,0.80329,0.14747,0.55826,
1403638213245096960,1.05246,6.76577,0.66791,-0.13241,0.81374,0.11887,0.55332,
1403638213345096960,1.05587,6.58633,0.67286,-0.12137,0.82456,0.08816,0.54552,
1403638213445096960,1.06696,6.40452,0.67248,-0.11207,0.83276,0.05660,0.53922,
1403638213545097216,1.08572,6.21736,0.66841,-0.10025,0.83575,0.02870,0.53913,
1403638213645096960,1.11366,6.02504,0.66445,-0.07795,0.82965,0.01647,0.55257,
1403638213745096960,1.14583,5.83096,0.66584,-0.05689,0.82130,0.01301,0.56751,
1403638213845096960,1.17862,5.63510,0.67255,-0.04121,0.81654,0.01260,0.57568,
1403638213945096960,1.21303,5.44009,0.68435,-0.03279,0.81571,0.01293,0.57739,
1403638214045097216,1.24434,5.24497,0.70031,-0.03110,0.81844,0.01326,0.57360,
1403638214145096960,1.27501,5.05108,0.71997,-0.03007,0.82483,0.01561,0.56436,
1403638214245096960,1.30841,4.85985,0.74227,-0.03058,0.83121,0.01926,0.55478,
1403638214345096960,1.34439,4.66939,0.75873,-0.03250,0.83569,0.02267,0.54777,
1403638214445096960,1.38664,4.48122,0.76778,-0.03358,0.83695,0.02730,0.54556,
1403638214545097216,1.43446,4.29672,0.77285,-0.03537,0.83150,0.03112,0.55352,
1403638214645096960,1.48615,4.11585,0.77208,-0.03713,0.82488,0.03439,0.56304,
1403638214745096960,1.53914,3.93806,0.76548,-0.03887,0.81835,0.03762,0.57217,
1403638214845096960,1.59051,3.76254,0.75382,-0.04069,0.81418,0.04041,0.57777,
1403638214945096960,1.64021,3.58942,0.73673,-0.04178,0.81160,0.04262,0.58116,
1403638215045097216,1.68790,3.41850,0.71422,-0.04301,0.81078,0.04381,0.58213,
1403638215245096960,1.77449,3.08620,0.65913,-0.04063,0.81292,0.04729,0.57903,
1403638215345096960,1.81802,2.91998,0.62720,-0.03653,0.81445,0.05004,0.57692,
1403638215445096960,1.86156,2.75922,0.59815,-0.03129,0.81376,0.05383,0.57785,
1403638215545097216,1.90283,2.60467,0.57736,-0.03026,0.81401,0.05445,0.57750,
1403638215645096960,1.94109,2.45487,0.56537,-0.03093,0.81200,0.05432,0.58030,
1403638215845096960,2.00524,2.17820,0.54887,-0.03587,0.81213,0.04550,0.58059,
1403638215945096960,2.03833,2.03984,0.53375,-0.03357,0.81225,0.04100,0.58090,
1403638216045097216,2.06701,1.90262,0.51291,-0.03220,0.81243,0.03709,0.58099,
1403638216145096960,2.09181,1.77115,0.49147,-0.02891,0.81252,0.03545,0.58113,
1403638216245096960,2.11411,1.64202,0.47737,-0.02610,0.81132,0.03460,0.58299,
1403638216345096960,2.13334,1.51656,0.46983,-0.02401,0.81046,0.03403,0.58431,
1403638216445096960,2.14918,1.39795,0.46995,-0.02260,0.80935,0.03346,0.58593,
1403638216645096960,2.15911,1.18183,0.45962,-0.01821,0.81107,0.03490,0.58362,
1403638216845096960,2.18356,0.96884,0.43312,-0.01223,0.80881,0.03519,0.58689,
1403638216945096960,2.17990,0.86438,0.40976,-0.00811,0.80687,0.02797,0.59001,
1403638217045097216,2.17749,0.77481,0.38882,-0.00520,0.80805,0.01455,0.58890,
1403638217145096960,2.16877,0.69532,0.36779,0.00058,0.81112,-0.00064,0.58487,
1403638217245096960,2.16066,0.60184,0.33959,0.00790,0.81339,-0.01190,0.58155,
1403638217345096960,2.15569,0.51816,0.31117,0.01405,0.81465,-0.01950,0.57946,
1403638217445096960,2.14266,0.44673,0.30171,0.01840,0.81582,-0.02497,0.57747,
1403638217545097216,2.12588,0.37862,0.29924,0.02549,0.81666,-0.02563,0.57598,
1403638217645096960,2.11077,0.30360,0.30212,0.03275,0.81725,-0.02293,0.57490,
1403638217845096960,2.08075,0.18085,0.32734,0.04550,0.81904,-0.01443,0.57174,
1403638218145096960,2.03667,0.04401,0.35834,0.04419,0.81405,-0.00930,0.57903,
1403638218345096960,2.00709,-0.01366,0.35308,0.03720,0.80756,-0.00855,0.58855,
1403638218745096960,1.91836,-0.04014,0.39189,0.02588,0.81526,-0.01471,0.57833,
1403638218845096960,1.87266,-0.03388,0.40602,0.03045,0.81910,-0.02158,0.57244,
1403638219045097216,1.82554,-0.01196,0.40592,0.01783,0.81933,-0.04775,0.57106,
1403638219245096960,1.77534,0.00364,0.40242,0.02330,0.81308,-0.05385,0.57919,
1403638219345096960,1.75288,0.02035,0.37777,0.03131,0.80666,-0.05078,0.58799,
1403638219445096960,1.71167,0.02975,0.37529,0.03516,0.79895,-0.04921,0.59835,
1403638219745096960,1.60041,0.06458,0.38578,0.02579,0.80243,-0.05513,0.59363,
1403638219945096960,1.49781,0.08494,0.37660,0.00929,0.80868,-0.06612,0.58445,
1403638220145096960,1.38931,0.08739,0.34998,0.00677,0.81341,-0.06758,0.57771,
1403638220245096960,1.33706,0.08078,0.34582,0.02064,0.81482,-0.05820,0.57642,
1403638220445096960,1.22815,0.06571,0.35757,0.03788,0.81660,-0.04657,0.57407,
1403638220945096960,0.95562,0.04122,0.37964,0.04023,0.81615,-0.05148,0.57413,
1403638221245096960,0.79735,0.04925,0.34283,0.04059,0.81910,-0.05367,0.56970,
1403638221645096960,0.60583,0.07261,0.33530,0.03347,0.82045,-0.06094,0.56748,
1403638222245096960,0.36019,0.07671,0.35248,0.03950,0.82235,-0.05557,0.56488,
1403638222445096960,0.29414,0.08185,0.34767,0.03855,0.82855,-0.05672,0.55569,
1403638222745096960,0.22799,0.09264,0.31420,0.03770,0.81889,-0.05713,0.56985,
1403638222945096960,0.19162,0.09945,0.28452,0.03768,0.80868,-0.05652,0.58431,
1403638223145096960,0.14405,0.10687,0.25585,0.03804,0.81410,-0.05605,0.57676,
1403638223245096960,0.11665,0.11818,0.24768,0.03266,0.82434,-0.06029,0.56193,
1403638223545097216,0.04585,0.12807,0.22895,0.01413,0.81929,-0.07374,0.56844,
1403638223745096960,0.00423,0.11667,0.20658,0.03297,0.81806,-0.06100,0.57094,
1403638224045097216,-0.05019,0.09722,0.16023,0.04727,0.82081,-0.05095,0.56696,
1403638224145096960,-0.06394,0.09438,0.14124,0.04532,0.82653,-0.05190,0.55866,
1403638224445096960,-0.08574,0.09916,0.09430,0.03669,0.81979,-0.05840,0.56850,
1403638224745096960,-0.09647,0.11311,0.04908,0.03796,0.82494,-0.05734,0.56102,
1403638225045097216,-0.09800,0.13616,0.03725,0.02302,0.81445,-0.06625,0.57598,
1403638225345096960,-0.07229,0.13313,0.07130,0.03505,0.82358,-0.05541,0.56340,
1403638225545097216,-0.06335,0.13311,0.06919,0.03832,0.80896,-0.05288,0.58422,
1403638225645096960,-0.05966,0.13421,0.05959,0.03964,0.79845,-0.05176,0.59852,
1403638225845096960,-0.06888,0.14062,0.00856,0.04018,0.81206,-0.05134,0.57991,
1403638225945096960,-0.07674,0.14573,-0.02642,0.03963,0.82233,-0.05171,0.56527,
1403638226045097216,-0.08017,0.15456,-0.05153,0.03608,0.83255,-0.05120,0.55040,
1403638226145096960,-0.07275,0.16362,-0.03788,0.01281,0.83143,-0.06542,0.55161,
1403638226245096960,-0.06308,0.16926,-0.04409,0.03951,0.83532,-0.04936,0.54611,
1403638226345096960,-0.06709,0.17299,-0.03764,0.03668,0.83147,-0.05031,0.55207,
