1560004896736957440,0.07937,-0.31048,0.01139,0.69734,0.71566,0.02563,0.02992,0.12038,-0.29716,0.01775,
1560004896836957440,0.08402,-0.36041,0.00945,0.69707,0.71524,0.03338,0.03755,0.14354,-0.33484,0.00483,
1560004896936957952,0.07977,-0.40243,0.00700,0.69677,0.71465,0.04137,0.04556,0.11456,-0.34707,0.00441,
1560004897036833024,0.07692,-0.44001,0.00512,0.69663,0.71356,0.04911,0.05588,0.11436,-0.35648,-0.00834,
1560004897136833280,0.08214,-0.47536,0.00450,0.69581,0.71288,0.05728,0.06613,0.12944,-0.31421,0.00307,
1560004897236833280,0.08942,-0.51371,0.00417,0.69547,0.71147,0.06552,0.07640,0.12222,-0.31667,-0.00103,
1560004897336833536,0.10376,-0.54960,0.00462,0.69542,0.70945,0.07474,0.08655,0.14903,-0.31820,-0.00402,
1560004897436833792,0.11584,-0.58426,0.00490,0.69465,0.70763,0.08478,0.09769,0.14994,-0.32571,-0.00500,
1560004897536829440,0.13261,-0.62394,0.00505,0.69280,0.70634,0.09604,0.10902,0.15485,-0.32952,0.00018,
1560004897636829952,0.15236,-0.65969,0.00549,0.69084,0.70462,0.10776,0.12099,0.18984,-0.30619,0.00789,
1560004897736830208,0.17237,-0.69600,0.00541,0.68896,0.70232,0.11992,0.13304,0.19546,-0.32270,-0.00185,
1560004897836830464,0.19475,-0.73441,0.00558,0.68703,0.69966,0.13195,0.14507,0.22696,-0.31536,0.00019,
1560004897936830464,0.21782,-0.76979,0.00351,0.68526,0.69671,0.14326,0.15648,0.24485,-0.33291,-0.00869,
1560004898036799744,0.24104,-0.80499,0.00263,0.68346,0.69369,0.15394,0.16729,0.23233,-0.33856,-0.01066,
1560004898136799488,0.26549,-0.83545,0.00196,0.68116,0.69107,0.16414,0.17749,0.23497,-0.29494,0.00252,
1560004898236799744,0.28788,-0.86635,0.00097,0.67890,0.68847,0.17406,0.18656,0.22796,-0.28714,-0.00374,
1560004898336800000,0.30801,-0.89453,0.00056,0.67636,0.68628,0.18320,0.19493,0.21541,-0.26056,0.00231,
1560004898436800256,0.32834,-0.91850,0.00029,0.67392,0.68393,0.19309,0.20199,0.22470,-0.24041,-0.00360,
1560004898536824832,0.34901,-0.94374,0.00001,0.67238,0.68085,0.20265,0.20803,0.23218,-0.24796,-0.01021,
1560004898636825088,0.36947,-0.97269,0.00073,0.67098,0.67776,0.21104,0.21422,0.21778,-0.25334,-0.00299,
1560004898736825344,0.39132,-1.00170,0.00031,0.66949,0.67503,0.21810,0.22035,0.22654,-0.26842,-0.01411,
1560004898836825600,0.41437,-1.02988,0.00112,0.66782,0.67243,0.22464,0.22670,0.21887,-0.24265,-0.00236,
1560004898936826112,0.43779,-1.05564,0.00173,0.66553,0.67023,0.23133,0.23311,0.21896,-0.21928,0.00501,
1560004899036826624,0.46220,-1.08299,0.00236,0.66335,0.66806,0.23793,0.23886,0.22502,-0.24765,-0.00254,
1560004899136826880,0.48779,-1.11084,0.00275,0.66112,0.66611,0.24338,0.24492,0.24603,-0.25813,-0.00269,
1560004899236826880,0.51339,-1.13575,0.00329,0.65934,0.66401,0.24823,0.25050,0.24480,-0.26912,-0.00070,
1560004899336827136,0.54102,-1.16320,0.00285,0.65742,0.66259,0.25218,0.25528,0.25104,-0.26975,0.00234,
1560004899436827392,0.56728,-1.18974,0.00325,0.65611,0.66110,0.25602,0.25871,0.26571,-0.25917,0.00380,
1560004899536784896,0.59397,-1.21793,0.00402,0.65531,0.65957,0.25900,0.26164,0.24329,-0.27856,0.00230,
1560004899636785152,0.61783,-1.24439,0.00508,0.65441,0.65771,0.26147,0.26606,0.25405,-0.24427,0.00044,
1560004899736785152,0.64280,-1.26787,0.00566,0.65269,0.65621,0.26567,0.26983,0.24151,-0.22728,0.00432,
1560004899836785408,0.66872,-1.29025,0.00685,0.65161,0.65460,0.26945,0.27259,0.21279,-0.21882,0.01030,
1560004899936785664,0.69310,-1.30997,0.00728,0.64979,0.65345,0.27371,0.27543,0.24226,-0.19789,-0.00251,
1560004900036725248,0.71508,-1.32831,0.00777,0.64766,0.65212,0.27803,0.27923,0.24229,-0.21263,0.00064,
1560004900136725504,0.73929,-1.34783,0.00838,0.64572,0.65048,0.28227,0.28328,0.24542,-0.20543,0.00069,
1560004900236725504,0.76287,-1.36893,0.00940,0.64350,0.64917,0.28607,0.28748,0.23183,-0.19842,0.01181,
1560004900336725760,0.78891,-1.39066,0.01008,0.64192,0.64773,0.28925,0.29107,0.25305,-0.21107,0.00666,
1560004900436726016,0.81571,-1.41211,0.01110,0.64074,0.64600,0.29236,0.29439,0.27477,-0.22796,-0.00200,
1560004900536717056,0.84257,-1.43284,0.01170,0.63942,0.64426,0.29541,0.29799,0.26822,-0.22467,0.00568,
1560004900636717568,0.87390,-1.45757,0.01211,0.63756,0.64313,0.29819,0.30163,0.26294,-0.20583,0.01793,
1560004900736717824,0.90318,-1.47962,0.01283,0.63667,0.64139,0.30074,0.30468,0.28291,-0.23279,0.00472,
1560004900836717824,0.93258,-1.50162,0.01354,0.63578,0.63985,0.30316,0.30736,0.29293,-0.21413,0.00578,
1560004900936718080,0.96177,-1.52460,0.01384,0.63455,0.63905,0.30527,0.30947,0.29373,-0.21655,0.00280,
1560004901036647680,0.98966,-1.54525,0.01438,0.63425,0.63807,0.30675,0.31063,0.28380,-0.22207,0.00343,
1560004901136647680,1.01777,-1.56657,0.01446,0.63370,0.63784,0.30792,0.31109,0.26793,-0.21764,0.00874,
1560004901236647680,1.04567,-1.58888,0.01426,0.63317,0.63765,0.30862,0.31186,0.27914,-0.22223,0.00334,
1560004901336647936,1.07439,-1.61167,0.01449,0.63298,0.63737,0.30917,0.31228,0.28816,-0.24740,-0.00274,
1560004901436648192,1.10216,-1.63252,0.01517,0.63312,0.63689,0.30941,0.31273,0.29936,-0.24522,-0.00870,
1560004901536670208,1.13002,-1.65438,0.01533,0.63230,0.63720,0.31002,0.31314,0.28331,-0.20957,0.00415,
1560004901636670464,1.15953,-1.67602,0.01542,0.63177,0.63715,0.31093,0.31342,0.28350,-0.21725,0.00204,
1560004901736670464,1.18813,-1.69656,0.01606,0.63124,0.63677,0.31216,0.31405,0.28244,-0.22012,0.00571,
1560004901836670720,1.21783,-1.71844,0.01627,0.63079,0.63648,0.31297,0.31472,0.30072,-0.22798,0.00051,
1560004901936670720,1.24674,-1.74187,0.01704,0.63020,0.63593,0.31370,0.31628,0.29743,-0.25004,0.00080,
1560004902036709888,1.27824,-1.76524,0.01714,0.62981,0.63522,0.31489,0.31730,0.30806,-0.22859,0.00265,
1560004902136709888,1.30820,-1.78735,0.01699,0.62915,0.63442,0.31603,0.31907,0.28024,-0.21486,0.01328,
1560004902236710400,1.33906,-1.80863,0.01700,0.62805,0.63364,0.31790,0.32092,0.30092,-0.19573,0.00942,
1560004902336710144,1.37041,-1.82846,0.01727,0.62720,0.63185,0.32037,0.32365,0.31854,-0.21483,-0.00847,
1560004902436710400,1.40382,-1.84734,0.01743,0.62514,0.63025,0.32440,0.32673,0.31911,-0.18188,0.00077,
1560004902536632320,1.43524,-1.86363,0.01792,0.62296,0.62804,0.32868,0.33083,0.32234,-0.18480,-0.00119,
1560004902636632320,1.47053,-1.88184,0.01873,0.62041,0.62549,0.33359,0.33551,0.33226,-0.16636,0.00475,
1560004902736632576,1.50693,-1.89888,0.01871,0.61754,0.62250,0.33935,0.34055,0.35278,-0.15136,0.00040,
1560004902836632832,1.54436,-1.91294,0.01805,0.61387,0.61879,0.34650,0.34670,0.35128,-0.14948,-0.00156,
1560004902936633088,1.58063,-1.92406,0.01801,0.60890,0.61398,0.35514,0.35517,0.38404,-0.10140,-0.00092,
1560004903036719360,1.62102,-1.93433,0.01804,0.60323,0.60841,0.36522,0.36410,0.38656,-0.11360,-0.00544,
1560004903136719616,1.66419,-1.94555,0.01837,0.59695,0.60295,0.37528,0.37319,0.40795,-0.09531,-0.00142,
1560004903236719616,1.70797,-1.95803,0.01881,0.59103,0.59794,0.38383,0.38187,0.40570,-0.09676,0.00726,
1560004903336719872,1.75251,-1.96924,0.01849,0.58504,0.59355,0.39204,0.38954,0.45144,-0.10739,-0.00618,
1560004903436720128,1.79914,-1.98293,0.01850,0.57931,0.58900,0.39934,0.39750,0.46431,-0.11255,-0.00931,
1560004903536667904,1.84282,-1.99206,0.01837,0.57443,0.58390,0.40666,0.40462,0.45161,-0.09451,-0.00433,
1560004903636667904,1.89157,-2.00375,0.01831,0.56886,0.57976,0.41360,0.41135,0.43375,-0.07342,0.01188,
1560004903736668160,1.93794,-2.01347,0.01898,0.56384,0.57474,0.42017,0.41859,0.43042,-0.08644,0.01561,
1560004903836668416,1.98307,-2.02086,0.02001,0.55924,0.56888,0.42645,0.42634,0.45975,-0.05918,0.00201,
1560004903936668416,2.02859,-2.02602,0.02114,0.55477,0.56257,0.43303,0.43385,0.44474,-0.02495,0.01215,
1560004904036633856,2.07228,-2.03210,0.02219,0.55018,0.55641,0.43900,0.44157,0.44549,-0.05093,0.00719,
1560004904136633856,2.11327,-2.03469,0.02236,0.54519,0.55053,0.44570,0.44836,0.45645,-0.03057,-0.00312,
1560004904236634112,2.15794,-2.03702,0.02259,0.53899,0.54507,0.45289,0.45527,0.43377,-0.00707,0.00333,
1560004904336634112,2.20185,-2.03635,0.02267,0.53316,0.53933,0.46011,0.46170,0.43873,0.00612,0.00761,
1560004904436634624,2.24550,-2.03686,0.02292,0.52743,0.53415,0.46653,0.46783,0.45809,-0.00174,0.00167,
1560004904536562688,2.29109,-2.03674,0.02279,0.52193,0.52906,0.47247,0.47377,0.47714,-0.00139,-0.00702,
1560004904636562944,2.33855,-2.03655,0.02215,0.51682,0.52462,0.47807,0.47866,0.47159,0.01615,-0.00334,
1560004904736563200,2.38390,-2.03534,0.02171,0.51243,0.52090,0.48311,0.48237,0.46242,0.00193,0.00215,
1560004904836563712,2.43162,-2.03544,0.02207,0.50804,0.51721,0.48770,0.48634,0.46687,0.01882,-0.00039,
1560004904936563456,2.47322,-2.03246,0.02224,0.50391,0.51292,0.49205,0.49079,0.46123,0.02261,-0.00522,
1560004905036514816,2.51766,-2.02966,0.02251,0.49888,0.50891,0.49687,0.49522,0.43889,0.02974,0.00706,
1560004905136514816,2.56538,-2.02432,0.02267,0.49458,0.50437,0.50169,0.49931,0.42918,0.04246,0.00689,
1560004905236514816,2.60954,-2.02016,0.02231,0.48975,0.49989,0.50616,0.50404,0.43616,0.04093,-0.00507,
1560004905336515072,2.65438,-2.01585,0.02184,0.48472,0.49583,0.51045,0.50857,0.41673,0.04803,0.00264,
1560004905436515328,2.69769,-2.01046,0.02154,0.47994,0.49197,0.51429,0.51297,0.43359,0.05280,-0.00656,
1560004905536476672,2.74156,-2.00363,0.02171,0.47581,0.48808,0.51825,0.51652,0.43154,0.06964,-0.00430,
1560004905636476672,2.78127,-1.99755,0.02204,0.47245,0.48513,0.52123,0.51938,0.41352,0.06141,0.00333,
1560004905736477440,2.82040,-1.99163,0.02281,0.47053,0.48245,0.52325,0.52158,0.39389,0.07159,0.01473,
1560004905836477440,2.86123,-1.98471,0.02305,0.46976,0.48006,0.52478,0.52295,0.41739,0.05804,0.00240,
1560004905936477952,2.89964,-1.97819,0.02300,0.46835,0.47740,0.52634,0.52507,0.41738,0.07532,-0.00200,
1560004906036625920,2.93974,-1.96849,0.02287,0.46653,0.47415,0.52941,0.52655,0.38522,0.08930,0.00543,
1560004906136626176,2.97783,-1.96057,0.02218,0.46387,0.47138,0.53232,0.52845,0.38369,0.08134,-0.00253,
1560004906236626176,3.01648,-1.95147,0.02298,0.46111,0.46803,0.53516,0.53097,0.36143,0.09193,0.00097,
1560004906336626432,3.05817,-1.94081,0.02419,0.45885,0.46495,0.53777,0.53299,0.36614,0.07908,0.00143,
1560004906436626688,3.09901,-1.93029,0.02531,0.45632,0.46188,0.54016,0.53541,0.37961,0.09471,-0.00112,
1560004906536484608,3.14223,-1.91987,0.02603,0.45270,0.45829,0.54281,0.53887,0.38158,0.10008,0.00007,
1560004906636484608,3.18026,-1.90567,0.02622,0.44681,0.45244,0.54770,0.54377,0.34634,0.14690,0.00508,
1560004906736484864,3.21551,-1.88850,0.02584,0.43797,0.44369,0.55488,0.55085,0.34448,0.19044,-0.00140,
1560004906836485120,3.24850,-1.86766,0.02544,0.42683,0.43247,0.56373,0.55946,0.32968,0.21654,-0.00478,
1560004906936485376,3.28176,-1.84336,0.02560,0.41376,0.41966,0.57365,0.56887,0.30400,0.24201,0.00350,
1560004907036488704,3.31500,-1.81659,0.02519,0.39940,0.40612,0.58398,0.57837,0.29069,0.25284,0.00427,
1560004907136488960,3.34780,-1.78907,0.02494,0.38603,0.39306,0.59314,0.58708,0.29071,0.26171,0.00331,
1560004907236489216,3.38044,-1.76264,0.02424,0.37403,0.38135,0.60090,0.59464,0.30757,0.25679,-0.00604,
1560004907336489472,3.40995,-1.73710,0.02391,0.36253,0.36977,0.60789,0.60192,0.28732,0.27102,-0.00517,
1560004907436489728,3.43442,-1.71051,0.02413,0.34975,0.35724,0.61503,0.60975,0.25441,0.27952,-0.00140,
1560004907536457984,3.46055,-1.68172,0.02415,0.33606,0.34438,0.62258,0.61714,0.22211,0.27093,0.01091,
1560004907636458240,3.48445,-1.65149,0.02464,0.32343,0.33151,0.62899,0.62439,0.23967,0.27724,0.00252,
1560004907736458496,3.50606,-1.62339,0.02515,0.31150,0.31992,0.63472,0.63067,0.23528,0.31043,-0.00284,
1560004907836458496,3.52615,-1.59594,0.02537,0.30158,0.30953,0.63963,0.63570,0.25085,0.29871,-0.00605,
1560004907936458752,3.54792,-1.56858,0.02615,0.29329,0.30098,0.64348,0.63978,0.23079,0.28413,0.00568,
1560004908036432128,3.57011,-1.54079,0.02616,0.28513,0.29331,0.64757,0.64290,0.20670,0.27274,0.01532,
1560004908136432384,3.59248,-1.50976,0.02602,0.27728,0.28522,0.65142,0.64608,0.22327,0.29917,0.00007,
1560004908236432640,3.61452,-1.47893,0.02619,0.26956,0.27741,0.65475,0.64937,0.23951,0.30964,-0.00221,
1560004908336432896,3.64059,-1.44528,0.02600,0.26212,0.27055,0.65775,0.65227,0.24311,0.32032,-0.00027,
1560004908436433152,3.66527,-1.41194,0.02601,0.25625,0.26449,0.66019,0.65462,0.24835,0.32349,-0.00413,
1560004908536427520,3.68883,-1.38196,0.02544,0.25188,0.26031,0.66212,0.65605,0.23640,0.31317,0.00039,
1560004908636427520,3.71211,-1.35183,0.02543,0.24903,0.25709,0.66349,0.65701,0.24802,0.29097,0.00234,
1560004908736428032,3.73644,-1.32259,0.02546,0.24615,0.25468,0.66441,0.65811,0.24513,0.28605,0.00525,
1560004908836428288,3.75923,-1.29465,0.02545,0.24422,0.25280,0.66498,0.65897,0.24321,0.29957,0.00201,
1560004908936428288,3.78454,-1.26314,0.02519,0.24339,0.25187,0.66547,0.65915,0.26087,0.28882,0.00507,
1560004909036391168,3.80985,-1.23180,0.02553,0.24332,0.25149,0.66545,0.65934,0.25742,0.30917,0.00214,
1560004909136391680,3.83448,-1.20227,0.02614,0.24366,0.25140,0.66522,0.65948,0.27141,0.30260,-0.00262,
1560004909236391424,3.85800,-1.17478,0.02631,0.24415,0.25191,0.66501,0.65932,0.25886,0.28952,-0.00095,
1560004909336391936,3.88227,-1.14759,0.02647,0.24590,0.25346,0.66448,0.65860,0.26160,0.26883,0.00400,
1560004909436392192,3.91148,-1.11742,0.02629,0.24940,0.25675,0.66345,0.65705,0.28866,0.25649,0.00204,
1560004909536373248,3.94277,-1.09017,0.02580,0.25473,0.26225,0.66151,0.65479,0.31523,0.26115,-0.00507,
1560004909636373248,3.97590,-1.06485,0.02575,0.26243,0.26998,0.65845,0.65168,0.34513,0.23062,-0.00018,
1560004909736373504,4.01186,-1.04067,0.02576,0.27200,0.27992,0.65463,0.64739,0.35379,0.21316,0.00691,
1560004909836373504,4.05079,-1.01641,0.02569,0.28294,0.29081,0.65005,0.64250,0.38603,0.19990,-0.00232,
1560004909936373760,4.09052,-0.99436,0.02584,0.29340,0.30177,0.64517,0.63766,0.38442,0.21104,-0.00255,
1560004910036342272,4.12966,-0.97205,0.02563,0.30386,0.31196,0.64034,0.63270,0.39676,0.19672,0.00065,
1560004910136342272,4.16997,-0.94861,0.02521,0.31370,0.32127,0.63609,0.62751,0.40158,0.20798,-0.00345,
1560004910236342528,4.21047,-0.92711,0.02492,0.32167,0.32979,0.63209,0.62308,0.41047,0.20414,-0.00228,
1560004910336342784,4.25179,-0.90214,0.02497,0.32909,0.33642,0.62890,0.61888,0.39617,0.22477,0.00313,
1560004910436343040,4.29367,-0.88017,0.02537,0.33430,0.34218,0.62577,0.61610,0.42508,0.20666,0.00178,
1560004910536319488,4.33461,-0.85608,0.02542,0.33727,0.34561,0.62369,0.61467,0.40234,0.24107,0.00040,
1560004910636319744,4.37284,-0.83221,0.02593,0.33907,0.34736,0.62246,0.61393,0.38461,0.23482,0.01023,
1560004910736319744,4.41090,-0.80742,0.02547,0.34089,0.34867,0.62190,0.61275,0.40011,0.25130,-0.00016,
1560004910836320256,4.44904,-0.78549,0.02552,0.34425,0.35084,0.61991,0.61166,0.42583,0.22371,-0.00328,
1560004910936320256,4.48906,-0.76486,0.02613,0.34886,0.35453,0.61728,0.60956,0.40662,0.20173,0.00747,
1560004911036291584,4.53005,-0.74604,0.02571,0.35542,0.36034,0.61394,0.60573,0.41752,0.17052,0.00604,
1560004911136291840,4.57066,-0.73093,0.02549,0.36380,0.36786,0.60906,0.60114,0.42051,0.14596,0.00396,
1560004911236291840,4.61195,-0.71854,0.02469,0.37230,0.37643,0.60399,0.59573,0.44357,0.11278,-0.00340,
1560004911336292096,4.65552,-0.70695,0.02441,0.38065,0.38516,0.59826,0.59062,0.43817,0.09973,-0.00364,
1560004911436292096,4.69406,-0.69840,0.02428,0.38923,0.39429,0.59229,0.58500,0.41503,0.08808,-0.00211,
1560004911536288512,4.73606,-0.69012,0.02469,0.39864,0.40388,0.58585,0.57857,0.40130,0.04667,0.00795,
1560004911636288768,4.77558,-0.68669,0.02433,0.40791,0.41421,0.57894,0.57173,0.39045,0.02440,0.00597,
1560004911736289024,4.81649,-0.68281,0.02354,0.41760,0.42450,0.57191,0.56422,0.38925,0.02071,-0.00411,
1560004911836289280,4.85612,-0.68204,0.02304,0.42805,0.43504,0.56377,0.55649,0.39622,-0.01740,-0.00969,
1560004911936289536,4.89611,-0.68403,0.02238,0.43917,0.44687,0.55479,0.54740,0.37575,-0.05196,0.00142,
1560004912036302336,4.93442,-0.69072,0.02220,0.45154,0.46016,0.54401,0.53705,0.36200,-0.08814,0.00441,
1560004912136302592,4.97159,-0.70055,0.02227,0.46666,0.47473,0.53086,0.52445,0.36231,-0.12526,-0.00362,
1560004912236302848,5.00751,-0.71519,0.02224,0.48397,0.49138,0.51496,0.50906,0.34219,-0.18256,-0.00401,
1560004912336302848,5.03949,-0.73565,0.02233,0.50258,0.50998,0.49632,0.49091,0.29331,-0.22786,0.00545,
1560004912436303104,5.06721,-0.76009,0.02284,0.52145,0.52881,0.47582,0.47122,0.26070,-0.24982,0.00661,
1560004912536285696,5.09136,-0.78604,0.02284,0.53944,0.54678,0.45500,0.45056,0.24789,-0.26496,-0.00170,
1560004912636285696,5.11172,-0.81306,0.02265,0.55601,0.56403,0.43388,0.42950,0.24912,-0.29223,-0.01666,
1560004912736286208,5.13262,-0.84038,0.02247,0.57098,0.57980,0.41311,0.40884,0.21340,-0.29679,-0.00883,
1560004912836286208,5.15205,-0.86749,0.02272,0.58468,0.59387,0.39268,0.38893,0.19657,-0.29172,-0.00428,
1560004912936286720,5.17237,-0.89636,0.02283,0.59679,0.60679,0.37300,0.36948,0.15918,-0.28680,0.00699,
1560004913036273664,5.19233,-0.92664,0.02281,0.60795,0.61860,0.35357,0.35032,0.15311,-0.29231,0.00008,
1560004913136273920,5.20680,-0.95539,0.02280,0.61864,0.62918,0.33426,0.33118,0.13330,-0.29769,-0.00289,
1560004913236274176,5.21778,-0.98248,0.02247,0.62852,0.63923,0.31505,0.31158,0.11580,-0.29313,-0.00676,
1560004913336274176,5.22640,-1.00867,0.02267,0.63791,0.64863,0.29548,0.29161,0.09126,-0.29364,-0.00770,
1560004913436274432,5.23331,-1.03729,0.02276,0.64662,0.65758,0.27544,0.27131,0.04410,-0.29062,0.00021,
1560004913536276224,5.23539,-1.06643,0.02313,0.65505,0.66622,0.25385,0.25025,0.00454,-0.28397,0.00510,
1560004913636276480,5.23374,-1.09508,0.02381,0.66316,0.67419,0.23143,0.22832,-0.02347,-0.27723,0.00275,
1560004913736276992,5.23160,-1.12274,0.02424,0.67034,0.68133,0.20944,0.20630,-0.02965,-0.26958,-0.00346,
1560004913836276992,5.22949,-1.14943,0.02408,0.67655,0.68761,0.18822,0.18455,-0.04316,-0.26893,-0.00103,
1560004913936277504,5.22395,-1.17414,0.02483,0.68227,0.69262,0.16701,0.16397,-0.06471,-0.26074,0.00204,
1560004914036187136,5.21582,-1.19714,0.02517,0.68699,0.69725,0.14588,0.14357,-0.07780,-0.24914,0.00279,
1560004914136187648,5.20660,-1.22055,0.02542,0.69121,0.70119,0.12458,0.12261,-0.09065,-0.24403,0.00134,
1560004914236187648,5.19617,-1.24503,0.02563,0.69454,0.70476,0.10310,0.10149,-0.11347,-0.23980,0.00347,
1560004914336188160,5.18308,-1.26946,0.02591,0.69730,0.70762,0.08120,0.08035,-0.13518,-0.22971,0.00353,
1560004914436187904,5.16795,-1.29046,0.02532,0.69963,0.70972,0.05850,0.05821,-0.15723,-0.21493,0.00014,
1560004914536126464,5.15016,-1.31154,0.02582,0.70141,0.71098,0.03542,0.03573,-0.16802,-0.21248,0.00030,
1560004914636126464,5.13203,-1.33285,0.02665,0.70253,0.71138,0.01342,0.01455,-0.17380,-0.21425,0.00411,
1560004914736126720,5.11513,-1.35236,0.02749,0.70278,0.71135,-0.00715,-0.00547,-0.17645,-0.20955,0.00488,
1560004914836126976,5.09529,-1.37191,0.02795,0.70260,0.71047,-0.02910,-0.02701,-0.21201,-0.18950,0.00593,
1560004914936127232,5.07126,-1.38969,0.02794,0.70152,0.70878,-0.05373,-0.05109,-0.24531,-0.17349,0.00054,
1560004915036128512,5.04509,-1.40413,0.02825,0.69946,0.70610,-0.07965,-0.07635,-0.26159,-0.13897,-0.00115,
1560004915136128768,5.01864,-1.41399,0.02852,0.69612,0.70271,-0.10585,-0.10207,-0.26989,-0.10419,0.00088,
1560004915236128512,4.99207,-1.42189,0.02857,0.69193,0.69834,-0.13159,-0.12741,-0.27270,-0.08799,-0.00115,
1560004915336129024,4.96583,-1.43074,0.02946,0.68699,0.69335,-0.15617,-0.15143,-0.26696,-0.07042,0.00078,
1560004915436129280,4.93974,-1.43692,0.03006,0.68135,0.68757,-0.18003,-0.17491,-0.26662,-0.04883,0.00457,
1560004915536019712,4.91262,-1.44098,0.03045,0.67461,0.68102,-0.20406,-0.19870,-0.27649,-0.03156,0.00448,
1560004915636019968,4.88466,-1.44218,0.03073,0.66682,0.67341,-0.22854,-0.22280,-0.28157,-0.00674,0.00602,
1560004915736020224,4.85686,-1.44292,0.03044,0.65810,0.66511,-0.25249,-0.24653,-0.28725,0.00218,-0.00056,
1560004915836020224,4.83086,-1.44065,0.03069,0.64875,0.65602,-0.27580,-0.26963,-0.27113,0.02381,0.00534,
1560004915936020736,4.80365,-1.43750,0.03100,0.63888,0.64616,-0.29836,-0.29204,-0.27915,0.03143,-0.00086,
1560004916036099072,4.77633,-1.43195,0.03175,0.62797,0.63513,-0.32108,-0.31490,-0.28492,0.06393,0.00279,
1560004916136099328,4.74652,-1.42418,0.03159,0.61521,0.62272,-0.34494,-0.33875,-0.29076,0.08710,0.00260,
1560004916236099840,4.71520,-1.41219,0.03201,0.60125,0.60813,-0.36964,-0.36338,-0.30281,0.13251,0.00525,
1560004916336099584,4.68391,-1.39716,0.03177,0.58534,0.59152,-0.39529,-0.38887,-0.30610,0.16424,0.00206,
1560004916436099840,4.65834,-1.37829,0.03161,0.56798,0.57327,-0.42075,-0.41440,-0.28652,0.19116,0.00347,
1560004916536139264,4.63257,-1.35672,0.03194,0.54972,0.55399,-0.44532,-0.43885,-0.27243,0.21361,0.00084,
1560004916636139264,4.60931,-1.33432,0.03214,0.53056,0.53430,-0.46851,-0.46209,-0.24859,0.22864,-0.00134,
1560004916736139264,4.58596,-1.31190,0.03159,0.51120,0.51477,-0.48992,-0.48339,-0.21948,0.22933,-0.00259,
1560004916836140032,4.56945,-1.29192,0.03132,-0.49229,-0.49601,0.50905,0.50250,-0.18376,0.22646,-0.00071,
1560004916969473280,4.54904,-1.26433,0.03089,-0.46838,-0.47164,0.53179,0.52477,-0.14577,0.23156,0.00301,
1560004917036199936,4.54199,-1.25227,0.03073,-0.45745,-0.45971,0.54180,0.53466,-0.12704,0.22230,0.00464,
1560004917169533184,4.52677,-1.22832,0.03087,-0.43732,-0.43854,0.55890,0.55142,-0.12628,0.19258,-0.00067,
1560004917269533440,4.51537,-1.21473,0.03099,-0.42420,-0.42476,0.56928,0.56175,-0.11980,0.16497,0.00248,
1560004917369533696,4.50577,-1.20301,0.03085,-0.41248,-0.41297,0.57798,0.57031,-0.11829,0.15374,0.00319,
1560004917436200448,4.49910,-1.19649,0.03101,-0.40559,-0.40578,0.58278,0.57551,-0.13478,0.13826,0.00167,
1560004917569445888,4.47984,-1.17875,0.03029,-0.39325,-0.39334,0.59105,0.58420,-0.16458,0.13840,0.00161,
1560004917636112640,4.46834,-1.17015,0.03001,-0.38822,-0.38820,0.59429,0.58771,-0.18081,0.13495,0.00094,
1560004917769446400,4.44081,-1.15409,0.03008,-0.38169,-0.38119,0.59811,0.59268,-0.21915,0.11598,0.00538,
1560004917836112896,4.42515,-1.14679,0.03013,-0.37977,-0.37881,0.59883,0.59471,-0.23728,0.12228,0.00491,
1560004917936113664,4.39766,-1.13394,0.02915,-0.37749,-0.37685,0.60040,0.59583,-0.27301,0.12130,0.00029,
1560004918036090112,4.36816,-1.12215,0.02892,-0.37683,-0.37700,0.60077,0.59577,-0.30785,0.11809,-0.00424,
1560004918169423872,4.32370,-1.10613,0.02839,-0.37961,-0.37981,0.59896,0.59404,-0.35403,0.12083,-0.01085,
1560004918236090624,4.29777,-1.09752,0.02835,-0.38249,-0.38287,0.59755,0.59165,-0.35347,0.09224,0.00230,
1560004918336090880,4.25721,-1.08817,0.02818,-0.38853,-0.38978,0.59369,0.58707,-0.38991,0.05864,0.00017,
1560004918436090880,4.21803,-1.08441,0.02881,-0.39725,-0.39914,0.58726,0.58138,-0.39705,0.02419,0.00849,
1560004918536010240,4.17667,-1.08310,0.02894,-0.40845,-0.41072,0.57930,0.57350,-0.42823,0.00925,0.00147,
1560004918636010496,4.13453,-1.08517,0.02930,-0.42239,-0.42422,0.56934,0.56345,-0.45375,-0.03586,-0.00012,
1560004918736010752,4.09045,-1.09189,0.03019,-0.43881,-0.44033,0.55689,0.55084,-0.45863,-0.08957,0.00589,
1560004918836010752,4.04656,-1.10505,0.03054,-0.45733,-0.45903,0.54216,0.53498,-0.46824,-0.14885,-0.00045,
1560004918936011008,4.00451,-1.12503,0.03062,-0.47681,-0.47920,0.52476,0.51735,-0.44353,-0.21745,0.00567,
1560004919036016640,3.96421,-1.14881,0.03103,-0.49651,-0.49879,0.50546,0.49920,-0.43247,-0.24457,-0.00886,
1560004919136016896,3.92383,-1.17435,0.03105,0.51449,0.51769,-0.48668,-0.48005,-0.38516,-0.27618,0.00194,
1560004919236016896,3.88550,-1.20180,0.03091,0.53088,0.53491,-0.46833,-0.46120,-0.37542,-0.28821,0.00129,
1560004919336017152,3.84538,-1.22966,0.03069,0.54608,0.55018,-0.45031,-0.44308,-0.36754,-0.29195,0.00250,
1560004919436017152,3.80493,-1.25975,0.03063,0.55962,0.56473,-0.43268,-0.42509,-0.35032,-0.31560,0.00875,
1560004919535927296,3.76838,-1.29137,0.03118,0.57302,0.57743,-0.41440,-0.40805,-0.35500,-0.35569,-0.00316,
1560004919635927552,3.73297,-1.32456,0.03118,0.58460,0.58942,-0.39694,-0.39148,-0.34845,-0.35460,-0.00272,
1560004919735927808,3.69840,-1.35859,0.03200,0.59537,0.59998,-0.38043,-0.37527,-0.32424,-0.34967,0.00902,
1560004919835928064,3.66551,-1.39476,0.03266,0.60599,0.61004,-0.36331,-0.35865,-0.30813,-0.37946,0.01005,
1560004919935928064,3.63475,-1.43469,0.03212,0.61669,0.62058,-0.34471,-0.34020,-0.28508,-0.42915,0.00326,
1560004920035963904,3.60673,-1.48018,0.03152,0.62790,0.63176,-0.32316,-0.31968,-0.23853,-0.46041,0.01025,
1560004920135964416,3.58471,-1.52885,0.03103,0.63876,0.64354,-0.29942,-0.29695,-0.22686,-0.50215,-0.00658,
1560004920235964416,3.56643,-1.57884,0.03137,0.64935,0.65436,-0.27498,-0.27302,-0.18887,-0.51320,-0.00522,
1560004920335964672,3.54797,-1.62910,0.03198,0.65747,0.66318,-0.25379,-0.25202,-0.18458,-0.49038,0.00035,
1560004920435964928,3.52235,-1.67852,0.03220,0.66203,0.66872,-0.24021,-0.23839,-0.23777,-0.47046,-0.00311,
1560004920536024320,3.48596,-1.72324,0.03271,0.66297,0.66997,-0.23719,-0.23527,-0.33568,-0.42752,-0.00555,
1560004920669358336,3.43052,-1.76682,0.03303,0.65994,0.66710,-0.24555,-0.24322,-0.40524,-0.38448,-0.00508,
1560004920769358336,3.38729,-1.79647,0.03357,0.65590,0.66285,-0.25660,-0.25413,-0.43192,-0.35725,0.00289,
1560004920836025344,3.35620,-1.81442,0.03251,0.65261,0.65976,-0.26466,-0.26224,-0.44975,-0.35555,-0.00266,
1560004920936025088,3.31133,-1.84302,0.03203,0.64775,0.65496,-0.27622,-0.27414,-0.46734,-0.34131,-0.00408,
1560004921035863296,3.26457,-1.87215,0.03185,0.64267,0.65016,-0.28740,-0.28577,-0.48385,-0.32778,-0.00762,
1560004921135863552,3.21555,-1.90102,0.03260,0.63733,0.64506,-0.29902,-0.29715,-0.48663,-0.28756,0.00656,
1560004921235863808,3.16597,-1.92905,0.03384,0.63272,0.63925,-0.31000,-0.30811,-0.48939,-0.28697,0.00111,
1560004921335864064,3.11899,-1.95546,0.03489,0.62774,0.63391,-0.32035,-0.31855,-0.47817,-0.27209,0.00138,
1560004921435864320,3.07290,-1.97871,0.03515,0.62267,0.62884,-0.33063,-0.32791,-0.46918,-0.23454,0.00975,
1560004921535829760,3.02968,-2.00060,0.03589,0.61752,0.62370,-0.34015,-0.33759,-0.44967,-0.21298,0.01418,
1560004921635830272,2.98535,-2.02008,0.03598,0.61256,0.61852,-0.34960,-0.34639,-0.45656,-0.21265,0.00345,
1560004921735830272,2.93214,-2.04433,0.03577,0.60745,0.61351,-0.35868,-0.35491,-0.48721,-0.20056,-0.00300,
1560004921835830528,2.87713,-2.06716,0.03550,0.60219,0.60812,-0.36775,-0.36375,-0.50128,-0.19941,-0.00141,
1560004921935830528,2.82106,-2.08788,0.03484,0.59627,0.60249,-0.37737,-0.37292,-0.53199,-0.19388,-0.00832,
1560004922035836416,2.76869,-2.10545,0.03442,0.58998,0.59666,-0.38692,-0.38238,-0.52575,-0.16483,0.00335,
1560004922135836672,2.71169,-2.12262,0.03474,0.58364,0.59061,-0.39663,-0.39144,-0.53592,-0.14983,0.00627,
1560004922235836928,2.65763,-2.13634,0.03514,0.57761,0.58399,-0.40594,-0.40068,-0.54887,-0.13717,0.00086,
1560004922335837184,2.60373,-2.14713,0.03569,0.57174,0.57729,-0.41489,-0.40955,-0.53981,-0.12361,0.00536,
1560004922435837440,2.55187,-2.15648,0.03548,0.56540,0.57118,-0.42333,-0.41817,-0.55894,-0.11750,-0.00755,
1560004922535820544,2.49890,-2.16253,0.03658,0.55997,0.56470,-0.43192,-0.42542,-0.56038,-0.05972,0.00212,
1560004922635820800,2.44612,-2.16882,0.03759,0.55436,0.55887,-0.44004,-0.43211,-0.54655,-0.06945,0.00809,
1560004922735820800,2.39214,-2.17603,0.03864,0.54888,0.55282,-0.44729,-0.43937,-0.55540,-0.07279,0.00501,
1560004922835821056,2.33784,-2.18306,0.03969,0.54376,0.54690,-0.45394,-0.44627,-0.54707,-0.07141,0.00711,
1560004922935821312,2.28072,-2.18931,0.04042,0.53897,0.54188,-0.45997,-0.45200,-0.58200,-0.05129,-0.00762,
1560004923035802368,2.22434,-2.19532,0.04083,0.53474,0.53772,-0.46527,-0.45655,-0.54084,-0.04328,0.01004,
1560004923135802624,2.16861,-2.19993,0.04108,0.53158,0.53407,-0.46976,-0.45991,-0.52188,-0.05145,0.00956,
1560004923235802880,2.11371,-2.20541,0.04190,0.52891,0.53118,-0.47315,-0.46286,-0.51836,-0.06090,0.01031,
1560004923335803136,2.06136,-2.21154,0.04318,0.52654,0.52841,-0.47548,-0.46632,-0.52216,-0.05010,0.00757,
1560004923435803136,2.00700,-2.21941,0.04423,0.52451,0.52679,-0.47700,-0.46889,-0.51477,-0.11993,0.01437,
1560004923535794688,1.95505,-2.23113,0.04520,0.52223,0.52635,-0.47666,-0.47227,-0.53281,-0.08652,0.01253,
1560004923669128192,1.87840,-2.24481,0.04727,0.52324,0.52721,-0.47486,-0.47199,-0.57871,-0.10780,0.00081,
1560004923735795200,1.84151,-2.25304,0.04854,0.52461,0.52892,-0.47314,-0.47029,-0.55828,-0.11635,0.01482,
1560004923835795200,1.78427,-2.26560,0.04902,0.52702,0.53137,-0.47023,-0.46774,-0.57757,-0.13203,0.00903,
1560004923935795200,1.72493,-2.27789,0.04810,0.52745,0.53286,-0.46880,-0.46699,-0.62096,-0.11156,-0.01175,
1560004924035785728,1.66773,-2.28590,0.04816,0.52722,0.53262,-0.46935,-0.46698,-0.57981,-0.08526,0.00846,
1560004924135785728,1.60658,-2.29234,0.04779,0.52645,0.53159,-0.47067,-0.46769,-0.57907,-0.06973,0.01040,
1560004924235786240,1.54582,-2.29702,0.04798,0.52518,0.52948,-0.47283,-0.46934,-0.58096,-0.05375,0.01155,
1560004924335786240,1.48667,-2.30230,0.04906,0.52312,0.52671,-0.47519,-0.47236,-0.61429,-0.03491,-0.00527,
1560004924435786496,1.42683,-2.30556,0.04873,0.52038,0.52391,-0.47855,-0.47510,-0.59021,-0.04860,-0.00032,
1560004924535715072,1.36450,-2.30949,0.04858,0.51786,0.52180,-0.48162,-0.47706,-0.56300,-0.02713,0.00485,
1560004924635715328,1.31178,-2.31110,0.04738,0.51577,0.51986,-0.48385,-0.47918,-0.55133,-0.02691,-0.00023,
1560004924735715328,1.25510,-2.31211,0.04628,0.51390,0.51762,-0.48624,-0.48119,-0.53450,-0.02718,-0.00036,
1560004924835715584,1.20681,-2.31411,0.04646,0.51182,0.51530,-0.48866,-0.48345,-0.52569,-0.01333,-0.00243,
1560004924935715840,1.15850,-2.31440,0.04625,0.50934,0.51273,-0.49155,-0.48586,-0.53129,-0.00368,-0.00336,
1560004925035750400,1.10449,-2.31335,0.04543,0.50546,0.50900,-0.49557,-0.48973,-0.56066,0.01351,-0.01314,
1560004925135750656,1.05316,-2.30897,0.04449,0.49969,0.50366,-0.50164,-0.49498,-0.56059,0.07075,-0.01133,
1560004925235750656,0.99756,-2.30166,0.04431,-0.49229,-0.49665,0.50938,0.50152,-0.56356,0.07614,-0.00437,
1560004925335751168,0.93984,-2.29057,0.04447,-0.48306,-0.48783,0.51856,0.50967,-0.57411,0.11847,-0.00040,
1560004925435751168,0.87871,-2.27772,0.04525,-0.47211,-0.47734,0.52841,0.51966,-0.59722,0.15457,-0.00576,
1560004925535686912,0.81897,-2.26000,0.04501,-0.46066,-0.46555,0.53884,0.52982,-0.59802,0.18671,-0.00485,
1560004925635687424,0.75926,-2.23890,0.04456,-0.44846,-0.45306,0.54957,0.54000,-0.57646,0.22304,0.00278,
1560004925735687424,0.69786,-2.21535,0.04509,-0.43463,-0.43967,0.56045,0.55108,-0.55568,0.26392,0.01366,
1560004925835687424,0.63724,-2.18560,0.04505,-0.42070,-0.42455,0.57146,0.56232,-0.58138,0.31315,0.00182,
1560004925935687680,0.57775,-2.15184,0.04588,-0.40714,-0.40883,0.58187,0.57316,-0.57693,0.33832,0.00143,
1560004926035678976,0.52310,-2.11868,0.04674,-0.39324,-0.39386,0.59131,0.58359,-0.53608,0.34335,0.01012,
1560004926135679488,0.47103,-2.08338,0.04706,-0.37927,-0.37888,0.60070,0.59309,-0.51316,0.38110,0.00719,
1560004926235679744,0.41847,-2.04408,0.04781,-0.36556,-0.36361,0.60988,0.60183,-0.50361,0.39902,0.00747,
1560004926335680000,0.36903,-2.00410,0.04803,-0.35087,-0.34903,0.61861,0.61024,-0.52263,0.41434,-0.00374,
1560004926435680256,0.31905,-1.96206,0.04731,-0.33630,-0.33505,0.62719,0.61748,-0.50289,0.44542,-0.00519,
1560004926535689472,0.26641,-1.91638,0.04593,-0.32192,-0.32188,0.63499,0.62415,-0.52572,0.45985,-0.01638,
1560004926635689984,0.21800,-1.87076,0.04636,-0.30881,-0.30908,0.64134,0.63070,-0.47394,0.48003,-0.00388,
1560004926735689984,0.16981,-1.82251,0.04605,-0.29744,-0.29794,0.64761,0.63511,-0.44180,0.46218,0.01489,
1560004926835690240,0.12246,-1.77473,0.04692,-0.28786,-0.28814,0.65182,0.63973,-0.48216,0.46753,-0.00245,
1560004926935690496,0.07544,-1.72846,0.04682,-0.27942,-0.27983,0.65492,0.64397,-0.48424,0.50499,-0.01617,
1560004927035696384,0.02760,-1.68056,0.04606,-0.27302,-0.27341,0.65801,0.64632,-0.47008,0.47430,0.00317,
1560004927135696640,-0.02088,-1.63574,0.04541,-0.26930,-0.26966,0.65937,0.64807,-0.50301,0.46034,0.00132,
1560004927235696896,-0.07170,-1.59217,0.04477,-0.26791,-0.26860,0.65987,0.64858,-0.50328,0.46659,-0.00150,
1560004927335697152,-0.12547,-1.54651,0.04382,-0.26936,-0.26976,0.65939,0.64798,-0.55456,0.43938,-0.00444,
1560004927435697664,-0.18413,-1.50074,0.04365,-0.27167,-0.27299,0.65762,0.64746,-0.56354,0.44167,-0.00355,
1560004927535675136,-0.24161,-1.45623,0.04453,-0.27553,-0.27671,0.65555,0.64635,-0.56306,0.42722,0.00764,
1560004927635674880,-0.30248,-1.40754,0.04406,-0.28058,-0.28092,0.65342,0.64451,-0.58848,0.46951,-0.00507,
1560004927735675392,-0.36620,-1.35691,0.04354,-0.28542,-0.28553,0.65214,0.64165,-0.61250,0.45521,0.00050,
1560004927835675392,-0.43053,-1.30678,0.04417,-0.28928,-0.28934,0.65043,0.63996,-0.60855,0.44788,0.00901,
1560004927935676160,-0.49132,-1.26025,0.04479,-0.29246,-0.29241,0.64863,0.63894,-0.61605,0.45525,0.00189,
1560004928035571456,-0.55233,-1.21292,0.04493,-0.29533,-0.29507,0.64707,0.63798,-0.60778,0.45038,0.00042,
1560004928135571456,-0.61509,-1.16512,0.04387,-0.29733,-0.29772,0.64639,0.63650,-0.61348,0.45982,-0.00867,
1560004928235571968,-0.67777,-1.11888,0.04311,-0.29843,-0.29990,0.64585,0.63551,-0.63155,0.44823,-0.00459,
1560004928335571968,-0.74018,-1.07209,0.04336,-0.29915,-0.30185,0.64561,0.63450,-0.62883,0.45340,-0.00493,
1560004928435571968,-0.80182,-1.02778,0.04338,-0.30000,-0.30372,0.64506,0.63376,-0.61166,0.46050,0.00061,
1560004928535554304,-0.86297,-0.98235,0.04416,-0.30137,-0.30493,0.64440,0.63320,-0.61941,0.47008,-0.00429,
1560004928635554560,-0.92058,-0.93750,0.04441,-0.30258,-0.30494,0.64399,0.63304,-0.60723,0.48465,-0.00564,
1560004928735554816,-0.98106,-0.88951,0.04378,-0.30219,-0.30423,0.64465,0.63288,-0.59276,0.48444,-0.00160,
1560004928835555072,-1.03904,-0.83834,0.04281,-0.30031,-0.30137,0.64671,0.63305,-0.58628,0.52771,-0.00790,
1560004928935555584,-1.09387,-0.78783,0.04253,-0.29705,-0.29640,0.64898,0.63461,-0.56315,0.52994,-0.00293,
1560004929035509504,-1.15121,-0.73662,0.04279,-0.29050,-0.29026,0.65158,0.63781,-0.55744,0.50092,0.01488,
1560004929168843008,-1.22061,-0.66873,0.04417,-0.27953,-0.27990,0.65484,0.64398,-0.55267,0.52099,0.00844,
1560004929235509760,-1.25705,-0.63116,0.04328,-0.27292,-0.27447,0.65725,0.64668,-0.52860,0.56976,0.00150,
1560004929335510016,-1.30472,-0.57524,0.04384,-0.26383,-0.26498,0.66029,0.65130,-0.49409,0.59622,-0.00463,
1560004929435510272,-1.34989,-0.51567,0.04432,-0.25491,-0.25506,0.66385,0.65519,-0.45937,0.58193,0.00988,
1560004929535557376,-1.39645,-0.45577,0.04368,-0.24469,-0.24544,0.66762,0.65892,-0.47412,0.62213,-0.01236,
1560004929668890880,-1.45337,-0.37334,0.04350,-0.23160,-0.23205,0.67264,0.66338,-0.43078,0.61580,-0.00586,
1560004929735557632,-1.48102,-0.33297,0.04364,-0.22559,-0.22555,0.67475,0.66554,-0.40406,0.62575,-0.00291,
1560004929835557888,-1.52026,-0.27207,0.04371,-0.21584,-0.21570,0.67823,0.66850,-0.39360,0.62437,-0.00008,
1560004929935558144,-1.55858,-0.20729,0.04379,-0.20529,-0.20526,0.68193,0.67135,-0.35193,0.63599,0.00681,
1560004930068823552,-1.60577,-0.11662,0.04363,-0.18951,-0.18967,0.68671,0.67568,-0.34450,0.67477,-0.00585,
1560004930135490304,-1.62199,-0.07551,0.04366,-0.18077,-0.18121,0.68944,0.67761,-0.31000,0.68752,-0.00065,
1560004930235490560,-1.64649,-0.00975,0.04442,-0.16748,-0.16760,0.69284,0.68106,-0.26770,0.69549,0.00505,
1560004930335490816,-1.67043,0.05676,0.04531,-0.15417,-0.15427,0.69559,0.68454,-0.24410,0.69073,0.00441,
1560004930435491072,-1.69363,0.12832,0.04536,-0.14120,-0.14137,0.69866,0.68699,-0.21840,0.69671,0.00374,
1560004930535506176,-1.71311,0.19686,0.04589,-0.12840,-0.12830,0.70126,0.68941,-0.17093,0.69021,0.01241,
1560004930668840192,-1.73599,0.29006,0.04651,-0.11210,-0.11139,0.70390,0.69250,-0.17050,0.69545,0.00786,
1560004930735506688,-1.74830,0.33922,0.04656,-0.10445,-0.10372,0.70475,0.69402,-0.15855,0.70527,0.00496,
1560004930835507200,-1.76541,0.41147,0.04642,-0.09426,-0.09345,0.70581,0.69585,-0.14749,0.69485,0.00873,
1560004930968840960,-1.78547,0.50621,0.04674,-0.08317,-0.08215,0.70681,0.69768,-0.15946,0.68379,0.01158,
1560004931035477760,-1.79615,0.55438,0.04765,-0.07824,-0.07760,0.70669,0.69888,-0.13062,0.70064,0.01101,
1560004931168811264,-1.81574,0.65203,0.04811,-0.07017,-0.06977,0.70756,0.69969,-0.14919,0.69149,0.00989,
1560004931268811520,-1.83018,0.72968,0.04783,-0.06595,-0.06548,0.70826,0.69981,-0.14978,0.71174,0.00174,
1560004931368811776,-1.84600,0.80440,0.04701,-0.06393,-0.06361,0.70889,0.69953,-0.12629,0.73944,-0.00149,
1560004931435478528,-1.85523,0.85036,0.04707,-0.06473,-0.06345,0.70874,0.69962,-0.17403,0.72885,-0.00532,
1560004931568741376,-1.88015,0.94249,0.04680,-0.06954,-0.06780,0.70852,0.69898,-0.19281,0.71811,-0.00699,
1560004931635407872,-1.89468,0.98565,0.04718,-0.07387,-0.07177,0.70818,0.69848,-0.21758,0.63596,0.02056,
1560004931735408384,-1.91764,1.04997,0.04693,-0.08208,-0.07907,0.70693,0.69804,-0.24353,0.69973,-0.01908,
1560004931835408384,-1.94277,1.11209,0.04789,-0.08992,-0.08749,0.70545,0.69757,-0.26940,0.61400,0.01284,
1560004931935408384,-1.96758,1.17693,0.04797,-0.09826,-0.09510,0.70485,0.69605,-0.25822,0.62526,0.01195,
1560004932035392512,-1.99466,1.23133,0.04924,-0.10720,-0.10376,0.70252,0.69585,-0.29444,0.64235,-0.00138,
1560004932168726016,-2.03719,1.31299,0.04869,-0.12178,-0.11844,0.70077,0.69287,-0.35667,0.63435,-0.01572,
1560004932235392768,-2.05998,1.35069,0.04879,-0.12982,-0.12680,0.69956,0.69115,-0.34178,0.56085,0.01554,
1560004932335393024,-2.09646,1.40821,0.04868,-0.14307,-0.13978,0.69735,0.68825,-0.36630,0.57677,0.00221,
1560004932468726784,-2.15168,1.48243,0.04960,-0.16008,-0.15818,0.69307,0.68485,-0.42379,0.55631,-0.00003,
1560004932535405056,-2.18138,1.52151,0.05015,-0.16930,-0.16763,0.69070,0.68276,-0.43455,0.54045,0.00683,
1560004932635405568,-2.22862,1.57862,0.04990,-0.18256,-0.18249,0.68723,0.67903,-0.48572,0.55335,-0.00461,
1560004932768739072,-2.29263,1.64500,0.04989,-0.20009,-0.20168,0.68195,0.67397,-0.50336,0.52637,-0.00155,
1560004932835405824,-2.32695,1.67983,0.05087,-0.20896,-0.21104,0.67851,0.67188,-0.51468,0.48792,0.00580,
1560004932968739584,-2.39410,1.73898,0.05134,-0.22571,-0.22931,0.67299,0.66600,-0.51792,0.47914,0.00265,
1560004933035352320,-2.42867,1.76717,0.05086,-0.23389,-0.23826,0.67064,0.66240,-0.52733,0.44065,0.00610,
1560004933135352576,-2.48008,1.80795,0.05130,-0.24693,-0.25080,0.66556,0.65814,-0.54510,0.44282,-0.00316,
1560004933235352832,-2.53617,1.85218,0.05171,-0.25889,-0.26268,0.66065,0.65385,-0.56475,0.41817,0.00360,
1560004933335352832,-2.59015,1.88867,0.05156,-0.27049,-0.27443,0.65593,0.64906,-0.57439,0.38375,0.01132,
1560004933435353088,-2.65000,1.92800,0.05101,-0.28223,-0.28664,0.65100,0.64372,-0.60459,0.38323,0.00090,
1560004933535399680,-2.71271,1.96541,0.05020,-0.29364,-0.29865,0.64594,0.63824,-0.62600,0.37117,-0.00200,
1560004933635399936,-2.77438,2.00022,0.04923,-0.30480,-0.30967,0.64074,0.63297,-0.64483,0.34250,0.00010,
1560004933735400192,-2.84296,2.03714,0.04886,-0.31501,-0.32065,0.63544,0.62783,-0.64128,0.33687,0.00866,
1560004933835400192,-2.91167,2.07340,0.04794,-0.32499,-0.33048,0.63023,0.62288,-0.67282,0.33518,-0.00348,
1560004933935400448,-2.97940,2.10808,0.04755,-0.33406,-0.33877,0.62513,0.61875,-0.68497,0.35624,-0.00648,
1560004934035386880,-3.04911,2.14526,0.04762,-0.34302,-0.34582,0.62094,0.61415,-0.69752,0.32533,0.00232,
1560004934135386880,-3.11533,2.17508,0.04854,-0.35112,-0.35323,0.61606,0.61025,-0.68954,0.30787,0.00346,
1560004934235386880,-3.18193,2.20244,0.04968,-0.35829,-0.36009,0.61124,0.60691,-0.68466,0.27912,0.00731,
1560004934335387136,-3.25162,2.22965,0.04953,-0.36420,-0.36690,0.60762,0.60295,-0.70463,0.27458,-0.00681,
1560004934435387392,-3.32267,2.25598,0.05015,-0.36969,-0.37332,0.60399,0.59930,-0.69431,0.25872,-0.00327,
1560004934535316736,-3.39315,2.28266,0.04947,-0.37568,-0.37930,0.60107,0.59474,-0.70704,0.25866,-0.01161,
1560004934635316736,-3.46361,2.30701,0.04974,-0.38123,-0.38504,0.59783,0.59076,-0.68122,0.24070,-0.00535,
1560004934735316992,-3.53373,2.32980,0.05054,-0.38672,-0.39057,0.59432,0.58710,-0.67963,0.20440,-0.00062,
1560004934835317248,-3.60101,2.35069,0.05106,-0.39184,-0.39568,0.59116,0.58346,-0.64957,0.18660,0.01284,
1560004934935317248,-3.66771,2.36996,0.05148,-0.39678,-0.40086,0.58797,0.57980,-0.67289,0.19862,-0.00003,
1560004935035336704,-3.73587,2.38923,0.05139,-0.40132,-0.40501,0.58532,0.57646,-0.70139,0.19133,-0.00415,
1560004935135336960,-3.80113,2.40784,0.05162,-0.40446,-0.40748,0.58328,0.57459,-0.66726,0.21226,0.00565,
1560004935235337216,-3.86546,2.42851,0.05209,-0.40465,-0.40779,0.58344,0.57408,-0.63302,0.21516,0.01582,
1560004935335337472,-3.92607,2.45090,0.05264,-0.40175,-0.40457,0.58531,0.57649,-0.61975,0.24975,0.00898,
1560004935435337216,-3.98616,2.47699,0.05206,-0.39639,-0.39904,0.58904,0.58024,-0.60740,0.27019,0.00043,
1560004935535292928,-4.04445,2.50355,0.05170,-0.39121,-0.39323,0.59249,0.58420,-0.57136,0.25720,0.00765,
1560004935635292928,-4.10683,2.52855,0.05090,-0.38762,-0.38972,0.59450,0.58689,-0.58490,0.24685,-0.00866,
1560004935735293184,-4.16659,2.55336,0.04906,-0.38576,-0.38774,0.59597,0.58793,-0.59004,0.26871,-0.02156,
1560004935835293440,-4.22232,2.57215,0.04975,-0.38317,-0.38668,0.59596,0.59033,-0.54554,0.16827,0.01022,
1560004935935293696,-4.27687,2.59547,0.04988,-0.38196,-0.38524,0.59670,0.59131,-0.52131,0.22643,0.00242,
1560004936035252224,-4.32624,2.61627,0.05032,-0.38135,-0.38440,0.59685,0.59210,-0.52434,0.21090,-0.00758,
1560004936135252736,-4.37558,2.63838,0.05093,-0.38159,-0.38372,0.59677,0.59247,-0.47604,0.21686,0.00693,
1560004936235252736,-4.42178,2.65906,0.05120,-0.38196,-0.38356,0.59696,0.59213,-0.47794,0.20456,0.00004,
1560004936335253248,-4.46301,2.67643,0.05076,-0.38179,-0.38434,0.59795,0.59075,-0.41599,0.16167,0.01501,
1560004936435253504,-4.50575,2.69366,0.05043,-0.38223,-0.38494,0.59786,0.59016,-0.42449,0.17763,0.00382,
1560004936535217152,-4.54584,2.71051,0.05070,-0.38324,-0.38497,0.59724,0.59011,-0.43351,0.17819,-0.00642,
1560004936635217408,-4.58733,2.72873,0.05082,-0.38443,-0.38527,0.59722,0.58916,-0.41128,0.16817,0.00034,
1560004936735217920,-4.62544,2.74588,0.05051,-0.38557,-0.38598,0.59764,0.58753,-0.39079,0.16540,0.00197,
1560004936835217664,-4.66542,2.76051,0.05108,-0.38594,-0.38644,0.59675,0.58788,-0.37276,0.11827,0.00682,
1560004936935218176,-4.69885,2.77289,0.05189,-0.38591,-0.38620,0.59617,0.58865,-0.33110,0.12522,0.01232,
1560004937035245056,-4.73447,2.78692,0.05228,-0.38585,-0.38598,0.59584,0.58917,-0.32114,0.13643,0.00652,
1560004937135245056,-4.76757,2.80168,0.05210,-0.38661,-0.38588,0.59558,0.58900,-0.32477,0.12438,0.00111,
1560004937235245568,-4.80088,2.81666,0.05167,-0.38734,-0.38623,0.59554,0.58833,-0.33431,0.14420,-0.00549,
1560004937335245568,-4.83457,2.83130,0.05173,-0.38865,-0.38688,0.59524,0.58734,-0.34006,0.12818,0.00060,
1560004937435245568,-4.86759,2.84453,0.05193,-0.38978,-0.38806,0.59487,0.58618,-0.34294,0.12229,0.00560,
1560004937535217408,-4.89994,2.85565,0.05272,-0.39051,-0.38866,0.59383,0.58636,-0.35075,0.12962,0.00504,
1560004937668550912,-4.94656,2.87259,0.05355,-0.39092,-0.38914,0.59304,0.58656,-0.36187,0.12843,0.00755,
1560004937735218176,-4.96983,2.88118,0.05427,-0.39103,-0.38925,0.59271,0.58675,-0.37069,0.13824,0.00226,
1560004937835217920,-5.00548,2.89471,0.05504,-0.39112,-0.38917,0.59237,0.58709,-0.36009,0.13448,0.00769,
1560004937935218432,-5.04073,2.90733,0.05554,-0.39138,-0.38931,0.59200,0.58719,-0.34982,0.13145,0.00866,
1560004938035228672,-5.07573,2.92024,0.05574,-0.39179,-0.38965,0.59190,0.58680,-0.34845,0.12368,0.00353,
1560004938168562432,-5.12005,2.93635,0.05595,-0.39180,-0.38972,0.59192,0.58672,-0.31902,0.11815,0.00103,
1560004938235229184,-5.14147,2.94443,0.05639,-0.39178,-0.38956,0.59195,0.58681,-0.30451,0.11247,0.00054,
1560004938335229440,-5.17189,2.95554,0.05704,-0.39168,-0.38956,0.59199,0.58684,-0.26381,0.09604,0.00568,
1560004938435229440,-5.19535,2.96461,0.05742,-0.39166,-0.38947,0.59205,0.58684,-0.21945,0.08453,0.00473,
1560004938535200768,-5.21319,2.97164,0.05752,-0.39157,-0.38934,0.59216,0.58689,-0.18343,0.06694,-0.00075,
1560004938635201280,-5.22829,2.97749,0.05755,-0.39175,-0.38942,0.59216,0.58670,-0.13583,0.04847,-0.00039,
1560004938735201024,-5.23767,2.98140,0.05760,-0.39177,-0.38950,0.59222,0.58659,-0.09029,0.03474,-0.00027,
1560004938835201536,-5.24189,2.98366,0.05787,-0.39177,-0.38949,0.59225,0.58656,-0.04297,0.01727,0.00168,
1560004938935201792,-5.24346,2.98434,0.05786,-0.39191,-0.38962,0.59221,0.58642,-0.01140,0.00413,0.00056,
1560004939035187456,-5.24329,2.98509,0.05784,-0.39189,-0.38972,0.59228,0.58630,0.00690,0.00354,0.00210,
1560004939135187456,-5.24239,2.98520,0.05780,-0.39184,-0.38975,0.59237,0.58621,0.01480,-0.00274,0.00286,
1560004939235187712,-5.24152,2.98464,0.05776,-0.39194,-0.38987,0.59229,0.58616,0.01350,-0.00193,0.00134,
1560004939335187968,-5.24055,2.98451,0.05768,-0.39188,-0.38980,0.59232,0.58621,0.01119,0.00066,0.00057,
1560004939435188224,-5.23983,2.98455,0.05762,-0.39184,-0.38982,0.59233,0.58621,0.00929,0.00025,-0.00005,
1560004939535131136,-5.23925,2.98429,0.05755,-0.39184,-0.38985,0.59234,0.58618,0.00621,0.00235,-0.00074,
1560004939635131392,-5.23903,2.98441,0.05753,-0.39182,-0.38982,0.59234,0.58622,0.00508,0.00124,-0.00052,
1560004939735131392,-5.23887,2.98430,0.05738,-0.39180,-0.38989,0.59229,0.58623,0.00578,0.00109,-0.00109,
1560004939835131648,-5.23883,2.98398,0.05738,-0.39174,-0.38986,0.59237,0.58621,0.00428,0.00043,-0.00094,
1560004939935131904,-5.23890,2.98384,0.05734,-0.39174,-0.38986,0.59235,0.58623,0.00496,0.00047,-0.00066,
1560004940035058176,-5.23873,2.98391,0.05738,-0.39179,-0.38988,0.59232,0.58622,0.00576,0.00083,-0.00027,
1560004940135058688,-5.23861,2.98410,0.05742,-0.39178,-0.38990,0.59232,0.58622,0.00486,-0.00042,-0.00066,
1560004940235058688,-5.23859,2.98419,0.05741,-0.39171,-0.38984,0.59237,0.58625,0.00519,-0.00072,-0.00086,
1560004940335059200,-5.23877,2.98392,0.05746,-0.39178,-0.38992,0.59235,0.58617,0.00544,-0.00296,-0.00016,
1560004940435058944,-5.23851,2.98378,0.05753,-0.39173,-0.38984,0.59244,0.58616,0.00983,-0.00098,0.00135,
1560004940535092480,-5.23744,2.98337,0.05760,-0.39175,-0.38968,0.59229,0.58640,0.03195,-0.01132,0.00103,
1560004940635092480,-5.23282,2.98160,0.05765,-0.39170,-0.38939,0.59228,0.58665,0.07448,-0.02645,0.00094,
1560004940735092992,-5.22304,2.97783,0.05769,-0.39168,-0.38909,0.59220,0.58694,0.12724,-0.04762,0.00016,
1560004940835092736,-5.20749,2.97185,0.05767,-0.39174,-0.38909,0.59208,0.58701,0.17996,-0.07222,-0.00081,
1560004940935092992,-5.18679,2.96370,0.05767,-0.39183,-0.38916,0.59194,0.58705,0.21729,-0.09027,-0.00512,
1560004941035091968,-5.16305,2.95266,0.05707,-0.39214,-0.38947,0.59177,0.58682,0.26325,-0.10694,-0.00296,
1560004941135091968,-5.13468,2.94093,0.05679,-0.39281,-0.39003,0.59145,0.58632,0.29963,-0.12241,0.00161,
1560004941235092480,-5.10375,2.92879,0.05670,-0.39320,-0.39020,0.59107,0.58633,0.31838,-0.12419,0.00240,
1560004941335092224,-5.07216,2.91721,0.05637,-0.39311,-0.38992,0.59113,0.58651,0.30977,-0.11428,-0.00582,
1560004941435092480,-5.04096,2.90604,0.05653,-0.39290,-0.38968,0.59122,0.58672,0.30096,-0.11414,-0.00147,
1560004941535101184,-5.01351,2.89550,0.05642,-0.39311,-0.39029,0.59118,0.58621,0.26920,-0.09640,-0.00161,
1560004941635101440,-4.99006,2.88776,0.05652,-0.39320,-0.39013,0.59136,0.58608,0.20764,-0.07093,-0.00359,
1560004941735101696,-4.97259,2.88304,0.05676,-0.39231,-0.38908,0.59209,0.58663,0.16324,-0.04483,0.00214,
1560004941835102208,-4.96230,2.87994,0.05690,-0.39161,-0.38829,0.59262,0.58709,0.09999,-0.02775,-0.00000,
1560004941935101952,-4.95749,2.87806,0.05712,-0.39159,-0.38820,0.59267,0.58711,0.04807,-0.01613,0.00030,
1560004942035067904,-4.95619,2.87690,0.05713,-0.39164,-0.38824,0.59265,0.58707,0.01240,-0.00185,-0.00061,
1560004942135068160,-4.95716,2.87723,0.05712,-0.39149,-0.38812,0.59278,0.58713,-0.00869,0.00417,-0.00152,
1560004942235068416,-4.95794,2.87759,0.05706,-0.39147,-0.38815,0.59282,0.58707,-0.00374,0.00058,-0.00138,
1560004942335068416,-4.95771,2.87765,0.05707,-0.39164,-0.38835,0.59270,0.58695,0.00527,0.00101,-0.00066,
