1403638540827829504,0.13986,0.03908,0.09445,-0.02694,0.81149,0.07021,0.57950,0.06994,0.08713,-0.00887,
1403638540927829504,0.26789,0.06588,0.11068,-0.04013,0.81147,0.09906,0.57454,0.19621,0.12843,-0.00445,
1403638541027829504,0.31312,0.08520,0.11335,-0.05643,0.80950,0.12237,0.57145,0.22105,0.15167,-0.01645,
1403638541127829504,0.34320,0.09874,0.11456,-0.06860,0.80707,0.13825,0.56994,0.23154,0.17267,-0.04810,
1403638541227829504,0.38900,0.11822,0.11491,-0.07574,0.80609,0.14891,0.56771,0.24559,0.19779,-0.05298,
1403638541327829504,0.43716,0.14153,0.11792,-0.07885,0.80584,0.15417,0.56624,0.25968,0.24239,0.02174,
1403638541427829504,0.48243,0.17011,0.12626,-0.08078,0.80680,0.15501,0.56438,0.26563,0.27408,0.08253,
1403638541527829504,0.51399,0.19945,0.13771,-0.07978,0.80588,0.15575,0.56562,0.27111,0.31184,0.14870,
1403638541627829504,0.56025,0.23878,0.15579,-0.08029,0.80491,0.15760,0.56642,0.30496,0.38965,0.22487,
1403638541727829504,0.59374,0.28095,0.18038,-0.08759,0.80308,0.16176,0.56676,0.28710,0.43234,0.28584,
1403638541827829504,0.64361,0.33159,0.20959,-0.09914,0.80243,0.16775,0.56404,0.27941,0.47215,0.34639,
1403638541927829504,0.69342,0.38758,0.24017,-0.11024,0.80139,0.17900,0.55998,0.29573,0.50366,0.30735,
1403638542027829504,0.74252,0.44711,0.26501,-0.12275,0.79935,0.19439,0.55514,0.30377,0.51792,0.23418,
1403638542127829504,0.79229,0.51063,0.28430,-0.13550,0.79589,0.21326,0.55020,0.31648,0.54309,0.17809,
1403638542227829504,0.83295,0.57175,0.29634,-0.15111,0.79109,0.23401,0.54459,0.32241,0.55399,0.12062,
1403638542327829504,0.87321,0.63442,0.30354,-0.16521,0.78486,0.25723,0.53901,0.33678,0.57695,0.08808,
1403638542427829504,0.91663,0.70071,0.30950,-0.17555,0.77272,0.27719,0.54337,0.34401,0.59060,0.06635,
1403638542527829504,0.95648,0.76721,0.31370,-0.17689,0.75830,0.29572,0.55338,0.32275,0.59703,0.03814,
1403638542627829504,0.98663,0.83252,0.31641,-0.17464,0.74914,0.30994,0.55877,0.25348,0.64040,0.06270,
1403638542727829504,1.00793,0.89981,0.32387,-0.17858,0.74923,0.31424,0.55499,0.16842,0.67868,0.13071,
1403638542827829504,1.02152,0.96942,0.33886,-0.18775,0.75386,0.31161,0.54712,0.09199,0.69022,0.20353,
1403638542927829504,1.02988,1.04035,0.36246,-0.19355,0.75948,0.30862,0.53896,0.05602,0.71103,0.27441,
1403638543027829504,1.03232,1.10959,0.38912,-0.19653,0.76358,0.30610,0.53351,0.02760,0.71622,0.29202,
1403638543127829504,1.03553,1.18289,0.41695,-0.19839,0.76601,0.30303,0.53108,0.03379,0.72703,0.24746,
1403638543227829504,1.04075,1.25668,0.43577,-0.19782,0.76696,0.30147,0.53081,0.03768,0.73351,0.17852,
1403638543327829504,1.04489,1.33029,0.45102,-0.19798,0.76771,0.29918,0.53095,0.04020,0.73481,0.12169,
1403638543427829504,1.04954,1.40541,0.46141,-0.19904,0.76763,0.30059,0.52989,0.04700,0.75521,0.08271,
1403638543527829504,1.05412,1.48111,0.46666,-0.20287,0.76549,0.30766,0.52747,0.04765,0.76767,0.04883,
1403638543627829504,1.05842,1.55707,0.46727,-0.20790,0.76016,0.32288,0.52409,0.03629,0.77552,0.01420,
1403638543727829504,1.06293,1.63516,0.46738,-0.21702,0.75229,0.34185,0.51971,0.03112,0.81147,0.04389,
1403638543827829504,1.06675,1.71458,0.47331,-0.22672,0.74131,0.36433,0.51606,0.02616,0.82890,0.10976,
1403638543927829504,1.06946,1.79530,0.48708,-0.24069,0.73083,0.38438,0.51010,0.02479,0.86234,0.19499,
1403638544027829504,1.07327,1.88105,0.50740,-0.25490,0.72366,0.39837,0.50264,0.02234,0.87495,0.23312,
1403638544127829504,1.07670,1.96700,0.53069,-0.26619,0.71972,0.40742,0.49512,0.04220,0.88996,0.24043,
1403638544227829504,1.08027,2.04952,0.54890,-0.27553,0.71665,0.41165,0.49095,0.06582,0.88976,0.16372,
1403638544327829504,1.08453,2.13229,0.56088,-0.27987,0.71474,0.41475,0.48868,0.07962,0.87726,0.10179,
1403638544427829504,1.08949,2.21731,0.56840,-0.28093,0.71521,0.41601,0.48630,0.09798,0.88478,0.06650,
1403638544527829504,1.09812,2.30729,0.57462,-0.28020,0.71441,0.41611,0.48782,0.10662,0.89882,0.04737,
1403638544627829504,1.10476,2.40571,0.58443,-0.28486,0.70907,0.41513,0.49370,0.11100,0.92518,0.11615,
1403638544727829504,1.11440,2.49971,0.59981,-0.28882,0.70451,0.41508,0.49795,0.10504,0.90680,0.15910,
1403638544827829504,1.11910,2.59876,0.61728,-0.28762,0.70602,0.41709,0.49481,0.09771,0.90220,0.13669,
1403638544927829504,1.12147,2.69080,0.63014,-0.28656,0.70858,0.41873,0.49037,0.09871,0.90601,0.09023,
1403638545027829504,1.12763,2.78275,0.63857,-0.28819,0.70781,0.41897,0.49032,0.09888,0.90877,0.04326,
1403638545127829504,1.12881,2.86944,0.64110,-0.28962,0.70645,0.41924,0.49120,0.09376,0.89375,-0.01641,
1403638545227829504,1.13488,2.95652,0.63623,-0.28854,0.70653,0.42102,0.49021,0.09243,0.89114,-0.07478,
1403638545327829504,1.14141,3.04311,0.62752,-0.28957,0.70431,0.42147,0.49241,0.09137,0.88323,-0.11495,
1403638545427829504,1.14155,3.12265,0.61366,-0.29207,0.70306,0.42086,0.49323,0.06820,0.86642,-0.16673,
1403638545527829504,1.14600,3.20942,0.60029,-0.29523,0.70146,0.42444,0.49055,0.05059,0.87068,-0.11709,
1403638545627829504,1.14541,3.28706,0.59218,-0.30244,0.69719,0.43331,0.48446,0.03510,0.86765,-0.04993,
1403638545727829504,1.14938,3.36700,0.58907,-0.31049,0.69006,0.44722,0.47687,0.03876,0.85823,0.01148,
1403638545827829504,1.15041,3.44360,0.59536,-0.32059,0.67836,0.46520,0.46973,0.03245,0.85251,0.09289,
1403638545927829504,1.15221,3.52495,0.60754,-0.33046,0.66544,0.48587,0.46034,0.02441,0.85056,0.17007,
1403638546027829504,1.15541,3.61341,0.62504,-0.33846,0.65205,0.50584,0.45210,0.03648,0.84815,0.21335,
1403638546127829504,1.16046,3.71125,0.64097,-0.34429,0.64054,0.52132,0.44654,0.02780,0.87507,0.16035,
1403638546227829504,1.16499,3.80550,0.65012,-0.35104,0.63366,0.53026,0.44053,0.02148,0.89643,0.09160,
1403638546327829504,1.16775,3.90018,0.65292,-0.35666,0.63025,0.53487,0.43531,0.01409,0.91761,0.02973,
1403638546427829504,1.17060,4.00157,0.64975,-0.36104,0.62993,0.53593,0.43084,0.00799,0.94441,-0.03220,
1403638546527829504,1.17264,4.09877,0.64277,-0.36207,0.62882,0.53772,0.42936,0.00709,0.97317,-0.04036,
1403638546627829504,1.17282,4.19618,0.64260,-0.36395,0.62486,0.54251,0.42752,-0.00401,0.98375,0.02773,
1403638546727829504,1.17242,4.29689,0.64754,-0.36748,0.61967,0.54804,0.42499,-0.00937,1.01792,0.13136,
1403638546827829504,1.17096,4.40298,0.66600,-0.36811,0.61510,0.55352,0.42397,-0.02042,1.07016,0.23495,
1403638546927829504,1.16792,4.51300,0.68548,-0.36806,0.61195,0.55744,0.42345,-0.03507,1.07416,0.20489,
1403638547027829504,1.16356,4.62390,0.70206,-0.36654,0.60875,0.56105,0.42461,-0.04929,1.09406,0.14942,
1403638547127829504,1.15627,4.73725,0.70880,-0.36293,0.60600,0.56472,0.42678,-0.08148,1.12383,0.08187,
1403638547227829504,1.14519,4.84846,0.71527,-0.36097,0.60462,0.56665,0.42783,-0.12120,1.14328,0.05083,
1403638547327829504,1.12900,4.96132,0.71707,-0.35953,0.60386,0.56726,0.42931,-0.16940,1.16179,0.00574,
1403638547427829504,1.10753,5.07904,0.70804,-0.36440,0.60747,0.56354,0.42499,-0.20799,1.18043,-0.03011,
1403638547527829504,1.08530,5.19551,0.70428,-0.36886,0.61107,0.55967,0.42108,-0.22781,1.20156,-0.06538,
1403638547627829504,1.06143,5.31343,0.69538,-0.37074,0.61363,0.55713,0.41907,-0.23692,1.22214,-0.11612,
1403638547727829504,1.03117,5.41935,0.67094,-0.36953,0.61388,0.55683,0.42016,-0.25305,1.23007,-0.16188,
1403638547827829504,1.00397,5.53440,0.65203,-0.36551,0.61164,0.55902,0.42403,-0.27325,1.24555,-0.20091,
1403638547927829504,0.97373,5.65014,0.62966,-0.36518,0.61140,0.55903,0.42464,-0.30041,1.25512,-0.19128,
1403638548027829504,0.93367,5.73155,0.59982,-0.36685,0.61050,0.56022,0.42292,-0.34286,1.25987,-0.12301,
1403638548127829504,0.89745,5.85649,0.59273,-0.37009,0.60754,0.56410,0.41918,-0.36829,1.29283,-0.04806,
1403638548227829504,0.85891,5.98608,0.59273,-0.37576,0.60196,0.57055,0.41343,-0.40273,1.29757,0.03104,
1403638548327829504,0.81569,6.10067,0.59411,-0.38312,0.59340,0.58003,0.40579,-0.42624,1.30858,0.12818,
1403638548427829504,0.77194,6.22680,0.60793,-0.38987,0.58305,0.59196,0.39703,-0.44629,1.31823,0.19079,
1403638548527829504,0.72807,6.35737,0.62443,-0.39737,0.57404,0.60029,0.39018,-0.44775,1.33023,0.15607,
1403638548627829504,0.68340,6.48863,0.63559,-0.40236,0.56640,0.60700,0.38581,-0.44947,1.34740,0.10950,
1403638548727829504,0.63970,6.62021,0.64408,-0.40589,0.56161,0.61143,0.38209,-0.44742,1.35593,0.08355,
1403638548827829504,0.59659,6.75152,0.65461,-0.40813,0.55850,0.61450,0.37934,-0.45619,1.37399,0.14496,
1403638548927829504,0.55189,6.88649,0.67249,-0.40996,0.55676,0.61580,0.37782,-0.46048,1.38556,0.21219,
1403638549027829504,0.50537,7.02389,0.69693,-0.40897,0.55602,0.61758,0.37707,-0.47650,1.37461,0.27497,
1403638549127829504,0.46005,7.16334,0.72849,-0.41114,0.55661,0.61618,0.37613,-0.47575,1.38270,0.33225,
1403638549227829504,0.41249,7.29914,0.76551,-0.41152,0.55672,0.61571,0.37632,-0.47755,1.41562,0.37545,
1403638549327829504,0.36866,7.43160,0.81048,-0.41322,0.55793,0.61405,0.37538,-0.47980,1.42231,0.43819,
1403638549427829504,0.32164,7.56934,0.85416,-0.41565,0.55930,0.61166,0.37454,-0.48179,1.42963,0.40874,
1403638549527829504,0.27844,7.69665,0.89542,-0.41665,0.56046,0.61044,0.37369,-0.47064,1.42742,0.35994,
1403638549627829504,0.23191,7.84019,0.92862,-0.41871,0.55980,0.60853,0.37549,-0.46541,1.43448,0.31213,
1403638549727829504,0.19105,7.97562,0.96039,-0.41781,0.55912,0.60859,0.37740,-0.43932,1.42665,0.31416,
1403638549827829504,0.14765,8.11960,0.99379,-0.41781,0.56076,0.60834,0.37537,-0.43570,1.46378,0.38602,
1403638549927829504,0.10743,8.26112,1.03670,-0.41586,0.56153,0.60923,0.37494,-0.42870,1.49335,0.44870,
1403638550027829504,0.06430,8.41460,1.08642,-0.41636,0.56255,0.60868,0.37375,-0.41652,1.54753,0.54814,
1403638550127829504,0.02529,8.56319,1.14549,-0.41736,0.56350,0.60824,0.37192,-0.40296,1.55594,0.63001,
1403638550227829504,-0.01443,8.71982,1.21191,-0.41702,0.56327,0.60901,0.37138,-0.39079,1.55568,0.71163,
1403638550327829504,-0.05310,8.87641,1.28562,-0.41633,0.56243,0.60972,0.37227,-0.37929,1.57845,0.75561,
1403638550427829504,-0.09258,9.04024,1.35689,-0.41825,0.56211,0.60883,0.37206,-0.36979,1.59242,0.67630,
1403638550527829504,-0.12864,9.20037,1.41941,-0.42062,0.56352,0.60731,0.36973,-0.35571,1.60156,0.61187,
1403638550627829504,-0.16168,9.35990,1.47808,-0.42509,0.56306,0.60423,0.37035,-0.32275,1.60919,0.55723,
1403638550727829504,-0.18975,9.51541,1.53130,-0.42947,0.56203,0.60125,0.37172,-0.28873,1.60531,0.52552,
1403638550827829504,-0.21191,9.67012,1.57917,-0.43313,0.55995,0.59844,0.37513,-0.24815,1.59052,0.48993,
1403638550927829504,-0.23138,9.82703,1.62429,-0.43970,0.55577,0.59344,0.38160,-0.20956,1.56489,0.44837,
1403638551027829504,-0.24688,9.97915,1.66244,-0.44508,0.55294,0.58946,0.38562,-0.16946,1.51454,0.41457,
1403638551127829504,-0.25841,10.12525,1.69969,-0.44837,0.55222,0.58701,0.38657,-0.11959,1.43999,0.42357,
1403638551227829504,-0.26350,10.25870,1.73957,-0.45209,0.55275,0.58500,0.38451,-0.06369,1.36983,0.47643,
1403638551327829504,-0.26192,10.38579,1.78306,-0.44934,0.55718,0.58434,0.38234,0.00942,1.27470,0.50354,
1403638551427829504,-0.25743,10.51239,1.83121,-0.44351,0.56803,0.57831,0.38237,0.08639,1.22468,0.45850,
1403638551527829504,-0.24096,10.63013,1.86897,-0.43655,0.58329,0.56640,0.38521,0.16840,1.18221,0.39431,
1403638551627829504,-0.21493,10.73550,1.89852,-0.43099,0.60051,0.54944,0.38957,0.24698,1.14247,0.33095,
1403638551727829504,-0.18181,10.83917,1.92433,-0.42363,0.61661,0.53187,0.39680,0.34552,1.11367,0.28069,
1403638551827829504,-0.13943,10.93578,1.94286,-0.41471,0.63085,0.51477,0.40627,0.43467,1.07217,0.24219,
1403638551927829504,-0.08829,11.02523,1.96003,-0.40354,0.63807,0.50433,0.41913,0.51599,1.00681,0.26704,
1403638552027829504,-0.02964,11.10328,1.98220,-0.39380,0.64006,0.49817,0.43252,0.58330,0.93844,0.34534,
1403638552127829504,0.03303,11.17179,2.01046,-0.38654,0.64317,0.49443,0.43871,0.62845,0.86727,0.37857,
1403638552227829504,0.09873,11.23568,2.04405,-0.38183,0.64817,0.49253,0.43760,0.67035,0.80646,0.42486,
1403638552327829504,0.16757,11.29267,2.08057,-0.37977,0.65084,0.49129,0.43682,0.70427,0.75561,0.41302,
1403638552427829504,0.24035,11.36069,2.11767,-0.38560,0.64965,0.48609,0.43929,0.74727,0.71085,0.35592,
1403638552527829504,0.31638,11.40222,2.14539,-0.39270,0.64635,0.48092,0.44354,0.79474,0.62527,0.30002,
1403638552627829504,0.39642,11.43999,2.16764,-0.39638,0.64292,0.47906,0.44726,0.83543,0.52109,0.22393,
1403638552727829504,0.48043,11.47096,2.18350,-0.39614,0.64200,0.48071,0.44703,0.88158,0.42013,0.17257,
1403638552827829504,0.56840,11.49633,2.19488,-0.39481,0.64062,0.48359,0.44708,0.91917,0.33216,0.12437,
1403638552927829504,0.66177,11.52567,2.20353,-0.39072,0.63891,0.48910,0.44712,0.95319,0.26280,0.07298,
1403638553027829504,0.75761,11.54694,2.20676,-0.38592,0.63628,0.49494,0.44862,0.97096,0.20187,0.01862,
1403638553127829504,0.85111,11.55115,2.20372,-0.38644,0.63314,0.49705,0.45027,0.97124,0.13956,-0.00623,
1403638553227829504,0.94753,11.55996,2.20195,-0.39476,0.62825,0.49303,0.45429,0.98098,0.07396,-0.00545,
1403638553327829504,1.04343,11.55370,2.20119,-0.39985,0.62246,0.49116,0.45981,0.98718,-0.02964,0.05702,
1403638553427829504,1.13956,11.53933,2.20611,-0.39798,0.61706,0.49360,0.46605,0.98113,-0.14997,0.09960,
1403638553527829504,1.23775,11.51877,2.21801,-0.39509,0.61238,0.49674,0.47133,0.95702,-0.27213,0.15666,
1403638553627829504,1.33413,11.48534,2.23454,-0.39237,0.60929,0.49921,0.47498,0.92053,-0.42114,0.17685,
1403638553727829504,1.42814,11.44010,2.25917,-0.39088,0.60881,0.50116,0.47476,0.88039,-0.55150,0.26620,
1403638553827829504,1.51996,11.38648,2.29003,-0.38872,0.61004,0.50321,0.47279,0.84618,-0.62477,0.32165,
1403638553927829504,1.60375,11.32039,2.32423,-0.38648,0.61181,0.50459,0.47086,0.80521,-0.71440,0.32057,
1403638554027829504,1.68988,11.25257,2.35737,-0.38666,0.61639,0.50467,0.46462,0.79244,-0.77723,0.27678,
1403638554127829504,1.76863,11.17228,2.38266,-0.38423,0.61807,0.50648,0.46242,0.76657,-0.83072,0.22138,
1403638554227829504,1.85441,11.10076,2.40647,-0.37573,0.62275,0.51311,0.45578,0.75535,-0.84798,0.15505,
1403638554327829504,1.92568,11.01133,2.41921,-0.36826,0.62699,0.51860,0.44981,0.72829,-0.87393,0.10905,
1403638554427829504,2.00869,10.93820,2.43592,-0.36454,0.62916,0.52191,0.44596,0.71520,-0.84805,0.09809,
1403638554527829504,2.08886,10.86644,2.44890,-0.36319,0.62972,0.52353,0.44437,0.70101,-0.81791,0.07115,
1403638554627829504,2.16031,10.78554,2.45486,-0.36598,0.63151,0.52220,0.44108,0.68500,-0.80846,0.08774,
1403638554727829504,2.23625,10.71691,2.46995,-0.37167,0.63258,0.51873,0.43889,0.68285,-0.81934,0.12889,
1403638554827829504,2.30660,10.63837,2.48570,-0.37618,0.63348,0.51615,0.43678,0.69620,-0.78775,0.17384,
1403638554927829504,2.37621,10.56032,2.50626,-0.37948,0.63392,0.51356,0.43634,0.70538,-0.77739,0.17914,
1403638555027829504,2.45209,10.49581,2.52800,-0.37992,0.63597,0.50949,0.43773,0.72927,-0.77791,0.11910,
1403638555127829504,2.52677,10.41894,2.53744,-0.37394,0.64085,0.50489,0.44110,0.75012,-0.78974,0.06120,
1403638555227829504,2.60654,10.35289,2.54563,-0.36810,0.64819,0.49714,0.44409,0.76738,-0.78576,0.00833,
1403638555327829504,2.68737,10.28612,2.54976,-0.36245,0.65383,0.49074,0.44756,0.78567,-0.77360,-0.01919,
1403638555427829504,2.77145,10.21444,2.55001,-0.35511,0.65618,0.48808,0.45288,0.79922,-0.76269,-0.04740,
1403638555527829504,2.85469,10.14015,2.54514,-0.35237,0.65849,0.48460,0.45540,0.80670,-0.75678,-0.07497,
1403638555627829504,2.93667,10.06438,2.54178,-0.35011,0.65966,0.48314,0.45699,0.80423,-0.74730,-0.01214,
1403638555727829504,3.01696,9.98633,2.54711,-0.35031,0.66127,0.48182,0.45591,0.80478,-0.78213,0.08662,
1403638555827829504,3.09668,9.90790,2.56291,-0.34872,0.66160,0.48293,0.45547,0.80440,-0.79957,0.19567,
1403638555927829504,3.17650,9.82865,2.58114,-0.34730,0.66125,0.48438,0.45554,0.81566,-0.77005,0.21155,
1403638556027829504,3.25695,9.75672,2.60730,-0.34633,0.66008,0.48562,0.45664,0.82074,-0.73884,0.26607,
1403638556127829504,3.33773,9.68435,2.63281,-0.34487,0.66205,0.48678,0.45366,0.81947,-0.73231,0.21015,
1403638556227829504,3.41700,9.61808,2.65152,-0.34228,0.66664,0.48825,0.44726,0.82311,-0.70825,0.14322,
1403638556327829504,3.49706,9.55220,2.66549,-0.34103,0.66927,0.48899,0.44348,0.83131,-0.67128,0.11381,
1403638556427829504,3.57402,9.49609,2.67730,-0.33965,0.67132,0.48973,0.44060,0.84177,-0.61623,0.09764,
1403638556527829504,3.65979,9.43575,2.68709,-0.33662,0.67478,0.49121,0.43597,0.85977,-0.56427,0.09860,
1403638556627829504,3.73998,9.38976,2.69870,-0.34047,0.67820,0.48753,0.43178,0.87349,-0.50790,0.11598,
1403638556727829504,3.82999,9.34097,2.71444,-0.34808,0.67810,0.48147,0.43267,0.91521,-0.49324,0.20797,
1403638556827829504,3.91631,9.30045,2.73821,-0.35437,0.67565,0.47682,0.43653,0.95918,-0.46944,0.26217,
1403638556927829504,4.00668,9.26346,2.76851,-0.35897,0.67464,0.47327,0.43820,1.00499,-0.43487,0.30962,
1403638557027829504,4.10463,9.22843,2.79748,-0.36013,0.67348,0.47258,0.43977,1.04520,-0.41960,0.26037,
1403638557127829504,4.21184,9.19120,2.81911,-0.35784,0.67162,0.47472,0.44217,1.08206,-0.41128,0.19083,
1403638557227829504,4.32354,9.14892,2.83424,-0.35695,0.67021,0.47568,0.44400,1.11598,-0.40688,0.12328,
1403638557327829504,4.43707,9.11126,2.84386,-0.35580,0.66931,0.47682,0.44504,1.15515,-0.40000,0.08757,
1403638557427829504,4.55313,9.07353,2.85301,-0.35258,0.66714,0.47965,0.44784,1.17468,-0.39483,0.11078,
1403638557527829504,4.67158,9.03489,2.86763,-0.34707,0.66413,0.48379,0.45212,1.18342,-0.38547,0.19552,
1403638557627829504,4.78898,8.99727,2.88643,-0.34393,0.66180,0.48609,0.45547,1.16981,-0.37266,0.22315,
1403638557727829504,4.90496,8.96236,2.90955,-0.34283,0.66113,0.48668,0.45664,1.15198,-0.34975,0.25644,
1403638557827829504,5.02009,8.92946,2.93033,-0.34088,0.66086,0.48740,0.45772,1.13738,-0.33725,0.19115,
1403638557927829504,5.13198,8.89974,2.94425,-0.33797,0.66109,0.48911,0.45771,1.11765,-0.32014,0.11693,
1403638558027829504,5.24224,8.86997,2.95156,-0.33606,0.66375,0.49028,0.45400,1.09022,-0.29599,0.05187,
1403638558127829504,5.35044,8.84119,2.95323,-0.33358,0.66883,0.49145,0.44707,1.08520,-0.27319,0.01366,
1403638558227829504,5.45969,8.81717,2.95616,-0.33009,0.67503,0.49307,0.43847,1.08037,-0.22137,0.06924,
1403638558327829504,5.56939,8.79918,2.96761,-0.32574,0.67667,0.49546,0.43650,1.09165,-0.11977,0.16119,
1403638558427829504,5.68023,8.78729,2.98945,-0.31944,0.67889,0.49914,0.43350,1.08299,-0.07328,0.25407,
1403638558527829504,5.79373,8.78194,3.01868,-0.31586,0.68195,0.50088,0.42931,1.08097,0.01724,0.32738,
1403638558627829504,5.91194,8.78541,3.05593,-0.32078,0.68336,0.49703,0.42788,1.11000,0.11693,0.40645,
1403638558727829504,6.03056,8.79861,3.09710,-0.33125,0.68433,0.48920,0.42738,1.13836,0.19728,0.40893,
1403638558827829504,6.14887,8.81990,3.13363,-0.33670,0.68410,0.48486,0.42843,1.16882,0.24144,0.33221,
1403638558927829504,6.27210,8.84496,3.16188,-0.33776,0.68100,0.48405,0.43341,1.20774,0.27973,0.26783,
1403638559027829504,6.39565,8.87618,3.18248,-0.33875,0.67592,0.48361,0.44102,1.22636,0.31448,0.18919,
1403638559127829504,6.51967,8.91114,3.19442,-0.34004,0.67218,0.48309,0.44629,1.23482,0.34272,0.11344,
1403638559227829504,6.64509,8.94888,3.19988,-0.33928,0.66884,0.48445,0.45039,1.23732,0.35830,0.05415,
1403638559327829504,6.77217,8.98803,3.19871,-0.33767,0.66638,0.48641,0.45313,1.23232,0.37387,-0.01097,
1403638559427829504,6.89590,9.02823,3.19144,-0.33369,0.66356,0.48992,0.45641,1.19993,0.37833,-0.06858,
1403638559527829504,7.01280,9.06962,3.17876,-0.33239,0.66164,0.49125,0.45873,1.17002,0.39885,-0.12632,
1403638559627829504,7.12568,9.11175,3.16108,-0.33274,0.65993,0.49169,0.46046,1.13749,0.41677,-0.16671,
1403638559727829504,7.23379,9.15430,3.14424,-0.33306,0.65903,0.49215,0.46102,1.08163,0.42094,-0.13170,
1403638559827829504,7.33776,9.19840,3.13284,-0.33413,0.65965,0.49214,0.45937,1.04175,0.44840,-0.07575,
1403638559927829504,7.44111,9.24433,3.12727,-0.33434,0.66091,0.48962,0.46010,1.02206,0.46203,-0.06121,
1403638560027829504,7.54153,9.29115,3.11655,-0.33126,0.66737,0.48043,0.46268,1.00655,0.45776,-0.13210,
1403638560127829504,7.64130,9.33722,3.09942,-0.32411,0.67733,0.46514,0.46886,0.99375,0.45604,-0.20713,
1403638560227829504,7.74192,9.38429,3.07684,-0.31283,0.68909,0.44611,0.47778,0.99403,0.46277,-0.24207,
1403638560327829504,7.84263,9.42988,3.05192,-0.30156,0.69943,0.42376,0.49018,0.97865,0.45060,-0.25649,
1403638560427829504,7.94056,9.47330,3.02428,-0.29035,0.70890,0.39955,0.50350,0.94703,0.42878,-0.28767,
1403638560527829504,8.03392,9.51299,2.99233,-0.27835,0.71844,0.37442,0.51592,0.91334,0.38919,-0.32813,
1403638560627829504,8.12280,9.54770,2.95570,-0.26847,0.73030,0.34697,0.52365,0.88074,0.33820,-0.38342,
1403638560727829504,8.20607,9.57563,2.91817,-0.26132,0.74202,0.31985,0.52803,0.85205,0.28930,-0.34337,
1403638560827829504,8.28807,9.59603,2.88727,-0.25109,0.75062,0.29707,0.53412,0.82255,0.18891,-0.26298,
1403638560927829504,8.37000,9.60964,2.86416,-0.24100,0.75754,0.27457,0.54099,0.82261,0.11477,-0.19361,
1403638561027829504,8.45120,9.61601,2.84981,-0.22841,0.76105,0.25476,0.55112,0.81047,0.02665,-0.10070,
1403638561127829504,8.53108,9.61262,2.84260,-0.21716,0.76447,0.23555,0.55941,0.76353,-0.07071,-0.05022,
1403638561227829504,8.60693,9.60078,2.84230,-0.20834,0.76636,0.21997,0.56649,0.72457,-0.15130,0.03285,
1403638561327829504,8.67698,9.58095,2.84766,-0.20220,0.76841,0.21001,0.56970,0.67321,-0.24248,0.04703,
1403638561427829504,8.74331,9.55399,2.85132,-0.18995,0.77448,0.21065,0.56545,0.63706,-0.30992,-0.00090,
1403638561527829504,8.80709,9.52226,2.84951,-0.17721,0.77873,0.21581,0.56179,0.60798,-0.34339,-0.05548,
1403638561627829504,8.86883,9.48863,2.84161,-0.17025,0.78130,0.21966,0.55886,0.58639,-0.36085,-0.11189,
1403638561727829504,8.92849,9.45405,2.82949,-0.16869,0.78204,0.22214,0.55732,0.55979,-0.36581,-0.15350,
1403638561827829504,8.98491,9.41686,2.81130,-0.16734,0.78143,0.22407,0.55781,0.53917,-0.38369,-0.20535,
1403638561927829504,9.04112,9.37894,2.78883,-0.16321,0.78146,0.22290,0.55946,0.52039,-0.39359,-0.25832,
1403638562027829504,9.09158,9.33902,2.76311,-0.15772,0.78325,0.21545,0.56145,0.50051,-0.40462,-0.22627,
1403638562127829504,9.14130,9.29745,2.74471,-0.15036,0.78575,0.20575,0.56361,0.44365,-0.43187,-0.15534,
1403638562227829504,9.18598,9.25573,2.73034,-0.14339,0.78749,0.19757,0.56592,0.42594,-0.40542,-0.10819,
1403638562327829504,9.22844,9.21495,2.72299,-0.13741,0.78914,0.18777,0.56843,0.38888,-0.41339,-0.04112,
1403638562427829504,9.26772,9.17235,2.71951,-0.13064,0.79124,0.17400,0.57149,0.36390,-0.42296,-0.01336,
1403638562527829504,9.30374,9.12875,2.72244,-0.12170,0.79506,0.15633,0.57326,0.36792,-0.42539,0.07375,
1403638562627829504,9.33852,9.08443,2.73162,-0.11312,0.79818,0.13395,0.57634,0.34555,-0.44823,0.11586,
1403638562727829504,9.37027,9.03761,2.74389,-0.10417,0.80186,0.10912,0.57815,0.33620,-0.47681,0.12598,
1403638562827829504,9.39925,8.98715,2.75444,-0.09287,0.80479,0.08361,0.58026,0.29855,-0.52302,0.08327,
1403638562927829504,9.42483,8.93316,2.75985,-0.07912,0.80736,0.05970,0.58168,0.27222,-0.56497,0.02550,
1403638563027829504,9.44649,8.87581,2.75953,-0.06695,0.80864,0.03680,0.58332,0.24346,-0.59768,-0.02951,
1403638563127829504,9.46463,8.81496,2.75452,-0.05977,0.81016,0.01269,0.58301,0.21085,-0.64939,-0.07140,
1403638563227829504,9.47775,8.74875,2.74575,-0.04645,0.80918,-0.00327,0.58571,0.17670,-0.69478,-0.11378,
1403638563327829504,9.48707,8.67793,2.73251,-0.03679,0.80512,-0.01439,0.59179,0.13014,-0.73895,-0.14684,
1403638563427829504,9.48971,8.60354,2.71450,-0.03328,0.79690,-0.02311,0.60275,0.05914,-0.77602,-0.20899,
1403638563527829504,9.48565,8.52468,2.69154,-0.02969,0.79484,-0.02595,0.60554,-0.03378,-0.83498,-0.21847,
1403638563627829504,9.47573,8.43924,2.67267,-0.02587,0.79749,-0.02504,0.60226,-0.11480,-0.87929,-0.14686,
1403638563727829504,9.45912,8.34856,2.66106,-0.02807,0.80041,-0.02553,0.59825,-0.18839,-0.93194,-0.08815,
1403638563827829504,9.43850,8.25153,2.65685,-0.03172,0.80182,-0.02549,0.59618,-0.24064,-0.98383,0.01281,
1403638563927829504,9.41115,8.15017,2.66141,-0.03502,0.80119,-0.02443,0.59688,-0.28936,-1.04295,0.06964,
1403638564027829504,9.38023,8.04210,2.66745,-0.03887,0.80072,-0.02224,0.59736,-0.35606,-1.09856,0.03666,
1403638564127829504,9.34249,7.92846,2.66853,-0.04215,0.80043,-0.01893,0.59764,-0.40546,-1.15900,-0.01339,
1403638564227829504,9.30063,7.80823,2.66528,-0.04262,0.79946,-0.01354,0.59905,-0.45587,-1.22450,-0.03923,
1403638564327829504,9.25443,7.68128,2.66368,-0.04076,0.79812,-0.00716,0.60107,-0.50470,-1.26904,0.02325,
1403638564427829504,9.19925,7.55295,2.66923,-0.04112,0.79599,-0.00343,0.60390,-0.56784,-1.32463,0.08990,
1403638564527829504,9.14063,7.41901,2.68078,-0.04223,0.79594,-0.00114,0.60390,-0.65433,-1.37173,0.12685,
1403638564627829504,9.07192,7.28144,2.69379,-0.04619,0.79815,-0.00196,0.60069,-0.71236,-1.41082,0.09817,
1403638564727829504,8.99805,7.14171,2.70318,-0.05089,0.79971,-0.00517,0.59820,-0.77177,-1.45904,0.04136,
1403638564827829504,8.91871,6.99449,2.70542,-0.05362,0.80009,-0.00828,0.59742,-0.81050,-1.50866,-0.03343,
1403638564927829504,8.83491,6.84606,2.69655,-0.05573,0.79940,-0.01085,0.59811,-0.85428,-1.55847,-0.21370,
1403638565027829504,8.74776,6.68638,2.66944,-0.05702,0.79943,-0.01183,0.59793,-0.89526,-1.61411,-0.37488,
1403638565127829504,8.65798,6.52084,2.62633,-0.05787,0.80013,-0.01243,0.59690,-0.90771,-1.66942,-0.52511,
1403638565227829504,8.56593,6.34704,2.57214,-0.05747,0.80095,-0.01196,0.59584,-0.93359,-1.73189,-0.59241,
1403638565327829504,8.47054,6.16814,2.51435,-0.05509,0.80180,-0.01110,0.59494,-0.96141,-1.79015,-0.60577,
1403638565427829504,8.37308,5.98539,2.45557,-0.05271,0.80262,-0.00981,0.59408,-0.99835,-1.84318,-0.60197,
1403638565527829504,8.27342,5.79839,2.39986,-0.04729,0.80051,-0.00830,0.59739,-1.01580,-1.89397,-0.52627,
1403638565627829504,8.17049,5.60471,2.35270,-0.03894,0.79878,-0.00492,0.60034,-1.06577,-1.92744,-0.43682,
1403638565727829504,8.06381,5.41188,2.31243,-0.02672,0.79958,0.00141,0.59996,-1.09436,-1.92290,-0.36691,
1403638565827829504,7.95213,5.21973,2.27926,-0.02026,0.80243,0.00402,0.59639,-1.16029,-1.91016,-0.29630,
1403638565927829504,7.83516,5.03015,2.25247,-0.01406,0.80469,0.00604,0.59349,-1.19622,-1.88235,-0.24231,
1403638566027829504,7.71491,4.84577,2.22356,-0.01314,0.80593,0.00500,0.59184,-1.21564,-1.83762,-0.30371,
1403638566127829504,7.59185,4.66507,2.18711,-0.01264,0.80610,0.00449,0.59163,-1.22969,-1.79597,-0.38923,
1403638566227829504,7.46634,4.48859,2.14189,-0.01220,0.80576,0.00455,0.59209,-1.26742,-1.76290,-0.46482,
1403638566327829504,7.34110,4.31621,2.08850,-0.01265,0.80678,0.00453,0.59070,-1.26636,-1.72339,-0.54174,
1403638566427829504,7.21378,4.14606,2.03121,-0.01300,0.80655,0.00564,0.59100,-1.26341,-1.68989,-0.60530,
1403638566527829504,7.08780,3.98091,1.96574,-0.01494,0.80682,0.00620,0.59057,-1.26543,-1.65916,-0.65395,
1403638566627829504,6.96098,3.81663,1.89627,-0.01644,0.81332,0.00760,0.58154,-1.27733,-1.62762,-0.74360,
1403638566727829504,6.83716,3.66040,1.81732,-0.01667,0.82551,0.00913,0.56406,-1.23599,-1.59097,-0.78091,
1403638566827829504,6.71964,3.50788,1.73608,-0.01551,0.83501,0.01258,0.54988,-1.17368,-1.54925,-0.80881,
1403638566927829504,6.60982,3.35593,1.65140,-0.01534,0.84106,0.01541,0.54051,-1.09026,-1.51508,-0.84039,
1403638567027829504,6.51027,3.20847,1.56471,-0.01652,0.84083,0.01666,0.54079,-0.99239,-1.47801,-0.82572,
1403638567127829504,6.42043,3.06330,1.48140,-0.01572,0.82816,0.01860,0.55996,-0.92004,-1.43894,-0.84710,
1403638567227829504,6.33686,2.92266,1.39379,-0.01486,0.81683,0.01966,0.57635,-0.87905,-1.40571,-0.89186,
1403638567327829504,6.25490,2.78846,1.30054,-0.01202,0.81117,0.02061,0.58432,-0.87538,-1.36006,-0.95599,
1403638567427829504,6.16770,2.65723,1.20693,-0.00971,0.81072,0.02025,0.58500,-0.89602,-1.32357,-0.89467,
1403638567527829504,6.08011,2.52893,1.11825,-0.00784,0.81332,0.01918,0.58145,-0.90296,-1.27887,-0.85433,
1403638567627829504,5.99489,2.40617,1.03766,-0.00547,0.81726,0.01819,0.57596,-0.88608,-1.23707,-0.76163,
1403638567727829504,5.91043,2.28824,0.96637,-0.00261,0.82046,0.01761,0.57142,-0.86503,-1.16797,-0.65972,
1403638567827829504,5.82906,2.17675,0.90332,-0.00033,0.82449,0.01729,0.56561,-0.83173,-1.10677,-0.58022,
1403638567927829504,5.75350,2.07113,0.84725,-0.00246,0.82615,0.01463,0.56326,-0.76146,-1.05005,-0.52461,
1403638568027829504,5.68188,1.96858,0.79743,-0.00116,0.82681,0.01444,0.56229,-0.70374,-0.99922,-0.45634,
1403638568127829504,5.61480,1.86808,0.75767,0.00156,0.82590,0.01581,0.56359,-0.67400,-0.94918,-0.37465,
1403638568227829504,5.54924,1.77260,0.72645,0.00366,0.82516,0.01678,0.56464,-0.64880,-0.90023,-0.29697,
1403638568327829504,5.48913,1.68401,0.69908,0.00456,0.82533,0.01669,0.56439,-0.61019,-0.84835,-0.29131,
1403638568427829504,5.43083,1.60179,0.66734,0.00483,0.82661,0.01625,0.56252,-0.57584,-0.79611,-0.34671,
1403638568527829504,5.37626,1.52332,0.63408,0.00569,0.82737,0.01670,0.56138,-0.53648,-0.74070,-0.37182,
1403638568627829504,5.32271,1.44636,0.59687,0.00636,0.82897,0.01717,0.55899,-0.48741,-0.68675,-0.39249,
1403638568727829504,5.27232,1.37623,0.55811,0.00817,0.83025,0.01880,0.55702,-0.44870,-0.63100,-0.37247,
1403638568827829504,5.22316,1.30747,0.52614,0.00616,0.83022,0.01776,0.55711,-0.42296,-0.57755,-0.27986,
1403638568927829504,5.18076,1.24727,0.50062,0.00720,0.83014,0.01836,0.55721,-0.35895,-0.52088,-0.19304,
1403638569027829504,5.13594,1.18636,0.48425,0.00712,0.82924,0.01828,0.55856,-0.31710,-0.48081,-0.11595,
1403638569127829504,5.10089,1.13495,0.47280,0.00876,0.82928,0.01943,0.55843,-0.27830,-0.43227,-0.05535,
1403638569227829504,5.06210,1.08338,0.46552,0.01086,0.83072,0.02038,0.55622,-0.25959,-0.37741,-0.05070,
1403638569327829504,5.03346,1.04288,0.45573,0.01207,0.83141,0.02056,0.55515,-0.22896,-0.32357,-0.09878,
1403638569427829504,5.00306,0.99993,0.43963,0.01297,0.83039,0.02104,0.55664,-0.18264,-0.27689,-0.14989,
1403638569527829504,4.98446,0.97007,0.42032,0.01295,0.82915,0.02123,0.55847,-0.14869,-0.23125,-0.18198,
1403638569627829504,4.97026,0.94694,0.40190,0.01242,0.82779,0.02050,0.56053,-0.12021,-0.17123,-0.13787,
1403638569727829504,4.95700,0.92920,0.39217,0.01323,0.82685,0.02079,0.56188,-0.09833,-0.11234,-0.08002,
1403638569827829504,4.94934,0.91878,0.38819,0.01317,0.82620,0.02117,0.56282,-0.08988,-0.05571,-0.00303,
1403638569927829504,4.94591,0.91459,0.38927,0.01416,0.82436,0.02170,0.56548,-0.06732,-0.00337,0.02792,
1403638570027829504,4.94555,0.91661,0.39137,0.01190,0.82324,0.02038,0.56720,-0.04717,0.04306,-0.00470,
1403638570127829504,4.94717,0.92378,0.38894,0.00837,0.82352,0.01802,0.56693,-0.03268,0.09161,-0.07283,
1403638570227829504,4.94951,0.93293,0.38006,0.00224,0.82326,0.01462,0.56747,-0.02453,0.11950,-0.12891,
1403638570327829504,4.95294,0.94404,0.36592,-0.00658,0.82330,0.00826,0.56751,-0.00365,0.12741,-0.16963,
1403638570427829504,4.95804,0.95681,0.34810,-0.01023,0.82350,-0.00192,0.56722,0.01307,0.11317,-0.23073,
1403638570527829504,4.96210,0.96442,0.32313,-0.01646,0.82338,-0.02381,0.56675,0.02772,0.06725,-0.28547,
1403638570627829504,4.96784,0.96879,0.29335,-0.02062,0.82117,-0.05312,0.56784,0.03096,-0.01194,-0.34160,
1403638570727829504,4.97283,0.96262,0.26039,-0.01537,0.81467,-0.08093,0.57404,0.04288,-0.10981,-0.35658,
1403638570827829504,4.97264,0.94493,0.22671,-0.00648,0.80358,-0.10846,0.58520,0.00303,-0.21997,-0.37421,
1403638570927829504,4.96746,0.91653,0.19028,0.00728,0.79495,-0.13167,0.59217,-0.06972,-0.34096,-0.39617,
1403638571027829504,4.95695,0.87655,0.15012,0.02232,0.78927,-0.15303,0.59425,-0.13779,-0.44616,-0.42646,
1403638571127829504,4.93800,0.82628,0.10826,0.04289,0.79120,-0.16888,0.58621,-0.21975,-0.54010,-0.40606,
1403638571227829504,4.91416,0.76648,0.07160,0.06472,0.79408,-0.17744,0.57772,-0.27122,-0.62806,-0.30575,
1403638571327829504,4.88665,0.70195,0.04458,0.08322,0.79476,-0.18225,0.57290,-0.31607,-0.67092,-0.21373,
1403638571427829504,4.85120,0.63471,0.02801,0.09115,0.79288,-0.18845,0.57230,-0.35845,-0.70559,-0.11761,
1403638571527829504,4.81028,0.56277,0.01844,0.09702,0.78995,-0.19197,0.57420,-0.40399,-0.73709,-0.08214,
1403638571627829504,4.76464,0.48809,0.00711,0.10377,0.78893,-0.19896,0.57204,-0.44992,-0.76399,-0.14011,
1403638571727829504,4.71612,0.41058,-0.00965,0.11109,0.78936,-0.21067,0.56585,-0.48889,-0.79543,-0.20393,
1403638571827829504,4.66523,0.32981,-0.03139,0.11970,0.78864,-0.22609,0.55911,-0.50991,-0.82594,-0.24373,
1403638571927829504,4.61324,0.24512,-0.05481,0.12729,0.78470,-0.24560,0.55472,-0.52460,-0.86990,-0.21504,
1403638572027829504,4.55930,0.15559,-0.07190,0.13633,0.77911,-0.26540,0.55132,-0.55945,-0.91979,-0.12841,
1403638572127829504,4.50284,0.06128,-0.08005,0.14746,0.77257,-0.28372,0.54854,-0.59594,-0.96389,-0.04634,
1403638572227829504,4.44232,-0.03645,-0.08042,0.16433,0.76772,-0.29879,0.54252,-0.63369,-0.98381,-0.00240,
1403638572327829504,4.37973,-0.13665,-0.07985,0.17808,0.76423,-0.31680,0.53280,-0.64469,-1.02153,-0.03716,
1403638572427829504,4.31695,-0.24028,-0.08208,0.19216,0.76015,-0.33375,0.52331,-0.63620,-1.05439,-0.06535,
1403638572527829504,4.25590,-0.34719,-0.08638,0.20517,0.75715,-0.34450,0.51570,-0.61208,-1.08734,-0.06998,
1403638572627829504,4.19787,-0.45751,-0.09095,0.21390,0.75420,-0.35127,0.51190,-0.58740,-1.10710,-0.05703,
1403638572727829504,4.14273,-0.57135,-0.09070,0.22125,0.75399,-0.35390,0.50724,-0.55202,-1.15453,0.03931,
1403638572827829504,4.09030,-0.68800,-0.08144,0.22734,0.75605,-0.35300,0.50209,-0.51406,-1.17323,0.12396,
1403638572927829504,4.04307,-0.80764,-0.06508,0.22890,0.75788,-0.35238,0.49905,-0.44949,-1.19912,0.17621,
1403638573027829504,3.99712,-0.93019,-0.04821,0.22939,0.76025,-0.35111,0.49611,-0.40426,-1.21795,0.14977,
1403638573127829504,3.95719,-1.05476,-0.03696,0.22820,0.76237,-0.34943,0.49459,-0.35204,-1.24021,0.08320,
1403638573227829504,3.92084,-1.18137,-0.03031,0.22661,0.76319,-0.34763,0.49532,-0.30068,-1.25885,0.07061,
1403638573327829504,3.89351,-1.31000,-0.02305,0.22511,0.76415,-0.34559,0.49595,-0.24314,-1.28907,0.08752,
1403638573427829504,3.86568,-1.44255,-0.01534,0.22619,0.76520,-0.34590,0.49362,-0.20350,-1.30638,0.11004,
1403638573527829504,3.85122,-1.57448,0.00057,0.22934,0.76500,-0.34607,0.49235,-0.12393,-1.33934,0.20202,
1403638573627829504,3.83397,-1.71467,0.02335,0.23049,0.76467,-0.34643,0.49208,-0.07272,-1.35907,0.27689,
1403638573727829504,3.82328,-1.85258,0.05207,0.23494,0.76408,-0.34838,0.48951,-0.01339,-1.37918,0.30542,
1403638573827829504,3.82018,-1.99280,0.08345,0.24567,0.75715,-0.35281,0.49183,0.02805,-1.37647,0.29113,
1403638573927829504,3.82136,-2.13274,0.11123,0.25968,0.74505,-0.36212,0.49632,0.07984,-1.37752,0.24526,
1403638574027829504,3.82478,-2.27131,0.13315,0.26706,0.72762,-0.38122,0.50390,0.08474,-1.34583,0.17732,
1403638574127829504,3.83069,-2.40363,0.14914,0.27247,0.70714,-0.40525,0.51136,0.06388,-1.31831,0.11862,
1403638574227829504,3.83508,-2.53171,0.15998,0.27973,0.68710,-0.42999,0.51454,0.00786,-1.28676,0.09550,
1403638574327829504,3.83403,-2.65632,0.16736,0.29084,0.67238,-0.45208,0.50886,-0.05305,-1.25641,0.05012,
1403638574427829504,3.82937,-2.77637,0.17050,0.30543,0.66132,-0.47113,0.49741,-0.11037,-1.22306,0.01779,
1403638574527829504,3.81864,-2.89344,0.17285,0.31778,0.65081,-0.48880,0.48636,-0.16560,-1.18916,0.05759,
1403638574627829504,3.80336,-3.00803,0.18171,0.32889,0.64168,-0.49992,0.47975,-0.21009,-1.17233,0.13503,
1403638574727829504,3.78600,-3.12221,0.19671,0.34165,0.63890,-0.50425,0.46991,-0.22148,-1.13752,0.18616,
1403638574827829504,3.76536,-3.23395,0.21780,0.34881,0.64111,-0.50697,0.45857,-0.22312,-1.11403,0.22318,
1403638574927829504,3.74455,-3.34503,0.23751,0.34783,0.64358,-0.51155,0.45071,-0.21917,-1.10235,0.18066,
1403638575027829504,3.72275,-3.45540,0.25209,0.34398,0.64461,-0.51521,0.44801,-0.21285,-1.09474,0.11108,
1403638575127829504,3.70054,-3.56548,0.26029,0.33644,0.64236,-0.52000,0.45142,-0.22333,-1.09648,0.06104,
1403638575227829504,3.67692,-3.67541,0.26466,0.33193,0.64031,-0.52198,0.45537,-0.24533,-1.10784,0.02305,
1403638575327829504,3.65108,-3.78456,0.26146,0.32837,0.64094,-0.52252,0.45644,-0.28266,-1.11486,-0.02661,
1403638575427829504,3.62203,-3.89626,0.25616,0.32517,0.64601,-0.52200,0.45216,-0.30121,-1.12829,-0.06882,
1403638575527829504,3.59076,-4.00590,0.24406,0.32396,0.65059,-0.51967,0.44913,-0.32078,-1.14865,-0.06649,
1403638575627829504,3.55823,-4.12129,0.23980,0.32651,0.65710,-0.51493,0.44325,-0.33038,-1.18935,-0.00980,
1403638575727829504,3.52266,-4.23225,0.24030,0.32930,0.66305,-0.51009,0.43788,-0.33133,-1.20998,0.07603,
1403638575827829504,3.49152,-4.35669,0.25028,0.33046,0.66879,-0.50732,0.43145,-0.29449,-1.24726,0.16173,
1403638575927829504,3.46292,-4.48570,0.27084,0.32955,0.67060,-0.50611,0.43075,-0.24884,-1.30079,0.25366,
1403638576027829504,3.43760,-4.61988,0.30056,0.32964,0.67095,-0.50481,0.43165,-0.21111,-1.32830,0.34203,
1403638576127829504,3.41752,-4.75652,0.33679,0.33046,0.67063,-0.50419,0.43226,-0.17853,-1.36191,0.39832,
1403638576227829504,3.40023,-4.90094,0.37414,0.33281,0.66967,-0.50253,0.43387,-0.14704,-1.39946,0.36117,
1403638576327829504,3.38416,-5.05830,0.40518,0.33750,0.67064,-0.49923,0.43256,-0.10789,-1.44283,0.30641,
1403638576427829504,3.37462,-5.20676,0.43209,0.34107,0.67260,-0.49704,0.42923,-0.06048,-1.46410,0.25103,
1403638576527829504,3.37075,-5.35772,0.45284,0.34672,0.67618,-0.49321,0.42344,-0.00340,-1.49436,0.20611,
1403638576627829504,3.37463,-5.51239,0.46926,0.35055,0.67884,-0.49080,0.41882,0.07757,-1.50915,0.15495,
1403638576727829504,3.38688,-5.67078,0.48172,0.35367,0.67804,-0.48837,0.42032,0.16992,-1.53374,0.12733,
1403638576827829504,3.40612,-5.83343,0.48874,0.35816,0.67389,-0.48507,0.42697,0.24900,-1.53983,0.07573,
1403638576927829504,3.43144,-5.99808,0.49025,0.35775,0.66838,-0.48550,0.43540,0.31795,-1.52942,0.01337,
1403638577027829504,3.46436,-6.15740,0.48814,0.35328,0.66381,-0.48869,0.44241,0.36239,-1.50623,0.00446,
1403638577127829504,3.50093,-6.31389,0.49033,0.34977,0.66028,-0.49152,0.44733,0.39388,-1.49976,0.07416,
1403638577227829504,3.54039,-6.46735,0.50016,0.34733,0.65880,-0.49339,0.44935,0.42041,-1.48544,0.13847,
1403638577327829504,3.58316,-6.61891,0.51809,0.35128,0.66107,-0.49050,0.44609,0.44875,-1.48592,0.23221,
1403638577427829504,3.63002,-6.76445,0.54078,0.35772,0.66547,-0.48542,0.43995,0.48525,-1.46825,0.27873,
1403638577527829504,3.68344,-6.90635,0.56839,0.35822,0.66603,-0.48494,0.43922,0.55477,-1.44844,0.25413,
1403638577627829504,3.74208,-7.04533,0.58921,0.35542,0.66520,-0.48700,0.44048,0.59319,-1.40941,0.18549,
1403638577727829504,3.80352,-7.18350,0.60459,0.35303,0.66503,-0.48852,0.44096,0.62915,-1.39908,0.12056,
1403638577827829504,3.86742,-7.32349,0.60981,0.35057,0.66484,-0.48970,0.44191,0.66211,-1.39326,0.04729,
1403638577927829504,3.93438,-7.46646,0.61425,0.35038,0.66510,-0.48895,0.44250,0.69755,-1.38720,0.03530,
1403638578027829504,4.00629,-7.60148,0.61604,0.35129,0.66524,-0.48754,0.44312,0.74968,-1.38058,0.08856,
1403638578127829504,4.08204,-7.74284,0.62931,0.34851,0.66381,-0.48840,0.44649,0.78158,-1.37240,0.15809,
1403638578227829504,4.16081,-7.88223,0.64723,0.34015,0.65896,-0.49372,0.45420,0.80643,-1.38702,0.23163,
1403638578327829504,4.24158,-8.01758,0.67110,0.33397,0.65574,-0.49791,0.45886,0.79128,-1.38670,0.21802,
1403638578427829504,4.31880,-8.15758,0.68777,0.33377,0.65518,-0.49842,0.45926,0.76338,-1.37863,0.14658,
1403638578527829504,4.39428,-8.29453,0.69966,0.33373,0.65467,-0.49902,0.45936,0.74788,-1.36966,0.09147,
1403638578627829504,4.46886,-8.42423,0.70631,0.33501,0.65374,-0.49900,0.45978,0.72366,-1.35263,0.06261,
1403638578727829504,4.54017,-8.55990,0.70916,0.33898,0.65521,-0.49662,0.45733,0.69617,-1.34389,0.02953,
1403638578827829504,4.60841,-8.69867,0.70586,0.34435,0.65877,-0.49279,0.45234,0.70839,-1.32915,-0.00553,
1403638578927829504,4.67930,-8.83203,0.70382,0.34851,0.65990,-0.48992,0.45061,0.72171,-1.31844,-0.00481,
1403638579027829504,4.74976,-8.96354,0.69820,0.35027,0.66096,-0.48772,0.45008,0.74901,-1.31406,0.07190,
1403638579127829504,4.82706,-9.09357,0.71045,0.35062,0.66122,-0.48675,0.45047,0.78503,-1.31913,0.17985,
1403638579227829504,4.90716,-9.21337,0.72282,0.35055,0.66109,-0.48655,0.45094,0.80455,-1.25449,0.21395,
1403638579327829504,4.98980,-9.33796,0.74550,0.34727,0.65958,-0.48835,0.45373,0.82523,-1.25004,0.23058,
1403638579427829504,5.07317,-9.45476,0.76059,0.33947,0.65518,-0.49382,0.46004,0.82513,-1.23052,0.17796,
1403638579527829504,5.15582,-9.57633,0.77654,0.33428,0.65210,-0.49634,0.46548,0.81450,-1.21602,0.13365,
1403638579627829504,5.23638,-9.68836,0.78465,0.33579,0.64938,-0.48841,0.47646,0.79659,-1.18818,0.08577,
1403638579727829504,5.31398,-9.80466,0.79158,0.33654,0.65446,-0.47208,0.48534,0.78378,-1.14125,0.03341,
1403638579827829504,5.39078,-9.90715,0.78974,0.32990,0.66892,-0.45147,0.48978,0.77239,-1.07330,-0.03795,
1403638579927829504,5.46379,-10.00483,0.77992,0.31530,0.68869,-0.42751,0.49348,0.77866,-1.02288,-0.08605,
1403638580027829504,5.53758,-10.09445,0.76352,0.29845,0.70491,-0.39707,0.50632,0.78733,-0.96171,-0.10870,
1403638580127829504,5.60929,-10.17553,0.74595,0.28078,0.71638,-0.36020,0.52745,0.76594,-0.86227,-0.13669,
1403638580227829504,5.67832,-10.24554,0.72394,0.25667,0.73059,-0.32296,0.54411,0.72974,-0.75766,-0.19978,
1403638580327829504,5.74158,-10.30413,0.69564,0.22741,0.74669,-0.29076,0.55335,0.67615,-0.66883,-0.26926,
1403638580427829504,5.79768,-10.35707,0.66399,0.19704,0.75947,-0.26972,0.55825,0.60105,-0.62068,-0.30567,
1403638580527829504,5.84776,-10.40797,0.63003,0.17570,0.76741,-0.25494,0.56144,0.54871,-0.58546,-0.32216,
1403638580627829504,5.89470,-10.45836,0.59515,0.15953,0.77506,-0.24078,0.56201,0.49425,-0.55671,-0.32904,
1403638580727829504,5.93437,-10.50245,0.56241,0.14602,0.78527,-0.22451,0.55824,0.44828,-0.53487,-0.26695,
1403638580827829504,5.97199,-10.54892,0.53901,0.13909,0.79279,-0.21122,0.55455,0.39111,-0.52152,-0.18850,
1403638580927829504,6.01071,-10.59788,0.52515,0.13519,0.79668,-0.20297,0.55301,0.39075,-0.51729,-0.07642,
1403638581027829504,6.05194,-10.64912,0.52183,0.13101,0.79777,-0.20107,0.55315,0.37452,-0.51798,-0.00321,
1403638581127829504,6.09398,-10.70425,0.52805,0.13204,0.79818,-0.19930,0.55295,0.39113,-0.52477,0.07072,
1403638581227829504,6.13236,-10.74397,0.54328,0.13512,0.79825,-0.19905,0.55219,0.37469,-0.49640,0.09854,
1403638581327829504,6.16507,-10.79005,0.55327,0.13891,0.79790,-0.19958,0.55156,0.37276,-0.48247,0.09665,
1403638581427829504,6.19142,-10.81288,0.57596,0.14262,0.79600,-0.20095,0.55287,0.36638,-0.42941,0.12986,
1403638581527829504,6.22377,-10.85124,0.59289,0.14519,0.79481,-0.20332,0.55305,0.36158,-0.40996,0.19006,
1403638581627829504,6.24911,-10.87193,0.62282,0.14926,0.79242,-0.20464,0.55491,0.36128,-0.37821,0.19599,
1403638581727829504,6.28522,-10.90630,0.63826,0.15373,0.78777,-0.20475,0.56023,0.35729,-0.34513,0.12599,
1403638581827829504,6.30339,-10.91186,0.65931,0.15566,0.78602,-0.20631,0.56158,0.33114,-0.28696,0.06802,
1403638581927829504,6.32230,-10.91692,0.67401,0.15876,0.77918,-0.20613,0.57024,0.30205,-0.22739,0.04388,
1403638582027829504,6.34974,-10.93555,0.67819,0.16090,0.77567,-0.20556,0.57462,0.26309,-0.18259,0.03060,
1403638582127829504,6.37052,-10.94197,0.68943,0.15932,0.78203,-0.20771,0.56560,0.24027,-0.12846,0.12734,
1403638582227829504,6.39628,-10.95776,0.70656,0.15682,0.78817,-0.20990,0.55690,0.23745,-0.10701,0.23324,
1403638582327829504,6.42426,-10.97441,0.73533,0.15884,0.78662,-0.20820,0.55915,0.23681,-0.07872,0.36509,
1403638582427829504,6.45258,-10.98637,0.77795,0.16028,0.78412,-0.20684,0.56274,0.23057,-0.05465,0.43860,
1403638582527829504,6.47894,-10.99399,0.82506,0.16129,0.78296,-0.20592,0.56440,0.21989,-0.01647,0.55414,
1403638582627829504,6.51196,-11.00263,0.88558,0.16190,0.78286,-0.20548,0.56454,0.21906,0.01728,0.63861,
1403638582727829504,6.53697,-11.00209,0.95337,0.16120,0.78546,-0.20636,0.56078,0.21918,0.04750,0.71985,
1403638582827829504,6.55853,-10.99548,1.02786,0.16081,0.78682,-0.20732,0.55864,0.21434,0.08106,0.73226,
1403638582927829504,6.57837,-10.98382,1.09953,0.16062,0.78812,-0.20846,0.55642,0.21790,0.11409,0.66722,
1403638583027829504,6.59881,-10.97041,1.16317,0.15989,0.79091,-0.21000,0.55209,0.20914,0.13114,0.59132,
1403638583127829504,6.61934,-10.95545,1.21897,0.15950,0.79300,-0.21113,0.54876,0.21447,0.15252,0.51830,
1403638583227829504,6.64110,-10.93643,1.26725,0.15870,0.79405,-0.21259,0.54690,0.23945,0.16781,0.46025,
1403638583327829504,6.66359,-10.91487,1.31082,0.15920,0.79392,-0.21249,0.54699,0.25272,0.18291,0.40750,
1403638583427829504,6.68485,-10.89114,1.35006,0.15893,0.79423,-0.21275,0.54652,0.26667,0.19430,0.39821,
1403638583527829504,6.71133,-10.86696,1.39153,0.15870,0.79480,-0.21284,0.54572,0.28748,0.21345,0.46497,
1403638583627829504,6.74828,-10.84523,1.43944,0.15955,0.79468,-0.21231,0.54585,0.29878,0.23684,0.54222,
1403638583727829504,6.77954,-10.81928,1.49613,0.16083,0.79455,-0.21160,0.54593,0.31457,0.26209,0.54782,
1403638583827829504,6.81420,-10.79197,1.54791,0.16142,0.79437,-0.21109,0.54622,0.33280,0.27316,0.48385,
1403638583927829504,6.84658,-10.76330,1.59329,0.16110,0.79354,-0.21113,0.54751,0.34459,0.29805,0.41187,
1403638584027829504,6.86602,-10.68527,1.61025,0.16259,0.79261,-0.21044,0.54868,0.34443,0.35793,0.35458,
1403638584127829504,6.90173,-10.65063,1.64595,0.16663,0.78557,-0.20738,0.55867,0.35228,0.38539,0.32864,
1403638584227829504,6.93786,-10.61321,1.67717,0.17044,0.77578,-0.20404,0.57226,0.34109,0.41758,0.28164,
1403638584327829504,6.95544,-10.53067,1.67480,0.17193,0.76971,-0.20300,0.58032,0.28606,0.50158,0.19172,
1403638584427829504,6.98516,-10.46159,1.66935,0.17202,0.76868,-0.20310,0.58163,0.23106,0.57121,0.12109,
1403638584527829504,6.99897,-10.39130,1.65765,0.17155,0.76812,-0.20343,0.58239,0.18020,0.64123,0.12351,
1403638584627829504,7.01683,-10.32890,1.67303,0.17125,0.76934,-0.20322,0.58095,0.13419,0.69586,0.21583,
1403638584727829504,7.03335,-10.26171,1.70197,0.16924,0.77306,-0.20430,0.57619,0.08933,0.75297,0.28341,
1403638584827829504,7.02816,-10.17492,1.70230,0.16511,0.78117,-0.20723,0.56530,0.05413,0.80340,0.30751,
1403638584927829504,7.03638,-10.09439,1.73428,0.16033,0.78739,-0.21121,0.55650,0.05643,0.81558,0.29315,
1403638585027829504,7.02322,-10.00361,1.72216,0.15874,0.79015,-0.21244,0.55257,0.06285,0.82843,0.20792,
1403638585127829504,7.00366,-9.91729,1.69826,0.15735,0.79036,-0.21355,0.55223,0.05163,0.84240,0.12397,
1403638585227829504,7.00763,-9.83472,1.70674,0.15728,0.78928,-0.21386,0.55368,0.06056,0.84093,0.08321,
1403638585327829504,6.97803,-9.75830,1.67340,0.15786,0.78691,-0.21262,0.55736,0.03574,0.84685,0.00875,
1403638585427829504,6.98049,-9.67539,1.67188,0.15763,0.78635,-0.21252,0.55824,0.03147,0.84514,-0.02133,
1403638585527829504,6.93273,-9.61640,1.63395,0.15694,0.78741,-0.21174,0.55724,0.02237,0.83060,0.03354,
1403638585627829504,6.93378,-9.53518,1.63904,0.15620,0.78949,-0.21184,0.55447,0.01881,0.81930,0.11059,
1403638585727829504,6.89027,-9.47619,1.63333,0.15404,0.79358,-0.21181,0.54921,-0.00523,0.81154,0.16177,
1403638585827829504,6.89219,-9.39423,1.65538,0.15152,0.79834,-0.21384,0.54218,0.05419,0.78438,0.24719,
1403638585927829504,6.87800,-9.32547,1.67725,0.14815,0.80082,-0.21604,0.53857,0.07159,0.76337,0.32098,
1403638586027829504,6.87558,-9.25122,1.70978,0.14810,0.79809,-0.21644,0.54246,0.10052,0.73501,0.34670,
1403638586127829504,6.88772,-9.17387,1.74163,0.15039,0.79433,-0.21643,0.54734,0.11817,0.72781,0.28401,
1403638586227829504,6.88595,-9.08997,1.76502,0.15218,0.79181,-0.21551,0.55085,0.10905,0.72507,0.22661,
1403638586327829504,6.89908,-9.01500,1.78452,0.15550,0.78854,-0.21396,0.55520,0.10725,0.72176,0.17503,
1403638586427829504,6.89622,-8.92910,1.79953,0.16320,0.78562,-0.20920,0.55893,0.09455,0.74185,0.13261,
1403638586527829504,6.90724,-8.85509,1.80947,0.16981,0.78448,-0.20514,0.56007,0.08972,0.77277,0.07715,
1403638586627829504,6.90068,-8.75882,1.80951,0.16740,0.78493,-0.20700,0.55947,0.06816,0.81598,0.00653,
1403638586727829504,6.90794,-8.67791,1.80657,0.16390,0.78503,-0.20961,0.55940,0.06929,0.83862,-0.05556,
1403638586827829504,6.91542,-8.59478,1.79779,0.16078,0.78429,-0.21167,0.56057,0.06510,0.85769,-0.11048,
1403638586927829504,6.90734,-8.50464,1.77784,0.16064,0.78358,-0.21116,0.56179,0.03071,0.87632,-0.17225,
1403638587027829504,6.91287,-8.42250,1.75906,0.15978,0.78346,-0.21150,0.56208,0.02598,0.88578,-0.19538,
1403638587127829504,6.90145,-8.32993,1.73868,0.15895,0.78358,-0.21201,0.56195,0.01459,0.89628,-0.14614,
1403638587227829504,6.90161,-8.24296,1.72816,0.15879,0.78584,-0.21141,0.55906,0.00076,0.91527,-0.03756,
1403638587327829504,6.89124,-8.14961,1.72530,0.15848,0.78739,-0.21184,0.55680,-0.01395,0.93042,0.02144,
1403638587427829504,6.88948,-8.05637,1.72863,0.15709,0.78804,-0.21283,0.55589,-0.01990,0.93446,0.04514,
1403638587527829504,6.87882,-7.96198,1.72906,0.15576,0.78778,-0.21382,0.55626,-0.02492,0.93991,0.00528,
1403638587627829504,6.87727,-7.86819,1.72633,0.15484,0.78775,-0.21512,0.55605,-0.02196,0.93469,-0.05340,
1403638587727829504,6.86835,-7.77233,1.71679,0.15515,0.78755,-0.21512,0.55625,-0.02937,0.93652,-0.10490,
1403638587827829504,6.86517,-7.68167,1.70468,0.15438,0.78712,-0.21638,0.55659,-0.02688,0.93111,-0.14462,
1403638587927829504,6.85764,-7.59034,1.68590,0.15399,0.78673,-0.21688,0.55706,-0.03800,0.92325,-0.18386,
1403638588027829504,6.85315,-7.49990,1.66559,0.15379,0.78606,-0.21699,0.55801,-0.04172,0.91782,-0.20820,
1403638588127829504,6.84932,-7.42238,1.63706,0.15697,0.78635,-0.21467,0.55761,-0.05054,0.89700,-0.24803,
1403638588227829504,6.84219,-7.33574,1.61061,0.16333,0.78708,-0.21000,0.55654,-0.06169,0.92055,-0.25643,
1403638588327829504,6.83990,-7.25725,1.58355,0.16398,0.78771,-0.20898,0.55584,-0.03626,0.92740,-0.18767,
1403638588427829504,6.83535,-7.15972,1.56970,0.16386,0.78756,-0.20896,0.55608,-0.02828,0.94691,-0.10350,
1403638588527829504,6.83698,-7.07415,1.55853,0.16164,0.78740,-0.21039,0.55643,-0.04926,0.97382,-0.03108,
1403638588627829504,6.83342,-6.97392,1.55993,0.15938,0.78677,-0.21170,0.55747,-0.06775,0.99981,0.04682,
1403638588727829504,6.82524,-6.87577,1.56574,0.15662,0.78512,-0.21370,0.55981,-0.07927,1.01377,0.09287,
1403638588827829504,6.81921,-6.77362,1.57528,0.15586,0.78448,-0.21458,0.56059,-0.08804,1.01425,0.04760,
1403638588927829504,6.81333,-6.67618,1.57712,0.15461,0.78428,-0.21612,0.56061,-0.09669,1.00905,-0.01554,
1403638589027829504,6.80487,-6.57522,1.57233,0.15458,0.78427,-0.21691,0.56034,-0.11112,1.00916,-0.09472,
1403638589127829504,6.79764,-6.47538,1.56023,0.15617,0.78441,-0.21653,0.55985,-0.11070,1.00875,-0.14315,
1403638589227829504,6.78712,-6.37354,1.54334,0.15633,0.78405,-0.21656,0.56030,-0.12241,1.01046,-0.18406,
1403638589327829504,6.77319,-6.27071,1.52270,0.15652,0.78331,-0.21675,0.56120,-0.12975,1.00390,-0.20045,
1403638589427829504,6.76499,-6.16700,1.50516,0.15606,0.78337,-0.21708,0.56112,-0.15355,1.01980,-0.16375,
1403638589527829504,6.75045,-6.06446,1.49275,0.15591,0.78368,-0.21717,0.56069,-0.16650,1.01931,-0.09888,
1403638589627829504,6.74154,-5.96194,1.48851,0.15644,0.78352,-0.21703,0.56083,-0.16252,1.02852,-0.01699,
1403638589727829504,6.72333,-5.85966,1.49356,0.15587,0.78523,-0.21781,0.55829,-0.17228,1.02326,0.06422,
1403638589827829504,6.70398,-5.75758,1.50157,0.15558,0.78606,-0.21875,0.55682,-0.19351,1.01563,0.04440,
1403638589927829504,6.69304,-5.66370,1.50794,0.15685,0.78656,-0.21881,0.55573,-0.18151,1.01347,-0.01038,
1403638590027829504,6.67170,-5.56297,1.50377,0.15587,0.78614,-0.22028,0.55602,-0.19066,1.01282,-0.06011,
1403638590127829504,6.66326,-5.46944,1.50145,0.15659,0.78565,-0.22068,0.55636,-0.17687,0.99940,-0.09604,
1403638590227829504,6.64502,-5.36784,1.48932,0.15702,0.78479,-0.22106,0.55730,-0.18046,0.99338,-0.14521,
1403638590327829504,6.63658,-5.27925,1.47888,0.15703,0.78455,-0.22128,0.55755,-0.17733,0.98309,-0.17463,
1403638590427829504,6.61775,-5.17772,1.45977,0.15757,0.78555,-0.22155,0.55588,-0.18289,0.98107,-0.18918,
1403638590527829504,6.60616,-5.09023,1.44456,0.15642,0.78566,-0.22237,0.55572,-0.18607,0.97778,-0.18072,
1403638590627829504,6.58927,-4.99538,1.42992,0.15565,0.78773,-0.22282,0.55282,-0.17071,0.95867,-0.09502,
1403638590727829504,6.57390,-4.90498,1.42711,0.15348,0.78880,-0.22419,0.55134,-0.15974,0.93719,0.00499,
1403638590827829504,6.55686,-4.80988,1.42992,0.15373,0.78983,-0.22398,0.54987,-0.14285,0.91196,0.06603,
1403638590927829504,6.54422,-4.72203,1.44006,0.15281,0.79041,-0.22468,0.54901,-0.12991,0.89160,0.14504,
1403638591027829504,6.52797,-4.63003,1.45577,0.15173,0.79120,-0.22591,0.54767,-0.14202,0.88141,0.17699,
1403638591127829504,6.50791,-4.52343,1.46643,0.15126,0.79379,-0.22663,0.54374,-0.13934,0.87424,0.11842,
1403638591227829504,6.49284,-4.43180,1.47283,0.14991,0.79877,-0.22821,0.53611,-0.11729,0.84967,0.04213,
1403638591327829504,6.47984,-4.33855,1.47253,0.14685,0.80448,-0.23069,0.52728,-0.07090,0.81455,0.00267,
1403638591427829504,6.47348,-4.25333,1.46791,0.14456,0.80773,-0.23280,0.52200,-0.01096,0.77273,-0.05024,
1403638591527829504,6.47426,-4.17572,1.45806,0.14177,0.81035,-0.23511,0.51765,0.05155,0.72218,-0.10980,
1403638591627829504,6.48148,-4.10762,1.44278,0.13977,0.81244,-0.23652,0.51427,0.12101,0.66041,-0.15598,
1403638591727829504,6.49654,-4.04894,1.42731,0.13949,0.81131,-0.23727,0.51578,0.19043,0.58629,-0.15908,
1403638591827829504,6.52001,-4.00577,1.41038,0.14072,0.80888,-0.23615,0.51975,0.24941,0.51342,-0.15521,
1403638591927829504,6.54920,-3.96612,1.39855,0.14178,0.80618,-0.23486,0.52422,0.30934,0.44669,-0.07844,
1403638592027829504,6.58535,-3.93527,1.39697,0.14214,0.80351,-0.23437,0.52843,0.37839,0.38367,0.01444,
1403638592127829504,6.62803,-3.93636,1.40657,0.14182,0.80203,-0.23293,0.53140,0.43833,0.30105,0.09785,
1403638592227829504,6.67496,-3.92012,1.42385,0.13751,0.79727,-0.22971,0.54100,0.46420,0.25303,0.22652,
1403638592327829504,6.71800,-3.91250,1.45068,0.12991,0.79237,-0.22301,0.55276,0.46884,0.20548,0.30671,
1403638592427829504,6.76255,-3.89835,1.48482,0.11850,0.79158,-0.21130,0.56099,0.44843,0.16693,0.38309,
1403638592527829504,6.80428,-3.88762,1.52739,0.10795,0.79632,-0.19661,0.56175,0.42043,0.10434,0.44472,
1403638592627829504,6.84348,-3.87986,1.57619,0.10134,0.80329,-0.18324,0.55757,0.40241,0.05995,0.50719,
1403638592727829504,6.88230,-3.87722,1.62745,0.09581,0.81020,-0.17360,0.55160,0.40119,0.01754,0.48448,
1403638592827829504,6.92241,-3.87792,1.67383,0.09083,0.81638,-0.16796,0.54504,0.41759,-0.02716,0.43169,
1403638592927829504,6.96475,-3.88161,1.71524,0.08908,0.81973,-0.16357,0.54162,0.43828,-0.06915,0.38004,
1403638593027829504,7.01031,-3.89010,1.75102,0.08813,0.82108,-0.16100,0.54051,0.48372,-0.11272,0.32917,
1403638593127829504,7.06011,-3.90287,1.78249,0.08772,0.82110,-0.15996,0.54085,0.52876,-0.15077,0.33467,
1403638593227829504,7.11538,-3.91956,1.81924,0.09057,0.81761,-0.15815,0.54617,0.56959,-0.19789,0.39597,
1403638593327829504,7.17426,-3.93876,1.86246,0.09862,0.81484,-0.15355,0.55021,0.60598,-0.21800,0.45067,
1403638593427829504,7.23350,-3.95852,1.90803,0.10859,0.81005,-0.14819,0.55683,0.59876,-0.20912,0.41424,
1403638593527829504,7.29347,-3.97631,1.94826,0.11386,0.80625,-0.14646,0.56173,0.61412,-0.18676,0.35814,
1403638593627829504,7.35377,-3.99125,1.98139,0.11693,0.80430,-0.14636,0.56393,0.60958,-0.15517,0.27974,
1403638593727829504,7.41396,-4.00304,2.00790,0.11881,0.80236,-0.14616,0.56633,0.60330,-0.11272,0.21749,
1403638593827829504,7.47390,-4.01133,2.03035,0.11755,0.79607,-0.14741,0.57508,0.59239,-0.05948,0.24344,
1403638593927829504,7.52894,-4.01247,2.05804,0.11154,0.78675,-0.14558,0.58940,0.53605,-0.01504,0.27512,
1403638594027829504,7.57643,-4.01054,2.08855,0.10374,0.78906,-0.14274,0.58842,0.46615,0.02213,0.30144,
1403638594127829504,7.61702,-4.00671,2.12368,0.09843,0.79488,-0.13961,0.58223,0.38699,0.04386,0.34362,
1403638594227829504,7.65493,-4.00311,2.15776,0.09846,0.79954,-0.13453,0.57701,0.35770,0.04711,0.32074,
1403638594327829504,7.68779,-3.99585,2.19043,0.09877,0.79962,-0.13028,0.57783,0.32021,0.06326,0.29637,
1403638594427829504,7.71859,-3.98710,2.22077,0.10314,0.79800,-0.12405,0.58066,0.29971,0.09177,0.32756,
1403638594527829504,7.74547,-3.97369,2.25550,0.10169,0.79764,-0.12289,0.58166,0.23838,0.14737,0.38767,
1403638594627829504,7.76348,-3.95509,2.30170,0.09596,0.79821,-0.12538,0.58132,0.20853,0.17737,0.44979,
1403638594727829504,7.78237,-3.93706,2.34397,0.09224,0.79884,-0.12836,0.58040,0.18174,0.18068,0.40632,
1403638594827829504,7.79264,-3.91640,2.38558,0.09075,0.79920,-0.13011,0.57976,0.14700,0.19188,0.34242,
1403638594927829504,7.80577,-3.89766,2.41500,0.09066,0.80010,-0.13112,0.57830,0.10765,0.19475,0.25506,
1403638595027829504,7.81531,-3.87812,2.43783,0.09002,0.80168,-0.13271,0.57584,0.08531,0.19958,0.19572,
1403638595127829504,7.82317,-3.85885,2.45458,0.08986,0.80265,-0.13386,0.57425,0.06225,0.19387,0.12738,
1403638595227829504,7.81484,-3.83454,2.46995,0.09073,0.80302,-0.13419,0.57351,0.03036,0.19169,0.05710,
1403638595327829504,7.81869,-3.81526,2.47440,0.09112,0.80313,-0.13444,0.57324,0.01841,0.19188,0.00640,
1403638595427829504,7.82234,-3.79515,2.47500,0.09076,0.80300,-0.13534,0.57326,0.00502,0.18777,-0.03938,
1403638595527829504,7.82544,-3.77497,2.47093,0.09083,0.80360,-0.13537,0.57240,-0.01273,0.18685,-0.07320,
1403638595627829504,7.82795,-3.75571,2.46828,0.09144,0.80421,-0.13468,0.57162,-0.01657,0.18370,-0.00067,
1403638595727829504,7.82679,-3.73583,2.47242,0.09565,0.80464,-0.13169,0.57102,-0.04545,0.19199,0.04048,
1403638595827829504,7.82417,-3.71356,2.47773,0.09850,0.80540,-0.13012,0.56983,-0.05622,0.21125,0.00329,
1403638595927829504,7.82356,-3.69186,2.47492,0.09974,0.80513,-0.12960,0.57011,-0.05280,0.21976,-0.15065,
1403638596027829504,7.80859,-3.64548,2.48203,0.10414,0.80466,-0.12707,0.57056,-0.05522,0.25625,-0.22102,
1403638596127829504,7.80843,-3.61728,2.46169,0.11449,0.80556,-0.12021,0.56879,-0.06010,0.29798,-0.22970,
1403638596227829504,7.80540,-3.58280,2.44357,0.12647,0.80723,-0.11153,0.56563,-0.07020,0.36839,-0.17432,
1403638596327829504,7.80458,-3.54069,2.43318,0.13745,0.80806,-0.10334,0.56344,-0.03399,0.45812,-0.08723,
1403638596427829504,7.79137,-3.46601,2.44627,0.14452,0.80767,-0.09797,0.56319,-0.03244,0.60517,0.01620,
1403638596527829504,7.79380,-3.40187,2.45242,0.15108,0.80724,-0.09231,0.56304,0.01053,0.72822,0.10635,
1403638596627829504,7.79011,-3.31389,2.47381,0.15851,0.80746,-0.08654,0.56159,0.04124,0.88907,0.18617,
1403638596727829504,7.79902,-3.22065,2.49519,0.16480,0.80790,-0.08165,0.55988,0.08622,1.05372,0.26714,
1403638596827829504,7.79922,-3.10242,2.53147,0.16893,0.80734,-0.07820,0.55996,0.11816,1.22906,0.34527,
1403638596927829504,7.81374,-2.97203,2.56568,0.17124,0.80625,-0.07632,0.56108,0.14640,1.40096,0.36812,
1403638597027829504,7.82081,-2.82302,2.60326,0.17292,0.80520,-0.07635,0.56207,0.17439,1.55424,0.29698,
1403638597127829504,7.83210,-2.65905,2.63389,0.17557,0.80354,-0.07538,0.56375,0.19903,1.70327,0.24232,
1403638597227829504,7.85019,-2.48006,2.65821,0.17594,0.80146,-0.07674,0.56641,0.22728,1.87947,0.18412,
1403638597327829504,7.87261,-2.28277,2.67630,0.17222,0.79952,-0.08054,0.56975,0.22678,2.02707,0.11824,
1403638597427829504,7.89892,-2.07075,2.68901,0.16608,0.79767,-0.08640,0.57330,0.23818,2.17440,0.07668,
1403638597527829504,7.92356,-1.84870,2.69729,0.15381,0.79356,-0.09554,0.58093,0.22577,2.29021,0.03075,
1403638597627829504,7.94491,-1.61701,2.70070,0.14439,0.79048,-0.10305,0.58623,0.19577,2.36195,-0.01586,
1403638597727829504,7.96317,-1.37814,2.69891,0.14393,0.78972,-0.10370,0.58727,0.16678,2.42351,-0.05609,
1403638597827829504,7.97889,-1.13246,2.69145,0.14921,0.79201,-0.09383,0.58451,0.14122,2.50988,-0.10436,
1403638597927829504,7.99155,-0.87792,2.67906,0.15334,0.79430,-0.08241,0.58205,0.10925,2.59835,-0.12077,
1403638598027829504,8.00216,-0.61308,2.66750,0.15096,0.79507,-0.07586,0.58251,0.10407,2.70801,-0.08439,
1403638598127829504,8.01141,-0.33602,2.66344,0.13532,0.79573,-0.07981,0.58493,0.05403,2.82337,-0.01551,
1403638598227829504,8.01589,-0.05015,2.66493,0.11440,0.79707,-0.08945,0.58617,0.01640,2.88163,0.03032,
1403638598327829504,8.01751,0.23860,2.66787,0.10005,0.79985,-0.09671,0.58384,-0.00920,2.88132,0.01193,
1403638598427829504,8.01754,0.52646,2.66622,0.09297,0.80196,-0.10021,0.58153,-0.02973,2.87099,-0.04598,
1403638598527829504,8.01470,0.81253,2.65855,0.08916,0.80357,-0.10004,0.57992,-0.05184,2.85613,-0.10520,
1403638598627829504,8.01042,1.09589,2.64141,0.08449,0.80662,-0.09490,0.57725,-0.07055,2.83308,-0.16631,
1403638598727829504,8.00637,1.37711,2.62304,0.07835,0.80808,-0.08460,0.57768,-0.07827,2.80050,-0.17922,
1403638598827829504,8.00088,1.65679,2.60886,0.06946,0.80877,-0.07193,0.57956,-0.07934,2.78888,-0.11082,
1403638598927829504,7.99173,1.93304,2.60020,0.06019,0.81074,-0.05635,0.57957,-0.11527,2.75227,-0.05717,
1403638599027829504,7.98098,2.20718,2.59560,0.04756,0.81199,-0.04068,0.58030,-0.11849,2.73430,0.01781,
1403638599127829504,7.96929,2.47983,2.59874,0.03674,0.81256,-0.02253,0.58129,-0.14308,2.72822,0.07652,
1403638599227829504,7.95416,2.75122,2.60601,0.02532,0.81345,-0.00405,0.58107,-0.16172,2.70664,0.12203,
1403638599327829504,7.93651,3.02149,2.61911,0.01227,0.81485,0.01399,0.57937,-0.18515,2.69913,0.20993,
1403638599427829504,7.91600,3.28920,2.63838,0.00315,0.81713,0.03042,0.57564,-0.20211,2.66865,0.25630,
1403638599527829504,7.89683,3.55544,2.66006,-0.00361,0.81894,0.04150,0.57236,-0.20233,2.63872,0.23071,
1403638599627829504,7.87751,3.81940,2.67658,-0.00937,0.82043,0.04679,0.56975,-0.20667,2.61680,0.14406,
1403638599727829504,7.85502,4.08181,2.68349,-0.01147,0.82152,0.04997,0.56787,-0.20853,2.59534,0.05674,
1403638599827829504,7.83543,4.34289,2.68168,-0.01253,0.82219,0.04909,0.56696,-0.17291,2.57739,-0.00707,
1403638599927829504,7.81822,4.60100,2.67567,-0.01531,0.82354,0.04532,0.56523,-0.15402,2.55107,-0.04769,
1403638600027829504,7.80450,4.85708,2.66510,-0.02035,0.82315,0.03872,0.56614,-0.11613,2.52866,-0.09581,
1403638600127829504,7.79543,5.10974,2.65101,-0.02853,0.82557,0.02932,0.56282,-0.08626,2.48076,-0.12949,
1403638600227829504,7.78849,5.35710,2.63286,-0.04024,0.82876,0.01770,0.55788,-0.06973,2.39968,-0.18043,
1403638600327829504,7.78473,5.59596,2.61061,-0.04892,0.83077,0.00813,0.55440,-0.01599,2.30242,-0.19360,
1403638600427829504,7.78684,5.82317,2.59134,-0.05665,0.83229,-0.00021,0.55144,0.03037,2.17757,-0.14295,
1403638600527829504,7.79430,6.03536,2.58123,-0.05778,0.83311,-0.00304,0.55008,0.09547,2.02744,-0.04359,
1403638600627829504,7.81012,6.23386,2.58117,-0.05727,0.83452,-0.00440,0.54798,0.14964,1.89118,0.04654,
1403638600727829504,7.83018,6.41808,2.58783,-0.05768,0.83674,-0.00557,0.54453,0.21885,1.75294,0.10684,
1403638600827829504,7.85691,6.58919,2.59922,-0.05392,0.84061,-0.00235,0.53894,0.30570,1.61534,0.17674,
1403638600927829504,7.89130,6.74761,2.61355,-0.03815,0.84339,0.01012,0.53584,0.37048,1.51734,0.13601,
1403638601027829504,7.93414,6.89907,2.62296,-0.02453,0.84390,0.02121,0.53552,0.45188,1.47386,0.07448,
1403638601127829504,7.98365,7.04711,2.62665,-0.01787,0.84252,0.02678,0.53771,0.51837,1.43935,0.02678,
1403638601227829504,8.04122,7.18919,2.62554,-0.00926,0.83929,0.03394,0.54254,0.59681,1.42163,-0.01377,
1403638601327829504,8.10321,7.33318,2.62294,-0.00328,0.83165,0.04015,0.55383,0.65423,1.44748,-0.02308,
1403638601427829504,8.17277,7.47951,2.62006,-0.01393,0.82718,0.04240,0.56017,0.68665,1.47268,0.01233,
1403638601527829504,8.24439,7.62791,2.62243,-0.02586,0.82265,0.05177,0.56559,0.69835,1.47993,0.07869,
1403638601627829504,8.31807,7.77250,2.63170,-0.03712,0.81878,0.06859,0.56878,0.70890,1.47178,0.12443,
1403638601727829504,8.38620,7.92103,2.64707,-0.04926,0.81545,0.09149,0.56943,0.68890,1.47791,0.18101,
1403638601827829504,8.45334,8.06664,2.67019,-0.06283,0.81018,0.11900,0.57053,0.65667,1.49962,0.25354,
1403638601927829504,8.51708,8.21383,2.69841,-0.07694,0.80471,0.14640,0.57016,0.62719,1.49850,0.26753,
1403638602027829504,8.57401,8.36407,2.72460,-0.08984,0.80165,0.16640,0.56710,0.60192,1.49895,0.21533,
1403638602127829504,8.63416,8.50525,2.74532,-0.09817,0.79807,0.18166,0.56608,0.57594,1.49143,0.14846,
1403638602227829504,8.68907,8.65054,2.76036,-0.10392,0.79121,0.19821,0.56913,0.53082,1.51477,0.09864,
1403638602327829504,8.74061,8.79694,2.77202,-0.11758,0.78208,0.21403,0.57333,0.47600,1.53457,0.10039,
1403638602427829504,8.78607,8.94487,2.78987,-0.15024,0.76605,0.22126,0.58449,0.39449,1.53387,0.22583,
1403638602527829504,8.82014,9.09038,2.81791,-0.18657,0.74227,0.22569,0.60273,0.29430,1.44855,0.30427,
1403638602627829504,8.84161,9.22319,2.85293,-0.21622,0.72501,0.23319,0.61092,0.15339,1.28493,0.35523,
1403638602727829504,8.84859,9.33912,2.89170,-0.23131,0.71822,0.24986,0.60682,0.00168,1.09108,0.40723,
1403638602827829504,8.84152,9.43588,2.93632,-0.23940,0.71374,0.27093,0.59989,-0.14471,0.91186,0.44296,
1403638602927829504,8.82137,9.51875,2.98377,-0.25316,0.71153,0.28893,0.58835,-0.27088,0.75959,0.47640,
1403638603027829504,8.79438,9.59418,3.03099,-0.27447,0.70978,0.30243,0.57395,-0.34796,0.62395,0.45156,
1403638603127829504,8.76121,9.65760,3.07403,-0.29103,0.70161,0.31605,0.56847,-0.39545,0.46901,0.38227,
1403638603227829504,8.72211,9.70470,3.10716,-0.29512,0.70055,0.33187,0.55857,-0.44828,0.31481,0.25384,
1403638603327829504,8.67635,9.73568,3.12881,-0.28823,0.71195,0.34892,0.53694,-0.48385,0.19104,0.15947,
1403638603427829504,8.62929,9.75956,3.14342,-0.28178,0.72254,0.36036,0.51834,-0.48207,0.12918,0.09632,
1403638603527829504,8.58482,9.78393,3.15517,-0.27938,0.72611,0.36556,0.51095,-0.46891,0.11492,0.07425,
1403638603627829504,8.54114,9.80529,3.16242,-0.28364,0.72017,0.36740,0.51567,-0.45281,0.08859,0.02427,
1403638603727829504,8.49620,9.81727,3.16302,-0.28095,0.71169,0.37201,0.52553,-0.45747,0.04113,-0.05445,
1403638603827829504,8.44910,9.82344,3.15626,-0.27503,0.70356,0.37716,0.53583,-0.49021,0.00016,-0.11512,
1403638603927829504,8.39378,9.82661,3.14236,-0.26831,0.69627,0.38124,0.54577,-0.56238,-0.03076,-0.17531,
1403638604027829504,8.33230,9.82344,3.12288,-0.26315,0.69112,0.38364,0.55311,-0.65107,-0.06989,-0.22151,
1403638604127829504,8.25916,9.82045,3.10198,-0.25948,0.68810,0.38498,0.55765,-0.75412,-0.06810,-0.17213,
1403638604227829504,8.17854,9.81086,3.08950,-0.26254,0.68956,0.38351,0.55543,-0.86889,-0.10389,-0.08526,
1403638604327829504,8.08274,9.79686,3.08368,-0.26886,0.69621,0.37961,0.54672,-0.97111,-0.14814,-0.02427,
1403638604427829504,7.98295,9.77615,3.08432,-0.27083,0.70439,0.37861,0.53586,-1.02855,-0.19679,0.02992,
1403638604527829504,7.87711,9.75153,3.09270,-0.26761,0.71158,0.38088,0.52628,-1.05693,-0.21234,0.09089,
1403638604627829504,7.77005,9.72585,3.10107,-0.26650,0.71467,0.38183,0.52195,-1.07646,-0.22921,0.04327,
1403638604727829504,7.66215,9.70016,3.10346,-0.27047,0.71741,0.37920,0.51805,-1.08388,-0.23941,-0.00047,
1403638604827829504,7.55451,9.67504,3.10265,-0.27353,0.71990,0.37683,0.51471,-1.07513,-0.25827,-0.00305,
1403638604927829504,7.44696,9.64470,3.10442,-0.27182,0.72400,0.37799,0.50899,-1.06454,-0.27932,0.03187,
1403638605027829504,7.34184,9.61671,3.11139,-0.26852,0.73120,0.38018,0.49870,-1.04028,-0.28116,0.11592,
1403638605127829504,7.23822,9.58572,3.12552,-0.26548,0.73651,0.38237,0.49078,-1.00025,-0.27289,0.19699,
1403638605227829504,7.14013,9.55910,3.14494,-0.26238,0.73828,0.38458,0.48804,-0.92859,-0.21825,0.20859,
1403638605327829504,7.04627,9.53659,3.16221,-0.25769,0.73712,0.38787,0.48969,-0.87103,-0.17379,0.18383,
1403638605427829504,6.95645,9.52147,3.17671,-0.25122,0.72933,0.39266,0.50079,-0.84728,-0.12271,0.14055,
1403638605527829504,6.86298,9.50627,3.18365,-0.24555,0.71895,0.39673,0.51519,-0.86838,-0.09358,0.08181,
1403638605627829504,6.76707,9.49636,3.18462,-0.23963,0.71137,0.40082,0.52523,-0.91384,-0.06043,0.02651,
1403638605727829504,6.66885,9.49159,3.18510,-0.23693,0.70805,0.40275,0.52945,-0.97908,-0.02813,0.04990,
1403638605827829504,6.56391,9.49225,3.19348,-0.23538,0.70864,0.40356,0.52875,-1.06582,0.02031,0.14459,
1403638605927829504,6.45406,9.49841,3.21160,-0.23253,0.70802,0.40503,0.52970,-1.10867,0.10468,0.21999,
1403638606027829504,6.33734,9.51343,3.23108,-0.22842,0.70736,0.40663,0.53115,-1.18475,0.15478,0.20312,
1403638606127829504,6.21363,9.53006,3.24747,-0.22553,0.70741,0.40748,0.53166,-1.26239,0.20380,0.12812,
1403638606227829504,6.07885,9.55319,3.25358,-0.22235,0.70759,0.40883,0.53172,-1.34437,0.25025,0.05124,
1403638606327829504,5.94034,9.57985,3.25518,-0.22346,0.71161,0.40696,0.52731,-1.41727,0.30764,-0.04361,
1403638606427829504,5.79058,9.61147,3.24553,-0.23004,0.72205,0.40143,0.51437,-1.46458,0.36083,-0.10099,
1403638606527829504,5.64164,9.65030,3.23131,-0.23821,0.73287,0.39481,0.50028,-1.46269,0.41429,-0.16300,
1403638606627829504,5.49267,9.69302,3.21192,-0.24344,0.73898,0.39357,0.48964,-1.44170,0.48092,-0.21270,
1403638606727829504,5.34662,9.74199,3.18814,-0.24726,0.74024,0.40004,0.48050,-1.40240,0.54359,-0.24865,
1403638606827829504,5.20499,9.79762,3.16085,-0.25364,0.73739,0.41103,0.47220,-1.36017,0.61623,-0.26567,
1403638606927829504,5.06969,9.86187,3.13563,-0.26314,0.73098,0.42513,0.46443,-1.29106,0.71362,-0.21441,
1403638607027829504,4.94260,9.93568,3.11749,-0.27624,0.72234,0.43982,0.45659,-1.22318,0.79470,-0.10531,
1403638607127829504,4.82254,10.01586,3.10917,-0.29288,0.71451,0.44918,0.44937,-1.14466,0.85950,-0.02021,
1403638607227829504,4.70810,10.10199,3.10692,-0.30749,0.70167,0.45498,0.45399,-1.08050,0.89656,-0.01718,
1403638607327829504,4.59769,10.19052,3.09908,-0.32059,0.68982,0.45663,0.46137,-1.02493,0.90663,-0.08578,
1403638607427829504,4.49242,10.28053,3.08234,-0.32992,0.68321,0.45702,0.46423,-0.98644,0.90614,-0.17306,
1403638607527829504,4.39256,10.36899,3.05646,-0.33418,0.68226,0.45754,0.46205,-0.94606,0.86943,-0.26077,
1403638607627829504,4.29964,10.45461,3.02568,-0.33537,0.68096,0.45874,0.46192,-0.90309,0.84811,-0.29443,
1403638607727829504,4.21293,10.53878,2.99272,-0.33515,0.67858,0.45903,0.46529,-0.84379,0.83334,-0.32792,
1403638607827829504,4.13045,10.62105,2.95600,-0.33443,0.67922,0.45869,0.46521,-0.81171,0.80902,-0.37058,
1403638607927829504,4.04904,10.70077,2.91690,-0.33662,0.68356,0.45537,0.46051,-0.77424,0.79640,-0.41558,
1403638608027829504,3.96996,10.78040,2.87158,-0.33871,0.68542,0.45173,0.45981,-0.71147,0.78454,-0.45053,
1403638608127829504,3.89931,10.85850,2.82270,-0.33724,0.68286,0.45062,0.46574,-0.65839,0.75895,-0.49625,
1403638608227829504,3.83483,10.93182,2.77030,-0.33392,0.67888,0.45103,0.47348,-0.62506,0.72150,-0.54685,
1403638608327829504,3.77172,11.00225,2.71206,-0.33410,0.67398,0.44933,0.48191,-0.60582,0.68341,-0.58428,
1403638608427829504,3.70945,11.06872,2.65099,-0.33475,0.67047,0.44839,0.48719,-0.60786,0.63674,-0.66301,
1403638608527829504,3.65026,11.13081,2.58244,-0.33301,0.67236,0.44913,0.48510,-0.59641,0.58478,-0.70744,
1403638608627829504,3.59058,11.18877,2.51258,-0.33519,0.67168,0.44671,0.48677,-0.58769,0.53709,-0.67153,
1403638608727829504,3.53020,11.24358,2.44807,-0.33910,0.66902,0.44434,0.48989,-0.59128,0.45805,-0.62468,
1403638608827829504,3.47111,11.28714,2.38747,-0.33735,0.67170,0.44577,0.48611,-0.58914,0.39915,-0.57495,
1403638608927829504,3.41518,11.32722,2.33460,-0.33555,0.67562,0.44721,0.48057,-0.57861,0.33342,-0.48606,
1403638609027829504,3.35938,11.35876,2.28878,-0.33564,0.67933,0.44743,0.47503,-0.54846,0.30069,-0.41998,
1403638609127829504,3.30567,11.38783,2.24963,-0.33446,0.68086,0.44814,0.47301,-0.52438,0.26263,-0.35539,
1403638609227829504,3.25442,11.41415,2.21441,-0.34121,0.68105,0.44326,0.47251,-0.49009,0.22298,-0.35859,
1403638609327829504,3.20750,11.43568,2.17447,-0.34501,0.68157,0.44023,0.47184,-0.44771,0.17182,-0.44073,
1403638609427829504,3.16314,11.45808,2.12636,-0.34177,0.68155,0.44216,0.47241,-0.40914,0.13687,-0.50638,
1403638609527829504,3.12310,11.47092,2.07198,-0.33804,0.68158,0.44428,0.47306,-0.37877,0.10082,-0.57603,
1403638609627829504,3.08181,11.49339,2.00855,-0.33582,0.68172,0.44517,0.47360,-0.35701,0.09306,-0.62492,
1403638609727829504,3.04647,11.50247,1.94403,-0.33283,0.68052,0.44729,0.47545,-0.33350,0.07130,-0.63793,
1403638609827829504,3.01223,11.51774,1.88128,-0.33309,0.68162,0.44703,0.47394,-0.30982,0.07324,-0.56555,
1403638609927829504,2.98383,11.52244,1.82953,-0.33333,0.68123,0.44677,0.47457,-0.28326,0.03004,-0.49054,
1403638610027829504,2.95878,11.52964,1.78447,-0.33561,0.68017,0.44514,0.47601,-0.25010,0.02300,-0.39798,
1403638610127829504,2.93488,11.53057,1.74740,-0.33878,0.67742,0.44276,0.47990,-0.23208,-0.01643,-0.35038,
1403638610227829504,2.91268,11.52839,1.70926,-0.34015,0.67472,0.44166,0.48373,-0.21393,-0.06219,-0.40508,
1403638610327829504,2.89126,11.52101,1.66457,-0.34136,0.67390,0.44036,0.48519,-0.20017,-0.10021,-0.46725,
1403638610427829504,2.87058,11.50973,1.61414,-0.34258,0.67362,0.43911,0.48585,-0.18051,-0.14920,-0.51162,
1403638610527829504,2.85101,11.49282,1.55968,-0.34224,0.67070,0.43893,0.49028,-0.17162,-0.20900,-0.54357,
1403638610627829504,2.83204,11.46725,1.50380,-0.34800,0.66367,0.43471,0.49947,-0.17484,-0.28517,-0.54191,
1403638610727829504,2.81280,11.43237,1.44941,-0.34824,0.66436,0.43498,0.49814,-0.19621,-0.39091,-0.52581,
1403638610827829504,2.79338,11.39408,1.39718,-0.34478,0.67160,0.43856,0.48758,-0.18265,-0.44867,-0.44618,
1403638610927829504,2.77625,11.34570,1.35741,-0.34305,0.67448,0.44118,0.48245,-0.15188,-0.47685,-0.37509,
1403638611027829504,2.75749,11.30529,1.31491,-0.34565,0.67357,0.43936,0.48353,-0.14278,-0.51509,-0.36442,
1403638611127829504,2.74026,11.25845,1.26861,-0.34811,0.67099,0.43825,0.48635,-0.12959,-0.56241,-0.43652,
1403638611227829504,2.72561,11.20045,1.22077,-0.34787,0.67044,0.43916,0.48645,-0.11546,-0.61664,-0.44653,
1403638611327829504,2.71313,11.13622,1.17728,-0.34516,0.66975,0.44147,0.48724,-0.10706,-0.69376,-0.39124,
1403638611427829504,2.70024,11.06408,1.14004,-0.33462,0.66496,0.44843,0.49473,-0.10961,-0.72672,-0.31016,
1403638611527829504,2.68290,10.99478,1.10614,-0.32391,0.66196,0.45526,0.49964,-0.15320,-0.76908,-0.26181,
1403638611627829504,2.66275,10.91636,1.08207,-0.31865,0.66379,0.45785,0.49821,-0.20776,-0.78280,-0.20247,
1403638611727829504,2.63512,10.83957,1.05626,-0.32036,0.66803,0.45610,0.49303,-0.25545,-0.78273,-0.24002,
1403638611827829504,2.60924,10.76051,1.03211,-0.32654,0.67403,0.45119,0.48526,-0.27297,-0.79763,-0.29704,
1403638611927829504,2.57947,10.67761,0.99970,-0.33002,0.67893,0.44773,0.47925,-0.26885,-0.79791,-0.33478,
1403638612027829504,2.55391,10.59814,0.96753,-0.33157,0.68170,0.44612,0.47575,-0.24560,-0.79216,-0.30561,
1403638612127829504,2.52794,10.51536,0.94141,-0.33287,0.68364,0.44451,0.47355,-0.23947,-0.81285,-0.23487,
1403638612227829504,2.50639,10.43482,0.92195,-0.33201,0.68419,0.44465,0.47321,-0.19205,-0.78220,-0.13353,
1403638612327829504,2.48632,10.35267,0.90833,-0.33146,0.68385,0.44489,0.47388,-0.16636,-0.79360,-0.08561,
1403638612427829504,2.46952,10.27268,0.89589,-0.33065,0.68285,0.44462,0.47613,-0.15041,-0.79165,-0.11262,
1403638612527829504,2.45415,10.19185,0.87848,-0.32872,0.68086,0.44445,0.48045,-0.13687,-0.80432,-0.18161,
1403638612627829504,2.43499,10.10532,0.85254,-0.32397,0.67917,0.44617,0.48447,-0.13617,-0.80598,-0.24900,
1403638612727829504,2.42004,10.02713,0.82530,-0.31974,0.67742,0.44718,0.48877,-0.14255,-0.79784,-0.30593,
1403638612827829504,2.39839,9.94385,0.78962,-0.31875,0.67659,0.44542,0.49216,-0.17966,-0.81017,-0.32263,
1403638612927829504,2.37862,9.86481,0.76024,-0.31970,0.67627,0.44296,0.49421,-0.21262,-0.81286,-0.27137,
1403638613027829504,2.35266,9.78095,0.73323,-0.31948,0.67880,0.44195,0.49177,-0.23776,-0.80791,-0.18995,
1403638613127829504,2.32787,9.69992,0.71835,-0.31965,0.68036,0.44110,0.49027,-0.25916,-0.82154,-0.11966,
1403638613227829504,2.30191,9.61841,0.70937,-0.31956,0.68213,0.44081,0.48813,-0.26867,-0.80938,-0.05218,
1403638613327829504,2.27193,9.53474,0.70668,-0.31851,0.68273,0.44127,0.48755,-0.27826,-0.79803,0.02739,
1403638613427829504,2.24377,9.45391,0.70677,-0.31781,0.68206,0.44172,0.48854,-0.28941,-0.80118,-0.00848,
1403638613527829504,2.21416,9.37197,0.70120,-0.31898,0.68207,0.43824,0.49090,-0.29212,-0.79255,-0.06784,
1403638613627829504,2.18291,9.28661,0.68883,-0.32089,0.68385,0.43203,0.49268,-0.30227,-0.79201,-0.12784,
1403638613727829504,2.15233,9.20535,0.67151,-0.32494,0.68310,0.42530,0.49690,-0.30760,-0.80927,-0.20313,
1403638613827829504,2.11974,9.11304,0.64476,-0.32492,0.68379,0.41791,0.50220,-0.30838,-0.85711,-0.27302,
1403638613927829504,2.08934,9.02622,0.61474,-0.31969,0.68827,0.40914,0.50664,-0.30767,-0.90568,-0.33619,
1403638614027829504,2.05699,8.92815,0.57898,-0.30926,0.69565,0.39858,0.51143,-0.31371,-0.95033,-0.37170,
1403638614127829504,2.02332,8.82514,0.53861,-0.29642,0.70550,0.38573,0.51538,-0.32004,-0.99160,-0.38981,
1403638614227829504,1.98749,8.71893,0.50189,-0.28293,0.71585,0.37255,0.51837,-0.32889,-1.01322,-0.32352,
1403638614327829504,1.95062,8.61076,0.47091,-0.27309,0.72408,0.36139,0.52012,-0.35195,-1.02001,-0.28022,
1403638614427829504,1.91248,8.50344,0.44805,-0.26781,0.73021,0.35176,0.52090,-0.35882,-1.02403,-0.19115,
1403638614527829504,1.87275,8.39246,0.43349,-0.26485,0.73489,0.34367,0.52123,-0.36928,-1.05438,-0.10220,
1403638614627829504,1.83470,8.28413,0.42709,-0.26128,0.73968,0.33368,0.52274,-0.34296,-1.04546,-0.04780,
1403638614727829504,1.80137,8.18075,0.43073,-0.25876,0.74763,0.31960,0.52149,-0.32442,-1.06316,0.04175,
1403638614827829504,1.77001,8.07475,0.44337,-0.25343,0.75879,0.30278,0.51801,-0.30444,-1.11518,0.13648,
1403638614927829504,1.74446,7.96900,0.46504,-0.24261,0.76964,0.28539,0.51706,-0.22509,-1.11591,0.19848,
1403638615027829504,1.72530,7.86211,0.49126,-0.22802,0.77923,0.26491,0.52022,-0.17186,-1.14344,0.23294,
1403638615127829504,1.71347,7.75679,0.52324,-0.20755,0.78624,0.24366,0.52856,-0.10702,-1.17040,0.30424,
1403638615227829504,1.70621,7.64627,0.56040,-0.18356,0.78879,0.22263,0.54272,-0.06597,-1.17860,0.34706,
1403638615327829504,1.70172,7.53505,0.59756,-0.16165,0.79239,0.19854,0.55369,-0.06097,-1.17576,0.31211,
1403638615427829504,1.69775,7.42289,0.62861,-0.14107,0.79645,0.17266,0.56210,-0.05403,-1.15957,0.25401,
1403638615527829504,1.69292,7.30918,0.65251,-0.12170,0.80096,0.14727,0.56742,-0.05718,-1.14466,0.20405,
1403638615627829504,1.68592,7.19453,0.67041,-0.10664,0.80388,0.12627,0.57137,-0.07056,-1.12822,0.16632,
1403638615727829504,1.67802,7.08214,0.68857,-0.09663,0.80605,0.11151,0.57316,-0.08268,-1.10827,0.22280,
1403638615827829504,1.66833,6.97102,0.71430,-0.08987,0.80752,0.10063,0.57420,-0.10483,-1.11003,0.29759,
1403638615927829504,1.65617,6.85988,0.74361,-0.08472,0.80881,0.08799,0.57525,-0.11595,-1.11172,0.28850,
1403638616027829504,1.64304,6.74825,0.76781,-0.07662,0.81067,0.07612,0.57546,-0.13513,-1.11594,0.21787,
1403638616127829504,1.62954,6.63554,0.78428,-0.06692,0.81188,0.06352,0.57648,-0.13644,-1.12384,0.10438,
1403638616227829504,1.61458,6.52271,0.78514,-0.05720,0.81369,0.04714,0.57655,-0.14849,-1.12861,-0.06865,
1403638616327829504,1.59964,6.40811,0.77016,-0.04484,0.81510,0.02818,0.57690,-0.16141,-1.14291,-0.23048,
1403638616427829504,1.58316,6.28778,0.74416,-0.03212,0.81617,0.00937,0.57684,-0.16367,-1.14868,-0.30802,
1403638616527829504,1.56825,6.16546,0.71351,-0.02292,0.81736,-0.00602,0.57564,-0.16369,-1.14734,-0.33906,
1403638616627829504,1.55427,6.04401,0.67944,-0.01521,0.82057,-0.01672,0.57110,-0.16943,-1.15439,-0.36300,
1403638616727829504,1.54100,5.92473,0.64079,-0.01340,0.82800,-0.02607,0.55996,-0.14112,-1.15683,-0.41571,
1403638616827829504,1.53330,5.80544,0.59735,-0.01797,0.83582,-0.03496,0.54760,-0.07974,-1.17483,-0.42594,
1403638616927829504,1.52956,5.68457,0.55921,-0.01822,0.83796,-0.03767,0.54412,0.00130,-1.22026,-0.32564,
1403638617027829504,1.53372,5.56098,0.53244,-0.01126,0.83459,-0.03288,0.54977,0.07978,-1.24418,-0.22515,
1403638617127829504,1.54357,5.43514,0.51527,-0.00438,0.83056,-0.02617,0.55630,0.12544,-1.25513,-0.13229,
1403638617227829504,1.55710,5.30784,0.50448,-0.00091,0.83024,-0.02049,0.55703,0.17421,-1.25029,-0.06285,
1403638617327829504,1.57412,5.17974,0.49779,-0.00158,0.83334,-0.01743,0.55249,0.20790,-1.23599,-0.02571,
1403638617427829504,1.59499,5.05271,0.49705,-0.00081,0.83738,-0.01361,0.54645,0.25768,-1.21176,0.05623,
1403638617527829504,1.62193,4.92821,0.50469,-0.00098,0.83907,-0.01025,0.54393,0.31722,-1.19170,0.13219,
1403638617627829504,1.65543,4.80659,0.52073,-0.00105,0.83856,-0.00745,0.54476,0.37602,-1.16594,0.20836,
1403638617727829504,1.69629,4.69099,0.54641,0.00063,0.83673,-0.00333,0.54761,0.45064,-1.13597,0.29236,
1403638617827829504,1.74153,4.57711,0.57746,0.00088,0.83655,-0.00067,0.54789,0.49450,-1.10951,0.34950,
1403638617927829504,1.79168,4.46932,0.61606,-0.00060,0.83535,0.00032,0.54972,0.53826,-1.06832,0.39723,
1403638618027829504,1.84841,4.36589,0.65359,-0.00163,0.83487,0.00142,0.55045,0.57946,-1.03342,0.34746,
1403638618127829504,1.90672,4.26696,0.68500,-0.00355,0.83497,0.00180,0.55028,0.61899,-1.00785,0.28186,
1403638618227829504,1.97044,4.16948,0.71039,-0.00410,0.83470,0.00290,0.55068,0.65362,-0.98422,0.21504,
1403638618327829504,2.03590,4.07500,0.72973,-0.00374,0.83398,0.00434,0.55176,0.67697,-0.94875,0.17083,
1403638618427829504,2.10589,3.98404,0.74607,-0.00390,0.83386,0.00535,0.55194,0.71411,-0.91668,0.14199,
1403638618527829504,2.17834,3.89764,0.76009,-0.00446,0.83329,0.00642,0.55278,0.74410,-0.88385,0.12407,
1403638618627829504,2.25437,3.81100,0.77201,-0.00179,0.83297,0.00452,0.55330,0.78243,-0.87136,0.10615,
1403638618727829504,2.33283,3.73109,0.78585,0.00245,0.83279,0.00218,0.55359,0.81286,-0.82674,0.14076,
1403638618827829504,2.41440,3.65518,0.80531,0.00381,0.83170,-0.00189,0.55521,0.84250,-0.77975,0.20668,
1403638618927829504,2.49883,3.58328,0.82938,0.00864,0.82917,-0.00740,0.55888,0.86902,-0.75599,0.22360,
1403638619027829504,2.58479,3.51348,0.84976,0.01731,0.82499,-0.01893,0.56456,0.87866,-0.73367,0.15391,
1403638619127829504,2.67080,3.44473,0.86244,0.03133,0.82174,-0.03499,0.56792,0.87135,-0.70106,0.07110,
1403638619227829504,2.75761,3.37780,0.86723,0.04509,0.81861,-0.05689,0.56975,0.87666,-0.67081,-0.00864,
1403638619327829504,2.84413,3.31386,0.86424,0.06059,0.81554,-0.08194,0.56966,0.86014,-0.64669,-0.11151,
1403638619427829504,2.92949,3.25296,0.85291,0.07389,0.81147,-0.10552,0.57002,0.85119,-0.60581,-0.14657,
1403638619527829504,3.01606,3.19605,0.83940,0.08222,0.80790,-0.12405,0.57021,0.85760,-0.56289,-0.16652,
1403638619627829504,3.10319,3.14068,0.82402,0.08501,0.80528,-0.13964,0.56991,0.85507,-0.53924,-0.20290,
1403638619727829504,3.19013,3.08599,0.80635,0.07955,0.80296,-0.15459,0.57011,0.82822,-0.54627,-0.21431,
1403638619827829504,3.27655,3.02720,0.78869,0.07718,0.80038,-0.16360,0.57155,0.80587,-0.57044,-0.22941,
1403638619927829504,3.35604,2.96708,0.76524,0.07771,0.79895,-0.16867,0.57201,0.76973,-0.61227,-0.25127,
1403638620027829504,3.43615,2.90053,0.74606,0.08032,0.79780,-0.17065,0.57266,0.73249,-0.65456,-0.23641,
1403638620127829504,3.50678,2.83128,0.72617,0.08361,0.79503,-0.17079,0.57599,0.68186,-0.69252,-0.15794,
1403638620227829504,3.57330,2.75755,0.71837,0.08626,0.79279,-0.17025,0.57884,0.62825,-0.72123,-0.08670,
1403638620327829504,3.62958,2.68539,0.71279,0.09037,0.79439,-0.16777,0.57674,0.55575,-0.74028,-0.00135,
1403638620427829504,3.67828,2.60977,0.71847,0.09164,0.79544,-0.16601,0.57560,0.49765,-0.75426,0.06221,
1403638620527829504,3.72326,2.53505,0.72390,0.09231,0.79665,-0.16386,0.57444,0.46281,-0.76900,0.04452,
1403638620627829504,3.76472,2.45910,0.72612,0.09046,0.79879,-0.16309,0.57197,0.43583,-0.78295,-0.00735,
1403638620727829504,3.80049,2.38021,0.72410,0.08663,0.80197,-0.16364,0.56795,0.39566,-0.79478,-0.06219,
1403638620827829504,3.83731,2.30150,0.71495,0.08543,0.80497,-0.16216,0.56430,0.37610,-0.81749,-0.09944,
1403638620927829504,3.87278,2.22063,0.70352,0.09045,0.80672,-0.15615,0.56271,0.36938,-0.82250,-0.13315,
1403638621027829504,3.90583,2.13838,0.69040,0.09506,0.80580,-0.15031,0.56485,0.35797,-0.82649,-0.14959,
1403638621127829504,3.93688,2.05879,0.67670,0.09563,0.80458,-0.14741,0.56726,0.34218,-0.80630,-0.10817,
1403638621227829504,3.96957,1.97744,0.67084,0.09519,0.80298,-0.14508,0.57019,0.34338,-0.79946,-0.03334,
1403638621327829504,4.00376,1.89857,0.67124,0.09673,0.80338,-0.14221,0.57009,0.34439,-0.78693,0.02844,
1403638621427829504,4.03445,1.82088,0.67100,0.09654,0.80216,-0.14013,0.57235,0.31035,-0.76501,-0.03196,
1403638621527829504,4.06220,1.74821,0.66441,0.09739,0.80007,-0.13778,0.57569,0.29642,-0.73254,-0.08996,
1403638621627829504,4.08978,1.67799,0.65288,0.09722,0.79837,-0.13646,0.57839,0.27243,-0.70511,-0.14039,
1403638621727829504,4.10927,1.61054,0.63688,0.09737,0.79750,-0.13538,0.57982,0.23692,-0.67574,-0.18245,
1403638621827829504,4.12803,1.54862,0.61710,0.09880,0.79514,-0.13392,0.58314,0.19232,-0.65196,-0.21050,
1403638621927829504,4.14190,1.49074,0.59484,0.10017,0.79166,-0.13247,0.58796,0.14902,-0.61099,-0.23912,
1403638622027829504,4.14261,1.44832,0.56947,0.09950,0.79010,-0.13264,0.59013,0.09540,-0.56269,-0.27200,
1403638622127829504,4.14353,1.40638,0.53995,0.09710,0.79073,-0.13492,0.58916,0.04773,-0.51438,-0.31340,
1403638622227829504,4.13585,1.37297,0.51166,0.09492,0.79104,-0.13678,0.58867,-0.01068,-0.48174,-0.27589,
1403638622327829504,4.12410,1.34065,0.48909,0.09284,0.79102,-0.13890,0.58854,-0.07145,-0.45484,-0.20862,
1403638622427829504,4.10317,1.32066,0.47597,0.09559,0.79187,-0.13843,0.58706,-0.15782,-0.41296,-0.11917,
1403638622527829504,4.08591,1.28396,0.46841,0.09858,0.79189,-0.13733,0.58680,-0.19801,-0.38963,-0.05905,
1403638622627829504,4.06293,1.25296,0.46877,0.10359,0.79028,-0.13491,0.58866,-0.24184,-0.35120,0.02218,
1403638622727829504,4.02926,1.23877,0.48387,0.10682,0.78223,-0.13366,0.59903,-0.30306,-0.29849,0.15431,
1403638622827829504,3.99488,1.21807,0.50327,0.10858,0.77254,-0.13345,0.61121,-0.34939,-0.24845,0.20419,
1403638622927829504,3.95157,1.21337,0.52716,0.10837,0.77258,-0.13484,0.61090,-0.45024,-0.17561,0.18483,
1403638623027829504,3.89884,1.21627,0.54617,0.10611,0.77876,-0.13790,0.60271,-0.53900,-0.11511,0.12651,
1403638623127829504,3.83687,1.22221,0.55871,0.10248,0.78451,-0.14151,0.59499,-0.60625,-0.06860,0.07721,
1403638623227829504,3.77022,1.23683,0.56734,0.09885,0.78760,-0.14454,0.59078,-0.67422,-0.03084,0.02456,
1403638623327829504,3.70051,1.24122,0.56806,0.09662,0.79107,-0.14640,0.58604,-0.71137,-0.02085,-0.01111,
1403638623427829504,3.62748,1.24289,0.56419,0.09689,0.79381,-0.14650,0.58224,-0.74938,-0.00762,-0.04382,
1403638623527829504,3.55221,1.24785,0.56021,0.09570,0.79436,-0.14740,0.58147,-0.77519,0.01396,-0.02872,
1403638623627829504,3.47271,1.24963,0.56041,0.09856,0.79372,-0.14619,0.58217,-0.81408,0.02081,0.04572,
1403638623727829504,3.39052,1.25293,0.56872,0.10040,0.79443,-0.14588,0.58097,-0.85865,0.02974,0.10770,
1403638623827829504,3.30296,1.25670,0.58172,0.10214,0.79527,-0.14563,0.57958,-0.90285,0.05151,0.15098,
1403638623927829504,3.21133,1.26201,0.59841,0.10382,0.79700,-0.14630,0.57673,-0.92669,0.06740,0.13216,
1403638624027829504,3.11744,1.27004,0.61071,0.10412,0.79768,-0.14756,0.57541,-0.94163,0.08603,0.07210,
1403638624127829504,3.02174,1.27800,0.61765,0.10193,0.79818,-0.15045,0.57436,-0.95919,0.09662,0.01911,
1403638624227829504,2.92527,1.28743,0.62013,0.09948,0.79814,-0.15343,0.57405,-0.97269,0.09505,-0.02382,
1403638624327829504,2.82797,1.29755,0.62170,0.09845,0.79745,-0.15543,0.57465,-0.97277,0.09213,-0.05000,
1403638624427829504,2.72921,1.30663,0.61349,0.09842,0.79720,-0.15679,0.57463,-0.99029,0.09116,-0.10036,
1403638624527829504,2.62975,1.31559,0.60231,0.09730,0.79407,-0.15927,0.57846,-1.00228,0.09074,-0.12054,
1403638624627829504,2.52796,1.32345,0.59244,0.09460,0.78442,-0.16187,0.59122,-1.03035,0.08677,-0.13921,
1403638624727829504,2.42097,1.33074,0.57594,0.09899,0.78674,-0.15511,0.58922,-1.08923,0.08840,-0.11437,
1403638624827829504,2.31409,1.33744,0.56978,0.10221,0.79362,-0.14535,0.58188,-1.11559,0.10335,-0.02989,
1403638624927829504,2.19980,1.34876,0.56952,0.09967,0.79800,-0.13991,0.57766,-1.14539,0.12894,0.03365,
1403638625027829504,2.08944,1.35889,0.57591,0.09240,0.79954,-0.13816,0.57716,-1.14697,0.13266,0.02973,
1403638625127829504,1.97403,1.37144,0.57814,0.08421,0.80056,-0.13877,0.57686,-1.14803,0.12311,-0.01008,
1403638625227829504,1.86441,1.38012,0.57818,0.08011,0.80172,-0.13788,0.57604,-1.14613,0.11176,-0.03843,
1403638625327829504,1.74904,1.38912,0.57345,0.07881,0.80200,-0.13644,0.57617,-1.14546,0.09412,-0.05292,
1403638625427829504,1.63938,1.39460,0.57331,0.07832,0.80184,-0.13523,0.57674,-1.13748,0.07379,0.01441,
1403638625527829504,1.52437,1.40106,0.57715,0.07828,0.80164,-0.13477,0.57714,-1.13752,0.06035,0.06950,
1403638625627829504,1.41036,1.40516,0.58799,0.07884,0.80311,-0.13456,0.57506,-1.13196,0.04094,0.12591,
1403638625727829504,1.30174,1.40584,0.60605,0.07778,0.80608,-0.13527,0.57087,-1.13036,0.02775,0.15270,
1403638625827829504,1.18897,1.40883,0.61976,0.07718,0.81044,-0.13624,0.56451,-1.11210,0.01069,0.10898,
1403638625927829504,1.08147,1.40664,0.63172,0.07839,0.81147,-0.13599,0.56293,-1.08264,-0.01324,0.07879,
1403638626027829504,0.97505,1.40300,0.63613,0.07834,0.81224,-0.13705,0.56155,-1.06574,-0.02756,0.01748,
1403638626127829504,0.86820,1.40004,0.63544,0.07668,0.81268,-0.13898,0.56068,-1.03046,-0.05137,-0.01599,
1403638626227829504,0.76425,1.39490,0.62975,0.07828,0.81253,-0.13839,0.56083,-1.01240,-0.07296,-0.06574,
1403638626327829504,0.66555,1.38671,0.62022,0.08462,0.81055,-0.13459,0.56368,-0.98788,-0.08768,-0.09454,
1403638626427829504,0.56764,1.37948,0.60799,0.09022,0.80833,-0.13053,0.56695,-0.96842,-0.07108,-0.12774,
1403638626527829504,0.47208,1.37289,0.59229,0.09168,0.80960,-0.12914,0.56521,-0.94942,-0.06467,-0.14313,
1403638626627829504,0.37821,1.37052,0.57439,0.09064,0.81169,-0.12993,0.56219,-0.92494,-0.04194,-0.14954,
1403638626727829504,0.28841,1.36738,0.56051,0.08903,0.81454,-0.13066,0.55815,-0.89568,-0.03018,-0.11082,
1403638626827829504,0.20278,1.36414,0.55198,0.08742,0.81775,-0.13162,0.55346,-0.82070,-0.04005,-0.01385,
1403638626927829504,0.12311,1.36057,0.55410,0.08748,0.82001,-0.13113,0.55021,-0.75617,-0.04251,0.06441,
1403638627027829504,0.04906,1.35819,0.55610,0.08689,0.82006,-0.13102,0.55026,-0.71074,-0.04023,0.04738,
1403638627127829504,-0.01929,1.35377,0.55695,0.08615,0.81986,-0.13087,0.55072,-0.66432,-0.04786,0.00676,
1403638627227829504,-0.08145,1.34713,0.55330,0.08553,0.81976,-0.13069,0.55100,-0.62050,-0.05722,-0.02911,
1403638627327829504,-0.13727,1.34088,0.54647,0.08816,0.81977,-0.12845,0.55110,-0.57272,-0.05562,-0.05860,
1403638627427829504,-0.18927,1.33600,0.53774,0.08936,0.81964,-0.12744,0.55133,-0.51643,-0.06056,-0.08727,
1403638627527829504,-0.22048,1.32856,0.51808,0.08910,0.81939,-0.12776,0.55167,-0.46690,-0.05794,-0.10994,
1403638627627829504,-0.26185,1.32428,0.50600,0.09233,0.81732,-0.12633,0.55453,-0.42532,-0.05038,-0.11640,
1403638627727829504,-0.29661,1.32157,0.49210,0.09322,0.81426,-0.12618,0.55889,-0.39108,-0.04050,-0.12805,
1403638627827829504,-0.32635,1.32007,0.47686,0.09443,0.81294,-0.12595,0.56067,-0.36036,-0.02693,-0.13536,
1403638627927829504,-0.35988,1.31911,0.46389,0.09528,0.81409,-0.12592,0.55886,-0.33752,-0.00672,-0.14141,
1403638628027829504,-0.33649,1.33072,0.43722,0.09696,0.81574,-0.12611,0.55612,-0.28505,0.01853,-0.13379,
1403638628127829504,-0.36723,1.33247,0.42693,0.09754,0.81669,-0.12664,0.55450,-0.25665,0.03429,-0.11491,
1403638628227829504,-0.39311,1.33421,0.41797,0.09787,0.81680,-0.12736,0.55410,-0.22222,0.05013,-0.09462,
1403638628327829504,-0.38384,1.34720,0.40225,0.09773,0.81753,-0.12863,0.55276,-0.16248,0.06828,-0.07034,
1403638628427829504,-0.39288,1.35665,0.39684,0.09526,0.81714,-0.13076,0.55328,-0.12228,0.08513,-0.05674,
1403638628527829504,-0.39559,1.36718,0.39419,0.08685,0.81141,-0.13722,0.56147,-0.09069,0.09146,-0.01216,
1403638628627829504,-0.39921,1.37696,0.39413,0.08045,0.80468,-0.14204,0.57082,-0.09521,0.07530,-0.00135,
1403638628727829504,-0.40483,1.38397,0.39371,0.07796,0.80422,-0.14383,0.57137,-0.10781,0.04690,-0.03118,
1403638628827829504,-0.40188,1.39198,0.38311,0.08169,0.80567,-0.14184,0.56930,-0.10846,0.02388,-0.09263,
1403638628927829504,-0.40638,1.39485,0.37310,0.08615,0.80572,-0.13950,0.56915,-0.10435,0.00434,-0.12248,
1403638629027829504,-0.41655,1.39737,0.36315,0.09117,0.80668,-0.13608,0.56783,-0.10118,0.00263,-0.09882,
1403638629127829504,-0.42730,1.39941,0.35593,0.09466,0.80796,-0.13335,0.56610,-0.09097,0.00704,-0.06091,
1403638629227829504,-0.43317,1.40335,0.35073,0.09641,0.80897,-0.13186,0.56471,-0.08561,0.02479,-0.03563,
1403638629327829504,-0.43326,1.41278,0.34476,0.09779,0.80980,-0.13123,0.56341,-0.07301,0.04402,-0.02031,
1403638629427829504,-0.43747,1.41881,0.34352,0.09743,0.81391,-0.13213,0.55731,-0.05218,0.05476,-0.01381,
1403638629527829504,-0.43926,1.42554,0.34360,0.09476,0.81857,-0.13471,0.55028,-0.01043,0.06768,-0.00222,
1403638629627829504,-0.44060,1.43941,0.34654,0.08786,0.81892,-0.14027,0.54952,0.02781,0.06866,0.01045,
1403638629727829504,-0.44406,1.44850,0.34424,0.07774,0.81494,-0.14808,0.55488,0.05144,0.03926,0.03446,
1403638629827829504,-0.44069,1.45194,0.34621,0.07375,0.80894,-0.15142,0.56325,0.06525,0.00383,-0.00049,
1403638629927829504,-0.43561,1.45092,0.33961,0.07880,0.80275,-0.14881,0.57204,0.05117,-0.03945,-0.08513,
1403638630027829504,-0.43141,1.44648,0.32562,0.08957,0.79682,-0.14168,0.58050,0.02093,-0.04965,-0.18806,
1403638630127829504,-0.42965,1.44220,0.30072,0.09609,0.79714,-0.13696,0.58015,-0.00324,-0.02626,-0.28742,
1403638630227829504,-0.43189,1.44074,0.26926,0.09877,0.80119,-0.13480,0.57460,-0.04236,-0.00473,-0.35366,
1403638630327829504,-0.43569,1.44013,0.23159,0.10131,0.80784,-0.13430,0.56489,-0.04436,0.01367,-0.40576,
1403638630427829504,-0.42783,1.44375,0.22962,0.08672,0.81413,-0.14062,0.55669,0.11190,0.00780,0.16552,
1403638630527829504,-0.41780,1.44470,0.23772,0.09563,0.80445,-0.13348,0.57088,0.08861,0.01778,-0.03228,
1403638630627829504,-0.40921,1.44692,0.22581,0.09646,0.80364,-0.13392,0.57178,0.07705,0.01719,-0.25980,
1403638630727829504,-0.40564,1.44650,0.20742,0.08752,0.82976,-0.12683,0.53643,0.01447,-0.01212,-0.00999,
1403638630827829504,-0.41372,1.44462,0.20285,0.09192,0.82724,-0.12885,0.53909,-0.08042,0.00764,0.00296,
1403638630927829504,-0.41921,1.44762,0.19720,0.09105,0.82806,-0.12712,0.53839,-0.08319,0.02137,-0.05945,
1403638631027829504,-0.42672,1.44877,0.19207,0.09059,0.82829,-0.12743,0.53804,-0.08593,0.01822,-0.05172,
1403638631127829504,-0.43419,1.44974,0.18727,0.09017,0.82833,-0.12781,0.53796,-0.06707,0.01100,-0.04958,
1403638631227829504,-0.44230,1.45076,0.18260,0.09037,0.82834,-0.12771,0.53793,-0.07813,0.01218,-0.04446,
1403638631327829504,-0.44994,1.45160,0.17829,0.09038,0.82824,-0.12780,0.53807,-0.08054,0.00893,-0.04171,
1403638631427829504,-0.45806,1.45249,0.17398,0.09061,0.82826,-0.12766,0.53804,-0.08072,0.01110,-0.04154,
1403638631527829504,-0.46611,1.45331,0.16999,0.09065,0.82835,-0.12779,0.53785,-0.08624,0.01154,-0.04247,
1403638631627829504,-0.47418,1.45404,0.16608,0.09089,0.82843,-0.12766,0.53772,-0.07752,0.00947,-0.03791,
